/*
 Navicat Premium Data Transfer

 Source Server         : HK-root
 Source Server Type    : MariaDB
 Source Server Version : 50560
 Source Host           : xis7707.com:3306
 Source Schema         : Huobi

 Target Server Type    : MariaDB
 Target Server Version : 50560
 File Encoding         : 65001

 Date: 05/07/2019 13:42:19
*/

SET NAMES utf8mb4;
SET FOREIGN_KEY_CHECKS = 0;

-- ----------------------------
-- Table structure for T_Article
-- ----------------------------
DROP TABLE IF EXISTS `T_Article`;
CREATE TABLE `T_Article`  (
  `ArticleId` varchar(50) CHARACTER SET utf8 COLLATE utf8_general_ci NOT NULL,
  `CreateTime` datetime(0) NOT NULL COMMENT '发布时间',
  PRIMARY KEY (`ArticleId`) USING BTREE
) ENGINE = InnoDB CHARACTER SET = utf8 COLLATE = utf8_general_ci ROW_FORMAT = Compact;

-- ----------------------------
-- Records of T_Article
-- ----------------------------
INSERT INTO `T_Article` VALUES ('15615616181254671', '2019-06-26 23:06:58');
INSERT INTO `T_Article` VALUES ('15617714976052143', '2019-06-29 09:24:57');
INSERT INTO `T_Article` VALUES ('15618068740849735', '2019-06-29 19:14:34');
INSERT INTO `T_Article` VALUES ('15618071834831907', '2019-06-29 19:19:43');
INSERT INTO `T_Article` VALUES ('15618075279679450', '2019-06-29 19:25:27');
INSERT INTO `T_Article` VALUES ('15618077012926141', '2019-06-29 19:28:21');
INSERT INTO `T_Article` VALUES ('15618077785212680', '2019-06-29 19:29:38');
INSERT INTO `T_Article` VALUES ('15618078724787043', '2019-06-29 19:31:12');
INSERT INTO `T_Article` VALUES ('15618081043665592', '2019-06-29 19:35:04');
INSERT INTO `T_Article` VALUES ('15618098505875100', '2019-06-29 20:04:10');
INSERT INTO `T_Article` VALUES ('15618711966404985', '2019-06-30 13:06:36');
INSERT INTO `T_Article` VALUES ('15618713417879782', '2019-06-30 13:09:01');
INSERT INTO `T_Article` VALUES ('15618714330646043', '2019-06-30 13:10:33');
INSERT INTO `T_Article` VALUES ('15618714719012156', '2019-06-30 13:11:11');
INSERT INTO `T_Article` VALUES ('15618715227391633', '2019-06-30 13:12:02');
INSERT INTO `T_Article` VALUES ('15618715600895363', '2019-06-30 13:12:40');
INSERT INTO `T_Article` VALUES ('15618794441984270', '2019-06-30 15:24:04');
INSERT INTO `T_Article` VALUES ('15618795102169001', '2019-06-30 15:25:10');
INSERT INTO `T_Article` VALUES ('15618795414006202', '2019-06-30 15:25:41');
INSERT INTO `T_Article` VALUES ('15620580915905218', '2019-07-02 17:01:31');
INSERT INTO `T_Article` VALUES ('15620642835631259', '2019-07-02 18:44:43');
INSERT INTO `T_Article` VALUES ('15620670123506606', '2019-07-02 19:30:12');
INSERT INTO `T_Article` VALUES ('15620670839187192', '2019-07-02 19:31:23');
INSERT INTO `T_Article` VALUES ('15620672534068797', '2019-07-02 19:34:13');
INSERT INTO `T_Article` VALUES ('15620673684588102', '2019-07-02 19:36:08');
INSERT INTO `T_Article` VALUES ('15620674436657737', '2019-07-02 19:37:23');
INSERT INTO `T_Article` VALUES ('15620674856913720', '2019-07-02 19:38:05');
INSERT INTO `T_Article` VALUES ('15620675224118602', '2019-07-02 19:38:42');
INSERT INTO `T_Article` VALUES ('15620676327055204', '2019-07-02 19:40:32');
INSERT INTO `T_Article` VALUES ('15620676688249885', '2019-07-02 19:41:08');
INSERT INTO `T_Article` VALUES ('15620677017775552', '2019-07-02 19:41:41');
INSERT INTO `T_Article` VALUES ('15620677443229287', '2019-07-02 19:42:24');
INSERT INTO `T_Article` VALUES ('15620677825394533', '2019-07-02 19:43:02');
INSERT INTO `T_Article` VALUES ('15620678106222102', '2019-07-02 19:43:30');
INSERT INTO `T_Article` VALUES ('15620678481124577', '2019-07-02 19:44:08');
INSERT INTO `T_Article` VALUES ('15620678818224961', '2019-07-02 19:44:41');
INSERT INTO `T_Article` VALUES ('15620679078855222', '2019-07-02 19:45:07');
INSERT INTO `T_Article` VALUES ('15620679393689577', '2019-07-02 19:45:39');
INSERT INTO `T_Article` VALUES ('15620680541587761', '2019-07-02 19:47:34');
INSERT INTO `T_Article` VALUES ('15620681216805942', '2019-07-02 19:48:41');
INSERT INTO `T_Article` VALUES ('15620681843149658', '2019-07-02 19:49:44');
INSERT INTO `T_Article` VALUES ('15620722662899011', '2019-07-02 20:57:46');
INSERT INTO `T_Article` VALUES ('15622043156588216', '2019-07-04 09:38:35');
INSERT INTO `T_Article` VALUES ('15622057638868505', '2019-07-04 10:02:43');
INSERT INTO `T_Article` VALUES ('15622073348241501', '2019-07-04 10:28:54');
INSERT INTO `T_Article` VALUES ('15622079075906383', '2019-07-04 10:38:27');
INSERT INTO `T_Article` VALUES ('15622082720603195', '2019-07-04 10:44:32');
INSERT INTO `T_Article` VALUES ('15622087544754923', '2019-07-04 10:52:34');
INSERT INTO `T_Article` VALUES ('15622092436691961', '2019-07-04 11:00:43');
INSERT INTO `T_Article` VALUES ('15622104543908272', '2019-07-04 11:20:54');
INSERT INTO `T_Article` VALUES ('15622106228232305', '2019-07-04 11:23:42');
INSERT INTO `T_Article` VALUES ('15622208650813622', '2019-07-04 14:14:25');
INSERT INTO `T_Article` VALUES ('15622214199678186', '2019-07-04 14:23:39');
INSERT INTO `T_Article` VALUES ('15622440958158043', '2019-07-04 20:41:35');
INSERT INTO `T_Article` VALUES ('15622937208503529', '2019-07-05 10:28:40');

-- ----------------------------
-- Table structure for T_ArticleLang
-- ----------------------------
DROP TABLE IF EXISTS `T_ArticleLang`;
CREATE TABLE `T_ArticleLang`  (
  `ArticleLangId` varchar(50) CHARACTER SET utf8 COLLATE utf8_general_ci NOT NULL COMMENT '文章语言主键',
  `Title` varchar(255) CHARACTER SET utf8 COLLATE utf8_general_ci NOT NULL COMMENT '文章标题',
  `Content` text CHARACTER SET utf8 COLLATE utf8_general_ci NOT NULL COMMENT '文章内容',
  `Commentable` bit(1) NOT NULL DEFAULT b'0' COMMENT '是否可评论\r\n0不可评论\r\n1可评论',
  `Flag` bit(1) NOT NULL DEFAULT b'0' COMMENT '星标\r\n0无标记\r\n1有标记',
  `ArticleId` varchar(50) CHARACTER SET utf8 COLLATE utf8_general_ci NOT NULL COMMENT '文章主键',
  `UserId` varchar(50) CHARACTER SET utf8 COLLATE utf8_general_ci NOT NULL COMMENT '用户id',
  `UpdateTime` datetime(0) NOT NULL COMMENT '更新时间',
  `CreateTime` datetime(0) NOT NULL COMMENT '发布时间',
  `TypeId` int(11) UNSIGNED NOT NULL COMMENT '文章类型id\r\n[300000,399999]',
  PRIMARY KEY (`ArticleLangId`) USING BTREE,
  INDEX `TypeId`(`TypeId`) USING BTREE,
  INDEX `UserId`(`UserId`) USING BTREE,
  INDEX `T_ArticleLang_ibfk_5`(`ArticleId`) USING BTREE,
  CONSTRAINT `T_ArticleLang_ibfk_5` FOREIGN KEY (`ArticleId`) REFERENCES `T_Article` (`ArticleId`) ON DELETE CASCADE ON UPDATE RESTRICT,
  CONSTRAINT `T_ArticleLang_ibfk_3` FOREIGN KEY (`TypeId`) REFERENCES `T_Type` (`TypeId`) ON DELETE RESTRICT ON UPDATE RESTRICT,
  CONSTRAINT `T_ArticleLang_ibfk_4` FOREIGN KEY (`UserId`) REFERENCES `T_User` (`UserId`) ON DELETE RESTRICT ON UPDATE CASCADE
) ENGINE = InnoDB CHARACTER SET = utf8 COLLATE = utf8_general_ci ROW_FORMAT = Compact;

-- ----------------------------
-- Records of T_ArticleLang
-- ----------------------------
INSERT INTO `T_ArticleLang` VALUES ('15615616183587145', '关于出让FastTrack第二轮上币项目NKN所得HT的销毁公告', '尊敬的用户，\n\n根据“FastTrack第二轮投票细则”，火币全球站已于新加坡时间2019年6月20日22时对出让FastTrack第二轮上币项目NKN所得全部HT进行销毁操作，本次共计销毁 135141 HT。\n\n点击查看销毁记录：https://huobiglobal.zendesk.com/hc/zh-cn/articles/360000263422\n\n火币全球站\n2019年6月20日', b'0', b'1', '15615616181254671', '1561561460091', '2019-06-13 12:16:46', '2019-06-13 12:16:46', 300001);
INSERT INTO `T_ArticleLang` VALUES ('15616519232022650', 'Announcement on the Destruction of HT Received during FastTrack 2nd Round of Voting', 'Dear users,\n\nAccording to “FastTrack 2nd Round of Voting Premieres”, Huobi Global has destructed all the HT received during the 2nd round of voting at 22:03:09 on June 20, 2019 (GMT+8). The total is 135141 HT.\n\nDestruction record: https://huobiglobal.zendesk.com/hc/en-us/articles/360000263422\n\nHuobi Global\nJune 20, 2019', b'0', b'1', '15615616181254671', '1561561460091', '2019-06-28 12:16:46', '2019-06-28 00:12:03', 300224);
INSERT INTO `T_ArticleLang` VALUES ('15617714976584947', '关于杠杆借贷费率调整为按小时计息的公告', '尊敬的用户，\n\n为满足杠杆用户更精细化的借贷需求，火币全球站将于新加坡时间6月28日11:00调整杠杆借贷计息规则，原“按日计息”将更改为“按小时计息”。\n\n最新计息规则如下：\n1、用户借贷时，将按小时计息，每小时利息=原日息率/24*总借贷额。\n2、用户借贷时，将计算第1小时利息（不足1小时按1小时计息）。\n3、用户借贷后，每隔1小时将进行一次计息，并累加利息金额（单利计息）。\n4、如用户持有点卡，每次计息时将自动使用点卡抵扣利息，1点卡抵扣1USDT等值的利息。\n5、用户主动归还时，无法使用点卡抵扣利息。\n\n风险提示：\n数字资产是一种创新产品，价格波动较大，请您理性判断自己的风险承担能力，审慎做出决策。\n\n祝您交易愉快！\n\n火币全球站\n2019年6月26日', b'0', b'0', '15617714976052143', '1561561460091', '2019-06-29 09:24:57', '2019-06-29 09:24:57', 300001);
INSERT INTO `T_ArticleLang` VALUES ('15617720023506057', 'Hourly Interest Rate Calculation of Margin Trading Will Go Live!', 'Dear users,\n\nTo meet users\' elaborate demands of margin trading, the interest calculation will be adjusted from \"Daily\" to \"Hourly\" at 11:00 on June 28, 2019 (GMT+8).\n\nThe latest rules are as follows:\n1. The hourly loan interest = Existing daily interest rate / 24 *  loan amounts.\n2. The interest for the first hour counts as the loan begins.\n3. One hour/60 minutes is considered as a unit. Any time less than 60 minutes will be considered as one hour. Interest is charged every hour (Simple interest).\n4. If an available Point Card for the account is detected by the system, it will automatically pay the interest (1 pts = 1 USDT fee).\n5. If you want to repay the loan in advance, you will not be able to use Point Cards to deduct the interest.\n\nRisk Reminder: Trading in digital assets comes with high risks due to huge price fluctuations. Before trading, please have a full understanding of all the risks of trading in digital assets and be prudent of your own decisions.\n\nEnjoy your trading!\n\nHuobi Global\nJune 26, 2019', b'0', b'0', '15617714976052143', '1561561460091', '2019-06-29 09:33:22', '2019-06-29 09:33:22', 300224);
INSERT INTO `T_ArticleLang` VALUES ('15618068741348644', '手续费改革方案征求稿', '<p>尊敬的用户：</p>\n\n<p>自宣布推出《阶梯手续费率制度并支持HT抵扣手续费方案（征求意见稿）》以来，得到广大用户的积极反馈。在紧张有序的推进下，正式方案现已制定完成。在此，特别感谢在此过程给予我们支持与帮助的广大用户。</p>\n\n<p>火币全球站拟于7月1日中午12:00（GMT+8）正式施行阶梯手续费率制度并支持HT抵扣手续费功能。首期阶梯手续费费率及HT抵扣仅涉及币币交易（含杠杆交易），后续将陆续支持杠杆阶梯利率、OTC、合约等业务。</p>\n\n<p>根据部分用户建议，为了更好地实现新老方案过渡，拟于2019年7月1日至7月21日采用邀请开通的方式，逐步扩大邀请用户范围，7月22日将对全量用户开放。在此期间，非邀请用户交易手续费率将保持不变。</p>\n\n<p>阶梯手续费率及HT抵扣手续费相关细则如下：</p>\n\n<p><strong>普通用户</strong></p>\n\n<table border=\"1\">\n	<tbody>\n		<tr>\n			<td><strong>用户类型</strong></td>\n			<td><strong>等级</strong></td>\n			<td><strong>近30天交易量（BTC）</strong></td>\n			<td><strong>基础费率</strong></td>\n			<td><strong>HT</strong><strong>持仓</strong></td>\n			<td colspan=\"2\"><strong>HT</strong><strong>抵扣模式</strong></td>\n		</tr>\n		<tr>\n			<td rowspan=\"6\">普通用户</td>\n			<td>1</td>\n			<td rowspan=\"6\">&lt; 1000 BTC</td>\n			<td rowspan=\"6\">0.20%</td>\n			<td><strong>&ge;10HT</strong></td>\n			<td>0.1800%</td>\n			<td>9折</td>\n		</tr>\n		<tr>\n			<td>2</td>\n			<td><strong>&ge;100HT</strong></td>\n			<td>0.1600%</td>\n			<td>8折</td>\n		</tr>\n		<tr>\n			<td>3</td>\n			<td><strong>&ge;500HT</strong></td>\n			<td>0.1200%</td>\n			<td>6折</td>\n		</tr>\n		<tr>\n			<td>4</td>\n			<td><strong>&ge;1000HT</strong></td>\n			<td>0.0900%</td>\n			<td>4.5折</td>\n		</tr>\n		<tr>\n			<td>5</td>\n			<td><strong>&ge;2000HT</strong></td>\n			<td>0.0800%</td>\n			<td>4折</td>\n		</tr>\n		<tr>\n			<td>6</td>\n			<td><strong>&ge;5000HT</strong></td>\n			<td>0.0700%</td>\n			<td>3.5折</td>\n		</tr>\n	</tbody>\n</table>\n\n<p>* 普通用户仍可享受返佣政策，但单一被邀请人可提供的累计拉新返佣不超过5000点（火币&ldquo;超级火伴&rdquo;不设置返佣上限），USDT返佣与点卡按1:1合计，HT按当天市场价折算。</p>\n\n<p><strong>专业用户</strong></p>\n\n<table border=\"1\">\n	<tbody>\n		<tr>\n			<td rowspan=\"2\"><strong>用户 类型</strong></td>\n			<td rowspan=\"2\"><strong>等级</strong></td>\n			<td><strong>近30天交易量（BTC）</strong></td>\n			<td><strong>HT持仓</strong></td>\n			<td colspan=\"2\"><strong>基础阶梯费率</strong></td>\n			<td colspan=\"2\"><strong>基础HT抵扣模式</strong><br />\n			<strong>(75折)</strong></td>\n			<td colspan=\"2\"><strong>持有10万HT</strong><br />\n			<strong>(65折)</strong></td>\n		</tr>\n		<tr>\n			<td colspan=\"2\"><strong>（需同时满足）</strong></td>\n			<td><strong>挂单（Maker）</strong></td>\n			<td><strong>吃单（Taker）</strong></td>\n			<td><strong>挂单（Maker）</strong></td>\n			<td><strong>吃单（Taker）</strong></td>\n			<td><strong>挂单（Maker）</strong></td>\n			<td><strong>吃单（Taker）</strong></td>\n		</tr>\n		<tr>\n			<td rowspan=\"9\">专业<br />\n			用户</td>\n			<td>1</td>\n			<td>&ge; 1000 BTC</td>\n			<td>&ge;5000HT</td>\n			<td>0.0700%</td>\n			<td>0.0850%</td>\n			<td>0.0525%</td>\n			<td>0.0638%</td>\n			<td>0.0455%</td>\n			<td>0.0553%</td>\n		</tr>\n		<tr>\n			<td>2</td>\n			<td>&ge; 1500 BTC</td>\n			<td>&ge;10000HT</td>\n			<td>0.0650%</td>\n			<td>0.0800%</td>\n			<td>0.0488%</td>\n			<td>0.0600%</td>\n			<td>0.0423%</td>\n			<td>0.0520%</td>\n		</tr>\n		<tr>\n			<td>3</td>\n			<td>&ge; 5000 BTC</td>\n			<td>&ge;15000HT</td>\n			<td>0.0600%</td>\n			<td>0.0750%</td>\n			<td>0.0450%</td>\n			<td>0.0563%</td>\n			<td>0.0390%</td>\n			<td>0.0488%</td>\n		</tr>\n		<tr>\n			<td>4</td>\n			<td>&ge; 10000 BTC</td>\n			<td>&ge;20000HT</td>\n			<td>0.0550%</td>\n			<td>0.0700%</td>\n			<td>0.0413%</td>\n			<td>0.0525%</td>\n			<td>0.0358%</td>\n			<td>0.0455%</td>\n		</tr>\n		<tr>\n			<td>5</td>\n			<td>&ge; 15000 BTC</td>\n			<td>&ge;25000HT</td>\n			<td>0.0500%</td>\n			<td>0.0650%</td>\n			<td>0.0375%</td>\n			<td>0.0488%</td>\n			<td>0.0325%</td>\n			<td>0.0423%</td>\n		</tr>\n		<tr>\n			<td>6</td>\n			<td>&ge; 20000 BTC</td>\n			<td>&ge;30000HT</td>\n			<td>0.0450%</td>\n			<td>0.0600%</td>\n			<td>0.0338%</td>\n			<td>0.0450%</td>\n			<td>0.0293%</td>\n			<td>0.0390%</td>\n		</tr>\n		<tr>\n			<td>7</td>\n			<td>&ge; 40000 BTC</td>\n			<td>&ge;35000HT</td>\n			<td>0.0350%</td>\n			<td>0.0500%</td>\n			<td>0.0263%</td>\n			<td>0.0375%</td>\n			<td>0.0228%</td>\n			<td>0.0325%</td>\n		</tr>\n		<tr>\n			<td>8</td>\n			<td>&ge; 80000 BTC</td>\n			<td>&ge;40000HT</td>\n			<td>0.0250%</td>\n			<td>0.0400%</td>\n			<td>0.0188%</td>\n			<td>0.0300%</td>\n			<td>0.0163%</td>\n			<td>0.0260%</td>\n		</tr>\n		<tr>\n			<td>9</td>\n			<td>&ge;150000 BTC</td>\n			<td>&ge;50000HT</td>\n			<td>0.0150%</td>\n			<td>0.0300%</td>\n			<td>0.0113%</td>\n			<td>0.0225%</td>\n			<td>0.0098%</td>\n			<td>0.0195%</td>\n		</tr>\n	</tbody>\n</table>\n\n<p>*专业用户不享受返佣政策</p>\n\n<p><strong>HT持仓量及交易量：</strong><br />\n每日0:00（GMT+8）系统计算用户近30天的交易额（折合为BTC），用户每日HT持仓量取系统前一天HT的随机快照，每日4:00（GMT+8）自动更新手续费等级和费率，BTC折算规则为取每日0:00（GMT+8）BTC交易对的收盘价进行折算。</p>\n\n<p><strong>阶梯手续费率使用规则：</strong>&nbsp;<br />\n1、 阶梯手续费率目前只适用于币币交易（含杠杆交易），并且只针对交易手续费，暂不支持提币手续费、HB10换入换出手续费、杠杆利率、OTC、合约等其他业务的费率；<br />\n2、 阶梯手续费率制度及HT抵扣手续费功能上线后，官方将不再发售点卡。存量点卡仍可正常使用，但不享受阶梯手续费率；<br />\n3、 上线前账户中有点卡余额的，仍旧默认使用点卡抵扣手续费模式，需手动打开HT抵扣功能方可切换至阶梯手续费率及HT抵扣手续费模式。<br />\n4、 杠杆利息仍可使用点卡进行抵扣；</p>\n\n<p>火币全球站诚邀您体验阶梯手续费率。期待此次升级调整能给您带来更好的交易体验！</p>\n\n<p><strong>相关术语解释：</strong><br />\n挂单（Maker）：挂单指的是以指定价格下单，未立即与订单簿中其他订单成交，而是进入订单列表，等待交易对手单的行为；<br />\n吃单（Taker）：吃单指的是以指定的价格（同时订单簿中存在相同价格）下单，并立即与订单簿中的其他订单成交的行为。</p>\n\n<p>火币全球站<br />\n2019年6月24日</p>\n', b'0', b'0', '15618068740849735', '1561806305762', '2019-06-29 19:14:34', '2019-06-29 19:14:34', 300001);
INSERT INTO `T_ArticleLang` VALUES ('15618071834851503', '火币全球站关于推出阶梯手续费率制度并支持HT抵扣手续费方案的正式公告', '<p>尊敬的用户：</p>\n\n<p>自宣布推出《阶梯手续费率制度并支持HT抵扣手续费方案（征求意见稿）》以来，得到广大用户的积极反馈。在紧张有序的推进下，正式方案现已制定完成。在此，特别感谢在此过程给予我们支持与帮助的广大用户。</p>\n\n<p>火币全球站拟于7月1日中午12:00（GMT+8）正式施行阶梯手续费率制度并支持HT抵扣手续费功能。首期阶梯手续费费率及HT抵扣仅涉及币币交易（含杠杆交易），后续将陆续支持杠杆阶梯利率、OTC、合约等业务。</p>\n\n<p>根据部分用户建议，为了更好地实现新老方案过渡，拟于2019年7月1日至7月21日采用邀请开通的方式，逐步扩大邀请用户范围，7月22日将对全量用户开放。在此期间，非邀请用户交易手续费率将保持不变。</p>\n\n<p>阶梯手续费率及HT抵扣手续费相关细则如下：</p>\n\n<p><strong>普通用户</strong></p>\n\n<table border=\"1\">\n	<tbody>\n		<tr>\n			<td><strong>用户类型</strong></td>\n			<td><strong>等级</strong></td>\n			<td><strong>近30天交易量（BTC）</strong></td>\n			<td><strong>基础费率</strong></td>\n			<td><strong>HT</strong><strong>持仓</strong></td>\n			<td colspan=\"2\"><strong>HT</strong><strong>抵扣模式</strong></td>\n		</tr>\n		<tr>\n			<td rowspan=\"6\">普通用户</td>\n			<td>1</td>\n			<td rowspan=\"6\">&lt; 1000 BTC</td>\n			<td rowspan=\"6\">0.20%</td>\n			<td><strong>&ge;10HT</strong></td>\n			<td>0.1800%</td>\n			<td>9折</td>\n		</tr>\n		<tr>\n			<td>2</td>\n			<td><strong>&ge;100HT</strong></td>\n			<td>0.1600%</td>\n			<td>8折</td>\n		</tr>\n		<tr>\n			<td>3</td>\n			<td><strong>&ge;500HT</strong></td>\n			<td>0.1200%</td>\n			<td>6折</td>\n		</tr>\n		<tr>\n			<td>4</td>\n			<td><strong>&ge;1000HT</strong></td>\n			<td>0.0900%</td>\n			<td>4.5折</td>\n		</tr>\n		<tr>\n			<td>5</td>\n			<td><strong>&ge;2000HT</strong></td>\n			<td>0.0800%</td>\n			<td>4折</td>\n		</tr>\n		<tr>\n			<td>6</td>\n			<td><strong>&ge;5000HT</strong></td>\n			<td>0.0700%</td>\n			<td>3.5折</td>\n		</tr>\n	</tbody>\n</table>\n\n<p>* 普通用户仍可享受返佣政策，但单一被邀请人可提供的累计拉新返佣不超过5000点（火币&ldquo;超级火伴&rdquo;不设置返佣上限），USDT返佣与点卡按1:1合计，HT按当天市场价折算。</p>\n\n<p><strong>专业用户</strong></p>\n\n<table border=\"1\">\n	<tbody>\n		<tr>\n			<td rowspan=\"2\"><strong>用户 类型</strong></td>\n			<td rowspan=\"2\"><strong>等级</strong></td>\n			<td><strong>近30天交易量（BTC）</strong></td>\n			<td><strong>HT持仓</strong></td>\n			<td colspan=\"2\"><strong>基础阶梯费率</strong></td>\n			<td colspan=\"2\"><strong>基础HT抵扣模式</strong><br />\n			<strong>(75折)</strong></td>\n			<td colspan=\"2\"><strong>持有10万HT</strong><br />\n			<strong>(65折)</strong></td>\n		</tr>\n		<tr>\n			<td colspan=\"2\"><strong>（需同时满足）</strong></td>\n			<td><strong>挂单（Maker）</strong></td>\n			<td><strong>吃单（Taker）</strong></td>\n			<td><strong>挂单（Maker）</strong></td>\n			<td><strong>吃单（Taker）</strong></td>\n			<td><strong>挂单（Maker）</strong></td>\n			<td><strong>吃单（Taker）</strong></td>\n		</tr>\n		<tr>\n			<td rowspan=\"9\">专业<br />\n			用户</td>\n			<td>1</td>\n			<td>&ge; 1000 BTC</td>\n			<td>&ge;5000HT</td>\n			<td>0.0700%</td>\n			<td>0.0850%</td>\n			<td>0.0525%</td>\n			<td>0.0638%</td>\n			<td>0.0455%</td>\n			<td>0.0553%</td>\n		</tr>\n		<tr>\n			<td>2</td>\n			<td>&ge; 1500 BTC</td>\n			<td>&ge;10000HT</td>\n			<td>0.0650%</td>\n			<td>0.0800%</td>\n			<td>0.0488%</td>\n			<td>0.0600%</td>\n			<td>0.0423%</td>\n			<td>0.0520%</td>\n		</tr>\n		<tr>\n			<td>3</td>\n			<td>&ge; 5000 BTC</td>\n			<td>&ge;15000HT</td>\n			<td>0.0600%</td>\n			<td>0.0750%</td>\n			<td>0.0450%</td>\n			<td>0.0563%</td>\n			<td>0.0390%</td>\n			<td>0.0488%</td>\n		</tr>\n		<tr>\n			<td>4</td>\n			<td>&ge; 10000 BTC</td>\n			<td>&ge;20000HT</td>\n			<td>0.0550%</td>\n			<td>0.0700%</td>\n			<td>0.0413%</td>\n			<td>0.0525%</td>\n			<td>0.0358%</td>\n			<td>0.0455%</td>\n		</tr>\n		<tr>\n			<td>5</td>\n			<td>&ge; 15000 BTC</td>\n			<td>&ge;25000HT</td>\n			<td>0.0500%</td>\n			<td>0.0650%</td>\n			<td>0.0375%</td>\n			<td>0.0488%</td>\n			<td>0.0325%</td>\n			<td>0.0423%</td>\n		</tr>\n		<tr>\n			<td>6</td>\n			<td>&ge; 20000 BTC</td>\n			<td>&ge;30000HT</td>\n			<td>0.0450%</td>\n			<td>0.0600%</td>\n			<td>0.0338%</td>\n			<td>0.0450%</td>\n			<td>0.0293%</td>\n			<td>0.0390%</td>\n		</tr>\n		<tr>\n			<td>7</td>\n			<td>&ge; 40000 BTC</td>\n			<td>&ge;35000HT</td>\n			<td>0.0350%</td>\n			<td>0.0500%</td>\n			<td>0.0263%</td>\n			<td>0.0375%</td>\n			<td>0.0228%</td>\n			<td>0.0325%</td>\n		</tr>\n		<tr>\n			<td>8</td>\n			<td>&ge; 80000 BTC</td>\n			<td>&ge;40000HT</td>\n			<td>0.0250%</td>\n			<td>0.0400%</td>\n			<td>0.0188%</td>\n			<td>0.0300%</td>\n			<td>0.0163%</td>\n			<td>0.0260%</td>\n		</tr>\n		<tr>\n			<td>9</td>\n			<td>&ge;150000 BTC</td>\n			<td>&ge;50000HT</td>\n			<td>0.0150%</td>\n			<td>0.0300%</td>\n			<td>0.0113%</td>\n			<td>0.0225%</td>\n			<td>0.0098%</td>\n			<td>0.0195%</td>\n		</tr>\n	</tbody>\n</table>\n\n<p>*专业用户不享受返佣政策</p>\n\n<p><strong>HT持仓量及交易量：</strong><br />\n每日0:00（GMT+8）系统计算用户近30天的交易额（折合为BTC），用户每日HT持仓量取系统前一天HT的随机快照，每日4:00（GMT+8）自动更新手续费等级和费率，BTC折算规则为取每日0:00（GMT+8）BTC交易对的收盘价进行折算。</p>\n\n<p><strong>阶梯手续费率使用规则：</strong>&nbsp;<br />\n1、 阶梯手续费率目前只适用于币币交易（含杠杆交易），并且只针对交易手续费，暂不支持提币手续费、HB10换入换出手续费、杠杆利率、OTC、合约等其他业务的费率；<br />\n2、 阶梯手续费率制度及HT抵扣手续费功能上线后，官方将不再发售点卡。存量点卡仍可正常使用，但不享受阶梯手续费率；<br />\n3、 上线前账户中有点卡余额的，仍旧默认使用点卡抵扣手续费模式，需手动打开HT抵扣功能方可切换至阶梯手续费率及HT抵扣手续费模式。<br />\n4、 杠杆利息仍可使用点卡进行抵扣；</p>\n\n<p>火币全球站诚邀您体验阶梯手续费率。期待此次升级调整能给您带来更好的交易体验！</p>\n\n<p><strong>相关术语解释：</strong><br />\n挂单（Maker）：挂单指的是以指定价格下单，未立即与订单簿中其他订单成交，而是进入订单列表，等待交易对手单的行为；<br />\n吃单（Taker）：吃单指的是以指定的价格（同时订单簿中存在相同价格）下单，并立即与订单簿中的其他订单成交的行为。</p>\n\n<p>火币全球站<br />\n2019年6月24日</p>\n', b'0', b'1', '15618071834831907', '1561806305762', '2019-06-29 19:19:43', '2019-06-29 19:19:43', 300007);
INSERT INTO `T_ArticleLang` VALUES ('15618075279699046', '委托ATOM至Huobi Wallet，瓜分1500 ATOM', '<p>尊敬的用户：</p>\n\n<p>火币钱包已支持COSMOS 主链代币 ATOM 并成为其验证人。现在安装最新版本即可体验ATOM一键委托，坐享所有验证人中最高年化收益。为庆祝这一重要时刻，火币钱包特此开展超级福利活动，活动期间只要委托ATOM至Huobi Wallet节点，即可参与瓜分1500 ATOM活动。委托越多，瓜分越多，速来参与！</p>\n\n<p><strong>参与方式</strong><br />\n1、 未委托的用户：下载安装火币钱包，存入ATOM并委托至Huobi Wallet节点；<br />\n2、 已委托其它节点的用户：在支持一键转投的第三方工具内，一键转投至Huobi Wallet节点。<br />\n*一键转投立即生效，对收益无任何影响</p>\n\n<p><strong>奖励瓜分规则</strong><br />\n即日起至7月5日12:00，随机对Huobi Wallet节点的所有委托人快照三次，取三次快照ATOM委托量的平均数作为该委托人最终委托资产量，按最终委托资产比例瓜分1500 ATOM。<br />\n（例：若A在活动期间三次快照的ATOM委托量分别为100、200、300，则A最终委托资产量为200。（100+200+300）/3=200）<br />\n加入官方群了解委托攻略：微信搜索添加&nbsp; huobievent<br />\n下载火币钱包：<a href=\"https://www.huobiwallet.com/zh/\">https://www.huobiwallet.com/zh/</a></p>\n\n<p><strong>特别说明</strong><br />\n1、 每个ATOM地址奖励封顶为价值1000 RMB对应数量的ATOM；<br />\n2、 活动奖励于7月20日前发放；<br />\n3、 活动最终解释权归属火币钱包所有。</p>\n\n<p>火币钱包<br />\n2019年6月3日</p>\n', b'0', b'1', '15618075279679450', '1561806305762', '2019-06-29 19:25:27', '2019-06-29 19:25:27', 300001);
INSERT INTO `T_ArticleLang` VALUES ('15618077012945738', '来火币钱包，免费激活XRP账号', '<p>尊敬的用户：</p>\n\n<p>为庆祝XRP进入市值前三主链，同时为交易所用户提供福利。火币钱包特此开展&ldquo;来火币钱包，免费激活XRP账号&ldquo;活动。名额有限，先到先得，速来参与吧！</p>\n\n<p><strong>活动规则：</strong><br />\n即日起，在火币交易所XRP持仓量&ge;30000的用户，下载安装火币钱包并生成XRP账号。在XRP钱包页面点击右上角&ldquo;免费创建&rdquo;通过验证后即可免费激活该XRP账号。</p>\n\n<p>下载火币钱包：<a href=\"https://www.huobiwallet.com/zh/\">https://www.huobiwallet.com/zh/</a><br />\n更多福利活动 微信搜索添加：huobievent</p>\n\n<p><strong>特别说明：</strong><br />\n1、 每个交易所账号有且仅有一次免费激活XRP账号机会；<br />\n2、 交易所持仓量指账户内现货资产，不包含因挂单等原因冻结的资产；<br />\n3、 活动最终解释权归属火币钱包所有。</p>\n\n<p>火币钱包<br />\n2019年6月17日</p>\n', b'0', b'0', '15618077012926141', '1561806305762', '2019-06-29 19:28:21', '2019-06-29 19:28:21', 300002);
INSERT INTO `T_ArticleLang` VALUES ('15618077785246575', '火币全球站于6月21日10:30开放Algorand交易', '<p>尊敬的用户：</p>\n\n<p>为满足广大用户的交易需求，火币全球站将于新加坡时间2019年6月21日10:30提前开放Algorand (ALGO) 的交易业务。感谢您的支持！</p>\n\n<p>ALGO/USDT交易地址：&nbsp;<a href=\"https://www.huobi.co/zh-cn/exchange/?s=algo_usdt\" target=\"_blank\">https://www.huobi.co/zh-cn/exchange/?s=algo_usdt</a><br />\nALGO/BTC交易地址：&nbsp;<a href=\"https://www.huobi.co/zh-cn/exchange/?s=algo_btc\" target=\"_blank\">https://www.huobi.co/zh-cn/exchange/?s=algo_btc</a><br />\nALGO/ETH交易地址：&nbsp;<a href=\"https://www.huobi.co/zh-cn/exchange/?s=algo_eth\" target=\"_blank\">https://www.huobi.co/zh-cn/exchange/?s=algo_eth</a></p>\n\n<p>祝您交易愉快！</p>\n\n<p>火币Global官方中文群：<a href=\"https://h5.hottalk.com.cn/app-share/index.html#/group?g=f830457dc7\" target=\"_blank\">https://h5.hottalk.com.cn/app-share/index.html#/group?g=f830457dc7</a></p>\n\n<p>火币全球站<br />\n2019年6月21日</p>\n', b'0', b'1', '15618077785212680', '1561806305762', '2019-06-29 19:29:38', '2019-06-29 19:29:38', 300003);
INSERT INTO `T_ArticleLang` VALUES ('15618098505908995', '下单限额', '<p>火币全球站已于新加坡时间2019年6月25日10:00对当前的下单限额进行了调整和更新。</p>\n\n<table border=\"1\">\n	<tbody>\n		<tr>\n			<td><strong>交易对</strong></td>\n			<td><strong>最小下单量</strong></td>\n			<td><strong>最大下单量</strong></td>\n			<td><strong>最小下单金额</strong></td>\n		</tr>\n		<tr>\n			<td>18C/BTC</td>\n			<td>1 18C</td>\n			<td>100000000 18C</td>\n			<td>0.0001 BTC</td>\n		</tr>\n		<tr>\n			<td>AAC/BTC</td>\n			<td>0.1 AAC</td>\n			<td>5000000 AAC</td>\n			<td>0.0001 BTC</td>\n		</tr>\n		<tr>\n			<td>ABT/BTC</td>\n			<td>0.1 ABT</td>\n			<td>1000000 ABT</td>\n			<td>0.0001 BTC</td>\n		</tr>\n		<tr>\n			<td>ACT/BTC</td>\n			<td>0.1 ACT</td>\n			<td>500000 ACT</td>\n			<td>0.0001 BTC</td>\n		</tr>\n		<tr>\n			<td>ADA/BTC</td>\n			<td>0.1 ADA</td>\n			<td>5000000 ADA</td>\n			<td>0.0001 BTC</td>\n		</tr>\n		<tr>\n			<td>ADX/BTC</td>\n			<td>0.01 ADX</td>\n			<td>100000 ADX</td>\n			<td>0.0001 BTC</td>\n		</tr>\n		<tr>\n			<td>AE/BTC</td>\n			<td>0.01 AE</td>\n			<td>200000 AE</td>\n			<td>0.0001 BTC</td>\n		</tr>\n		<tr>\n			<td>AIDOC/BTC</td>\n			<td>1 AIDOC</td>\n			<td>5000000 AIDOC</td>\n			<td>0.0001 BTC</td>\n		</tr>\n		<tr>\n			<td>APPC/BTC</td>\n			<td>0.01 APPC</td>\n			<td>100000 APPC</td>\n			<td>0.0001 BTC</td>\n		</tr>\n		<tr>\n			<td>ARDR/BTC</td>\n			<td>1 ARDR</td>\n			<td>6000000 ARDR</td>\n			<td>0.0001 BTC</td>\n		</tr>\n		<tr>\n			<td>AST/BTC</td>\n			<td>1 AST</td>\n			<td>1000000 AST</td>\n			<td>0.0001 BTC</td>\n		</tr>\n		<tr>\n			<td>ATOM/BTC</td>\n			<td>0.01 ATOM</td>\n			<td>500000 ATOM</td>\n			<td>0.0001 BTC</td>\n		</tr>\n		<tr>\n			<td>BAT/BTC</td>\n			<td>1 BAT</td>\n			<td>5000000 BAT</td>\n			<td>0.0001 BTC</td>\n		</tr>\n		<tr>\n			<td>BCD/BTC</td>\n			<td>0.001 BCD</td>\n			<td>10000 BCD</td>\n			<td>0.0001 BTC</td>\n		</tr>\n		<tr>\n			<td>BCH/BTC</td>\n			<td>0.001 BCH</td>\n			<td>10000 BCH</td>\n			<td>0.0001 BTC</td>\n		</tr>\n		<tr>\n			<td>BCV/BTC</td>\n			<td>1 BCV</td>\n			<td>22000000 BCV</td>\n			<td>0.0001 BTC</td>\n		</tr>\n		<tr>\n			<td>BCX/BTC</td>\n			<td>1 BCX</td>\n			<td>100000000 BCX</td>\n			<td>0.0001 BTC</td>\n		</tr>\n		<tr>\n			<td>BFT/BTC</td>\n			<td>0.1 BFT</td>\n			<td>5000000 BFT</td>\n			<td>0.0001 BTC</td>\n		</tr>\n		<tr>\n			<td>BIFI/BTC</td>\n			<td>0.01 BIFI</td>\n			<td>50000 BIFI</td>\n			<td>0.0001 BTC</td>\n		</tr>\n		<tr>\n			<td>BIX/BTC</td>\n			<td>0.1 BIX</td>\n			<td>950000 BIX</td>\n			<td>0.0001 BTC</td>\n		</tr>\n		<tr>\n			<td>BKBT/BTC</td>\n			<td>1 BKBT</td>\n			<td>100000000 BKBT</td>\n			<td>0.0001 BTC</td>\n		</tr>\n		<tr>\n			<td>BLZ/BTC</td>\n			<td>0.1 BLZ</td>\n			<td>1000000 BLZ</td>\n			<td>0.0001 BTC</td>\n		</tr>\n		<tr>\n			<td>BOX/BTC</td>\n			<td>1 BOX</td>\n			<td>30000000 BOX</td>\n			<td>0.0001 BTC</td>\n		</tr>\n		<tr>\n			<td>BSV/BTC</td>\n			<td>0.001 BSV</td>\n			<td>5000 BSV</td>\n			<td>0.0001 BTC</td>\n		</tr>\n		<tr>\n			<td>BT1/BTC</td>\n			<td>0.001 BT1</td>\n			<td>10000 BT1</td>\n			<td>0.0001 BTC</td>\n		</tr>\n		<tr>\n			<td>BT2/BTC</td>\n			<td>0.001 BT2</td>\n			<td>10000 BT2</td>\n			<td>0.0001 BTC</td>\n		</tr>\n		<tr>\n			<td>BTG/BTC</td>\n			<td>0.001 BTG</td>\n			<td>10000 BTG</td>\n			<td>0.0001 BTC</td>\n		</tr>\n		<tr>\n			<td>BTM/BTC</td>\n			<td>0.1 BTM</td>\n			<td>4000000 BTM</td>\n			<td>0.0001 BTC</td>\n		</tr>\n		<tr>\n			<td>BTS/BTC</td>\n			<td>0.1 BTS</td>\n			<td>5000000 BTS</td>\n			<td>0.0001 BTC</td>\n		</tr>\n		<tr>\n			<td>BTT/BTC</td>\n			<td>1 BTT</td>\n			<td>750000000 BTT</td>\n			<td>0.0001 BTC</td>\n		</tr>\n		<tr>\n			<td>BUT/BTC</td>\n			<td>1 BUT</td>\n			<td>50000000 BUT</td>\n			<td>0.0001 BTC</td>\n		</tr>\n		<tr>\n			<td>CDC/BTC</td>\n			<td>1 CDC</td>\n			<td>50000000 CDC</td>\n			<td>0.0001 BTC</td>\n		</tr>\n		<tr>\n			<td>CHAT/BTC</td>\n			<td>0.1 CHAT</td>\n			<td>1000000 CHAT</td>\n			<td>0.0001 BTC</td>\n		</tr>\n		<tr>\n			<td>CMT/BTC</td>\n			<td>1 CMT</td>\n			<td>10000000 CMT</td>\n			<td>0.0001 BTC</td>\n		</tr>\n		<tr>\n			<td>CNN/BTC</td>\n			<td>100 CNN</td>\n			<td>100000000 CNN</td>\n			<td>0.0001 BTC</td>\n		</tr>\n		<tr>\n			<td>COVA/BTC</td>\n			<td>1 COVA</td>\n			<td>40000000 COVA</td>\n			<td>0.0001 BTC</td>\n		</tr>\n		<tr>\n			<td>CTXC/BTC</td>\n			<td>0.1 CTXC</td>\n			<td>1000000 CTXC</td>\n			<td>0.0001 BTC</td>\n		</tr>\n		<tr>\n			<td>CVC/BTC</td>\n			<td>0.1 CVC</td>\n			<td>2000000 CVC</td>\n			<td>0.0001 BTC</td>\n		</tr>\n		<tr>\n			<td>CVCOIN/BTC</td>\n			<td>0.1 CVCOIN</td>\n			<td>1900000 CVCOIN</td>\n			<td>0.0001 BTC</td>\n		</tr>\n		<tr>\n			<td>CVNT/BTC</td>\n			<td>1 CVNT</td>\n			<td>35000000 CVNT</td>\n			<td>0.0001 BTC</td>\n		</tr>\n		<tr>\n			<td>DAC/BTC</td>\n			<td>1 DAC</td>\n			<td>20000000 DAC</td>\n			<td>0.0001 BTC</td>\n		</tr>\n		<tr>\n			<td>DASH/BTC</td>\n			<td>0.001 DASH</td>\n			<td>10000 DASH</td>\n			<td>0.0001 BTC</td>\n		</tr>\n		<tr>\n			<td>DAT/BTC</td>\n			<td>1 DAT</td>\n			<td>5000000 DAT</td>\n			<td>0.0001 BTC</td>\n		</tr>\n		<tr>\n			<td>DATX/BTC</td>\n			<td>1 DATX</td>\n			<td>50000000 DATX</td>\n			<td>0.0001 BTC</td>\n		</tr>\n		<tr>\n			<td>DBC/BTC</td>\n			<td>0.1 DBC</td>\n			<td>1000000 DBC</td>\n			<td>0.0001 BTC</td>\n		</tr>\n		<tr>\n			<td>DCR/BTC</td>\n			<td>0.001 DCR</td>\n			<td>10000 DCR</td>\n			<td>0.0001 BTC</td>\n		</tr>\n		<tr>\n			<td>DGB/BTC</td>\n			<td>1 DGB</td>\n			<td>18000000 DGB</td>\n			<td>0.0001 BTC</td>\n		</tr>\n		<tr>\n			<td>DGD/BTC</td>\n			<td>0.001 DGD</td>\n			<td>10000 DGD</td>\n			<td>0.0001 BTC</td>\n		</tr>\n		<tr>\n			<td>DOCK/BTC</td>\n			<td>1 DOCK</td>\n			<td>70000000 DOCK</td>\n			<td>0.0001 BTC</td>\n		</tr>\n		<tr>\n			<td>DOGE/BTC</td>\n			<td>1 DOGE</td>\n			<td>200000000 DOGE</td>\n			<td>0.0001 BTC</td>\n		</tr>\n		<tr>\n			<td>DTA/BTC</td>\n			<td>1 DTA</td>\n			<td>100000000 DTA</td>\n			<td>0.0001 BTC</td>\n		</tr>\n		<tr>\n			<td>EDU/BTC</td>\n			<td>1 EDU</td>\n			<td>100000000 EDU</td>\n			<td>0.0001 BTC</td>\n		</tr>\n		<tr>\n			<td>EGCC/BTC</td>\n			<td>1 EGCC</td>\n			<td>100000000 EGCC</td>\n			<td>0.0001 BTC</td>\n		</tr>\n		<tr>\n			<td>EKO/BTC</td>\n			<td>1 EKO</td>\n			<td>10000000 EKO</td>\n			<td>0.0001 BTC</td>\n		</tr>\n		<tr>\n			<td>EKT/BTC</td>\n			<td>0.1 EKT</td>\n			<td>5000000 EKT</td>\n			<td>0.0001 BTC</td>\n		</tr>\n		<tr>\n			<td>ELA/BTC</td>\n			<td>0.01 ELA</td>\n			<td>50000 ELA</td>\n			<td>0.0001 BTC</td>\n		</tr>\n		<tr>\n			<td>ELF/BTC</td>\n			<td>1 ELF</td>\n			<td>1000000 ELF</td>\n			<td>0.0001 BTC</td>\n		</tr>\n		<tr>\n			<td>ENG/BTC</td>\n			<td>0.01 ENG</td>\n			<td>200000 ENG</td>\n			<td>0.0001 BTC</td>\n		</tr>\n		<tr>\n			<td>EOS/BTC</td>\n			<td>0.1 EOS</td>\n			<td>1000000 EOS</td>\n			<td>0.0001 BTC</td>\n		</tr>\n		<tr>\n			<td>ETC/BTC</td>\n			<td>0.01 ETC</td>\n			<td>200000 ETC</td>\n			<td>0.0001 BTC</td>\n		</tr>\n		<tr>\n			<td>ETH/BTC</td>\n			<td>0.001 ETH</td>\n			<td>10000 ETH</td>\n			<td>0.0001 BTC</td>\n		</tr>\n		<tr>\n			<td>ETN/BTC</td>\n			<td>1 ETN</td>\n			<td>100000000 ETN</td>\n			<td>0.0001 BTC</td>\n		</tr>\n		<tr>\n			<td>EVX/BTC</td>\n			<td>0.01 EVX</td>\n			<td>100000 EVX</td>\n			<td>0.0001 BTC</td>\n		</tr>\n		<tr>\n			<td>FAIR/BTC</td>\n			<td>1 FAIR</td>\n			<td>30000000 FAIR</td>\n			<td>0.0001 BTC</td>\n		</tr>\n		<tr>\n			<td>FTI/BTC</td>\n			<td>1 FTI</td>\n			<td>100000000 FTI</td>\n			<td>0.0001 BTC</td>\n		</tr>\n		<tr>\n			<td>GAS/BTC</td>\n			<td>0.001 GAS</td>\n			<td>10000 GAS</td>\n			<td>0.0001 BTC</td>\n		</tr>\n		<tr>\n			<td>GET/BTC</td>\n			<td>1 GET</td>\n			<td>10000000 GET</td>\n			<td>0.0001 BTC</td>\n		</tr>\n		<tr>\n			<td>GNT/BTC</td>\n			<td>0.1 GNT</td>\n			<td>5000000 GNT</td>\n			<td>0.0001 BTC</td>\n		</tr>\n		<tr>\n			<td>GNX/BTC</td>\n			<td>0.1 GNX</td>\n			<td>1000000 GNX</td>\n			<td>0.0001 BTC</td>\n		</tr>\n		<tr>\n			<td>GRS/BTC</td>\n			<td>0.1 GRS</td>\n			<td>1350000 GRS</td>\n			<td>0.0001 BTC</td>\n		</tr>\n		<tr>\n			<td>GSC/BTC</td>\n			<td>1 GSC</td>\n			<td>10000000 GSC</td>\n			<td>0.0001 BTC</td>\n		</tr>\n		<tr>\n			<td>GTC/BTC</td>\n			<td>1 GTC</td>\n			<td>10000000 GTC</td>\n			<td>0.0001 BTC</td>\n		</tr>\n		<tr>\n			<td>GVE/BTC</td>\n			<td>1 GVE</td>\n			<td>450000000 GVE</td>\n			<td>0.0001 BTC</td>\n		</tr>\n		<tr>\n			<td>GXC/BTC</td>\n			<td>0.01 GXC</td>\n			<td>250000 GXC</td>\n			<td>0.0001 BTC</td>\n		</tr>\n		<tr>\n			<td>HC/BTC</td>\n			<td>0.01 HC</td>\n			<td>20000 HC</td>\n			<td>0.0001 BTC</td>\n		</tr>\n		<tr>\n			<td>HIT/BTC</td>\n			<td>1 HIT</td>\n			<td>1250000000 HIT</td>\n			<td>0.0001 BTC</td>\n		</tr>\n		<tr>\n			<td>HOT/BTC</td>\n			<td>1 HOT</td>\n			<td>10000000 HOT</td>\n			<td>0.0001 BTC</td>\n		</tr>\n		<tr>\n			<td>HPT/BTC</td>\n			<td>10 HPT</td>\n			<td>70000000 HPT</td>\n			<td>0.0001 BTC</td>\n		</tr>\n		<tr>\n			<td>HT/BTC</td>\n			<td>0.1 HT</td>\n			<td>1000000 HT</td>\n			<td>0.0001 BTC</td>\n		</tr>\n		<tr>\n			<td>ICX/BTC</td>\n			<td>0.01 ICX</td>\n			<td>100000 ICX</td>\n			<td>0.0001 BTC</td>\n		</tr>\n		<tr>\n			<td>IDT/BTC</td>\n			<td>1 IDT</td>\n			<td>20000000 IDT</td>\n			<td>0.0001 BTC</td>\n		</tr>\n		<tr>\n			<td>IIC/BTC</td>\n			<td>1 IIC</td>\n			<td>50000000 IIC</td>\n			<td>0.0001 BTC</td>\n		</tr>\n		<tr>\n			<td>IOST/BTC</td>\n			<td>1 IOST</td>\n			<td>10000000 IOST</td>\n			<td>0.0001 BTC</td>\n		</tr>\n		<tr>\n			<td>IOTA/BTC</td>\n			<td>0.01 IOTA</td>\n			<td>500000 IOTA</td>\n			<td>0.0001 BTC</td>\n		</tr>\n		<tr>\n			<td>IRIS/BTC</td>\n			<td>0.1 IRIS</td>\n			<td>4500000 IRIS</td>\n			<td>0.0001 BTC</td>\n		</tr>\n		<tr>\n			<td>ITC/BTC</td>\n			<td>0.1 ITC</td>\n			<td>5000000 ITC</td>\n			<td>0.0001 BTC</td>\n		</tr>\n		<tr>\n			<td>KAN/BTC</td>\n			<td>1 KAN</td>\n			<td>100000000 KAN</td>\n			<td>0.0001 BTC</td>\n		</tr>\n		<tr>\n			<td>KCASH/BTC</td>\n			<td>1 KCASH</td>\n			<td>25000000 KCASH</td>\n			<td>0.0001 BTC</td>\n		</tr>\n		<tr>\n			<td>KMD/BTC</td>\n			<td>0.1 KMD</td>\n			<td>800000 KMD</td>\n			<td>0.0001 BTC</td>\n		</tr>\n		<tr>\n			<td>KNC/BTC</td>\n			<td>0.1 KNC</td>\n			<td>2000000 KNC</td>\n			<td>0.0001 BTC</td>\n		</tr>\n		<tr>\n			<td>LAMB/BTC</td>\n			<td>1 LAMB</td>\n			<td>100000000 LAMB</td>\n			<td>0.0001 BTC</td>\n		</tr>\n		<tr>\n			<td>LBA/BTC</td>\n			<td>1 LBA</td>\n			<td>50000000 LBA</td>\n			<td>0.0001 BTC</td>\n		</tr>\n		<tr>\n			<td>LET/BTC</td>\n			<td>1 LET</td>\n			<td>10000000 LET</td>\n			<td>0.0001 BTC</td>\n		</tr>\n		<tr>\n			<td>LINK/BTC</td>\n			<td>0.1 LINK</td>\n			<td>1000000 LINK</td>\n			<td>0.0001 BTC</td>\n		</tr>\n		<tr>\n			<td>LOOM/BTC</td>\n			<td>1 LOOM</td>\n			<td>14000000 LOOM</td>\n			<td>0.0001 BTC</td>\n		</tr>\n		<tr>\n			<td>LSK/BTC</td>\n			<td>0.001 LSK</td>\n			<td>50000 LSK</td>\n			<td>0.0001 BTC</td>\n		</tr>\n		<tr>\n			<td>LTC/BTC</td>\n			<td>0.001 LTC</td>\n			<td>100000 LTC</td>\n			<td>0.0001 BTC</td>\n		</tr>\n		<tr>\n			<td>LUN/BTC</td>\n			<td>0.001 LUN</td>\n			<td>20000 LUN</td>\n			<td>0.0001 BTC</td>\n		</tr>\n		<tr>\n			<td>LXT/BTC</td>\n			<td>1 LXT</td>\n			<td>50000000 LXT</td>\n			<td>0.0001 BTC</td>\n		</tr>\n		<tr>\n			<td>LYM/BTC</td>\n			<td>1 LYM</td>\n			<td>9000000 LYM</td>\n			<td>0.0001 BTC</td>\n		</tr>\n		<tr>\n			<td>MAN/BTC</td>\n			<td>0.1 MAN</td>\n			<td>500000 MAN</td>\n			<td>0.0001 BTC</td>\n		</tr>\n		<tr>\n			<td>MANA/BTC</td>\n			<td>1 MANA</td>\n			<td>10000000 MANA</td>\n			<td>0.0001 BTC</td>\n		</tr>\n		<tr>\n			<td>MCO/BTC</td>\n			<td>0.01 MCO</td>\n			<td>100000 MCO</td>\n			<td>0.0001 BTC</td>\n		</tr>\n		<tr>\n			<td>MDS/BTC</td>\n			<td>1 MDS</td>\n			<td>10000000 MDS</td>\n			<td>0.0001 BTC</td>\n		</tr>\n		<tr>\n			<td>MEET/BTC</td>\n			<td>1 MEET</td>\n			<td>5000000 MEET</td>\n			<td>0.0001 BTC</td>\n		</tr>\n		<tr>\n			<td>MEX/BTC</td>\n			<td>1 MEX</td>\n			<td>10000000 MEX</td>\n			<td>0.0001 BTC</td>\n		</tr>\n		<tr>\n			<td>MT/BTC</td>\n			<td>1 MT</td>\n			<td>125000000 MT</td>\n			<td>0.0001 BTC</td>\n		</tr>\n		<tr>\n			<td>MTL/BTC</td>\n			<td>0.01 MTL</td>\n			<td>300000 MTL</td>\n			<td>0.0001 BTC</td>\n		</tr>\n		<tr>\n			<td>MTN/BTC</td>\n			<td>0.1 MTN</td>\n			<td>1000000 MTN</td>\n			<td>0.0001 BTC</td>\n		</tr>\n		<tr>\n			<td>MTX/BTC</td>\n			<td>0.1 MTX</td>\n			<td>1000000 MTX</td>\n			<td>0.0001 BTC</td>\n		</tr>\n		<tr>\n			<td>MUSK/BTC</td>\n			<td>1 MUSK</td>\n			<td>25000000 MUSK</td>\n			<td>0.0001 BTC</td>\n		</tr>\n		<tr>\n			<td>MXC/BTC</td>\n			<td>1 MXC</td>\n			<td>50000000 MXC</td>\n			<td>0.0001 BTC</td>\n		</tr>\n		<tr>\n			<td>NANO/BTC</td>\n			<td>0.01 NANO</td>\n			<td>345000 NANO</td>\n			<td>0.0001 BTC</td>\n		</tr>\n		<tr>\n			<td>NAS/BTC</td>\n			<td>0.01 NAS</td>\n			<td>100000 NAS</td>\n			<td>0.0001 BTC</td>\n		</tr>\n		<tr>\n			<td>NCASH/BTC</td>\n			<td>1 NCASH</td>\n			<td>100000000 NCASH</td>\n			<td>0.0001 BTC</td>\n		</tr>\n		<tr>\n			<td>NCC/BTC</td>\n			<td>1 NCC</td>\n			<td>20000000 NCC</td>\n			<td>0.0001 BTC</td>\n		</tr>\n		<tr>\n			<td>NEO/BTC</td>\n			<td>0.001 NEO</td>\n			<td>10000 NEO</td>\n			<td>0.0001 BTC</td>\n		</tr>\n		<tr>\n			<td>NEW/BTC</td>\n			<td>1 NEW</td>\n			<td>100000000 NEW</td>\n			<td>0.0001 BTC</td>\n		</tr>\n		<tr>\n			<td>NEXO/BTC</td>\n			<td>1 NEXO</td>\n			<td>10000000 NEXO</td>\n			<td>0.0001 BTC</td>\n		</tr>\n		<tr>\n			<td>NPXS/BTC</td>\n			<td>1 NPXS</td>\n			<td>1200000000 NPXS</td>\n			<td>0.0001 BTC</td>\n		</tr>\n		<tr>\n			<td>NULS/BTC</td>\n			<td>0.1 NULS</td>\n			<td>2500000 NULS</td>\n			<td>0.0001 BTC</td>\n		</tr>\n		<tr>\n			<td>OCN/BTC</td>\n			<td>1 OCN</td>\n			<td>10000000 OCN</td>\n			<td>0.0001 BTC</td>\n		</tr>\n		<tr>\n			<td>OMG/BTC</td>\n			<td>0.01 OMG</td>\n			<td>200000 OMG</td>\n			<td>0.0001 BTC</td>\n		</tr>\n		<tr>\n			<td>ONT/BTC</td>\n			<td>0.01 ONT</td>\n			<td>100000 ONT</td>\n			<td>0.0001 BTC</td>\n		</tr>\n		<tr>\n			<td>OST/BTC</td>\n			<td>0.1 OST</td>\n			<td>1000000 OST</td>\n			<td>0.0001 BTC</td>\n		</tr>\n		<tr>\n			<td>PAI/BTC</td>\n			<td>0.1 PAI</td>\n			<td>4500000 PAI</td>\n			<td>0.0001 BTC</td>\n		</tr>\n		<tr>\n			<td>PAY/BTC</td>\n			<td>0.1 PAY</td>\n			<td>500000 PAY</td>\n			<td>0.0001 BTC</td>\n		</tr>\n		<tr>\n			<td>PC/BTC</td>\n			<td>1 PC</td>\n			<td>100000000 PC</td>\n			<td>0.0001 BTC</td>\n		</tr>\n		<tr>\n			<td>PHX/BTC</td>\n			<td>1 PHX</td>\n			<td>10000000 PHX</td>\n			<td>0.0001 BTC</td>\n		</tr>\n		<tr>\n			<td>PNT/BTC</td>\n			<td>1 PNT</td>\n			<td>50000000 PNT</td>\n			<td>0.0001 BTC</td>\n		</tr>\n		<tr>\n			<td>POLY/BTC</td>\n			<td>0.1 POLY</td>\n			<td>1000000 POLY</td>\n			<td>0.0001 BTC</td>\n		</tr>\n		<tr>\n			<td>PORTAL/BTC</td>\n			<td>1 PORTAL</td>\n			<td>10000000 PORTAL</td>\n			<td>0.0001 BTC</td>\n		</tr>\n		<tr>\n			<td>POWR/BTC</td>\n			<td>0.1 POWR</td>\n			<td>500000 POWR</td>\n			<td>0.0001 BTC</td>\n		</tr>\n		<tr>\n			<td>PROPY/BTC</td>\n			<td>0.01 PROPY</td>\n			<td>100000 PROPY</td>\n			<td>0.0001 BTC</td>\n		</tr>\n		<tr>\n			<td>QASH/BTC</td>\n			<td>0.1 QASH</td>\n			<td>1000000 QASH</td>\n			<td>0.0001 BTC</td>\n		</tr>\n		<tr>\n			<td>QSP/BTC</td>\n			<td>1 QSP</td>\n			<td>10000000 QSP</td>\n			<td>0.0001 BTC</td>\n		</tr>\n		<tr>\n			<td>QTUM/BTC</td>\n			<td>0.01 QTUM</td>\n			<td>100000 QTUM</td>\n			<td>0.0001 BTC</td>\n		</tr>\n		<tr>\n			<td>QUN/BTC</td>\n			<td>1 QUN</td>\n			<td>10000000 QUN</td>\n			<td>0.0001 BTC</td>\n		</tr>\n		<tr>\n			<td>RBTC/BTC</td>\n			<td>0.0001 RBTC</td>\n			<td>100 RBTC</td>\n			<td>0.0001 BTC</td>\n		</tr>\n		<tr>\n			<td>RCCC/BTC</td>\n			<td>1 RCCC</td>\n			<td>5900000 RCCC</td>\n			<td>0.0001 BTC</td>\n		</tr>\n		<tr>\n			<td>RCN/BTC</td>\n			<td>1 RCN</td>\n			<td>10000000 RCN</td>\n			<td>0.0001 BTC</td>\n		</tr>\n		<tr>\n			<td>RDN/BTC</td>\n			<td>0.1 RDN</td>\n			<td>1000000 RDN</td>\n			<td>0.0001 BTC</td>\n		</tr>\n		<tr>\n			<td>REN/BTC</td>\n			<td>1 REN</td>\n			<td>5000000 REN</td>\n			<td>0.0001 BTC</td>\n		</tr>\n		<tr>\n			<td>REQ/BTC</td>\n			<td>0.1 REQ</td>\n			<td>1000000 REQ</td>\n			<td>0.0001 BTC</td>\n		</tr>\n		<tr>\n			<td>RSR/BTC</td>\n			<td>1 RSR</td>\n			<td>650000000 RSR</td>\n			<td>0.0001 BTC</td>\n		</tr>\n		<tr>\n			<td>RTE/BTC</td>\n			<td>1 RTE</td>\n			<td>70000000 RTE</td>\n			<td>0.0001 BTC</td>\n		</tr>\n		<tr>\n			<td>RUFF/BTC</td>\n			<td>1 RUFF</td>\n			<td>10000000 RUFF</td>\n			<td>0.0001 BTC</td>\n		</tr>\n		<tr>\n			<td>SALT/BTC</td>\n			<td>0.1 SALT</td>\n			<td>100000 SALT</td>\n			<td>0.0001 BTC</td>\n		</tr>\n		<tr>\n			<td>SBTC/BTC</td>\n			<td>0.0001 SBTC</td>\n			<td>10000 SBTC</td>\n			<td>0.0001 BTC</td>\n		</tr>\n		<tr>\n			<td>SC/BTC</td>\n			<td>1 SC</td>\n			<td>300000000 SC</td>\n			<td>0.0001 BTC</td>\n		</tr>\n		<tr>\n			<td>SEELE/BTC</td>\n			<td>1 SEELE</td>\n			<td>10000000 SEELE</td>\n			<td>0.0001 BTC</td>\n		</tr>\n		<tr>\n			<td>SHE/BTC</td>\n			<td>1 SHE</td>\n			<td>50000000 SHE</td>\n			<td>0.0001 BTC</td>\n		</tr>\n		<tr>\n			<td>SMT/BTC</td>\n			<td>1 SMT</td>\n			<td>10000000 SMT</td>\n			<td>0.0001 BTC</td>\n		</tr>\n		<tr>\n			<td>SNC/BTC</td>\n			<td>0.1 SNC</td>\n			<td>1000000 SNC</td>\n			<td>0.0001 BTC</td>\n		</tr>\n		<tr>\n			<td>SNT/BTC</td>\n			<td>1 SNT</td>\n			<td>10000000 SNT</td>\n			<td>0.0001 BTC</td>\n		</tr>\n		<tr>\n			<td>SOC/BTC</td>\n			<td>1 SOC</td>\n			<td>5000000 SOC</td>\n			<td>0.0001 BTC</td>\n		</tr>\n		<tr>\n			<td>SRN/BTC</td>\n			<td>0.01 SRN</td>\n			<td>300000 SRN</td>\n			<td>0.0001 BTC</td>\n		</tr>\n		<tr>\n			<td>SSP/BTC</td>\n			<td>1 SSP</td>\n			<td>80000000 SSP</td>\n			<td>0.0001 BTC</td>\n		</tr>\n		<tr>\n			<td>STEEM/BTC</td>\n			<td>0.01 STEEM</td>\n			<td>300000 STEEM</td>\n			<td>0.0001 BTC</td>\n		</tr>\n		<tr>\n			<td>STK/BTC</td>\n			<td>1 STK</td>\n			<td>10000000 STK</td>\n			<td>0.0001 BTC</td>\n		</tr>\n		<tr>\n			<td>STORJ/BTC</td>\n			<td>0.1 STORJ</td>\n			<td>2000000 STORJ</td>\n			<td>0.0001 BTC</td>\n		</tr>\n		<tr>\n			<td>SWFTC/BTC</td>\n			<td>1 SWFTC</td>\n			<td>10000000 SWFTC</td>\n			<td>0.0001 BTC</td>\n		</tr>\n		<tr>\n			<td>THETA/BTC</td>\n			<td>1 THETA</td>\n			<td>10000000 THETA</td>\n			<td>0.0001 BTC</td>\n		</tr>\n		<tr>\n			<td>TNB/BTC</td>\n			<td>1 TNB</td>\n			<td>50000000 TNB</td>\n			<td>0.0001 BTC</td>\n		</tr>\n		<tr>\n			<td>TNT/BTC</td>\n			<td>1 TNT</td>\n			<td>10000000 TNT</td>\n			<td>0.0001 BTC</td>\n		</tr>\n		<tr>\n			<td>TOP/BTC</td>\n			<td>1 TOP</td>\n			<td>100000000 TOP</td>\n			<td>0.0001 BTC</td>\n		</tr>\n		<tr>\n			<td>TOPC/BTC</td>\n			<td>1 TOPC</td>\n			<td>10000000 TOPC</td>\n			<td>0.0001 BTC</td>\n		</tr>\n		<tr>\n			<td>TOS/BTC</td>\n			<td>1 TOS</td>\n			<td>10000000 TOS</td>\n			<td>0.0001 BTC</td>\n		</tr>\n		<tr>\n			<td>TRIO/BTC</td>\n			<td>1 TRIO</td>\n			<td>330000000 TRIO</td>\n			<td>0.0001 BTC</td>\n		</tr>\n		<tr>\n			<td>TRX/BTC</td>\n			<td>1 TRX</td>\n			<td>10000000 TRX</td>\n			<td>0.0001 BTC</td>\n		</tr>\n		<tr>\n			<td>TT/BTC</td>\n			<td>1 TT</td>\n			<td>20000000 TT</td>\n			<td>0.0001 BTC</td>\n		</tr>\n		<tr>\n			<td>UC/BTC</td>\n			<td>1 UC</td>\n			<td>100000000 UC</td>\n			<td>0.0001 BTC</td>\n		</tr>\n		<tr>\n			<td>UGAS/BTC</td>\n			<td>0.1 UGAS</td>\n			<td>3300000 UGAS</td>\n			<td>0.0001 BTC</td>\n		</tr>\n		<tr>\n			<td>UIP/BTC</td>\n			<td>1 UIP</td>\n			<td>10000000 UIP</td>\n			<td>0.0001 BTC</td>\n		</tr>\n		<tr>\n			<td>UTK/BTC</td>\n			<td>0.1 UTK</td>\n			<td>1000000 UTK</td>\n			<td>0.0001 BTC</td>\n		</tr>\n		<tr>\n			<td>UUU/BTC</td>\n			<td>10 UUU</td>\n			<td>100000000 UUU</td>\n			<td>0.0001 BTC</td>\n		</tr>\n		<tr>\n			<td>VEN/BTC</td>\n			<td>0.01 VEN</td>\n			<td>100000 VEN</td>\n			<td>0.0001 BTC</td>\n		</tr>\n		<tr>\n			<td>VET/BTC</td>\n			<td>1 VET</td>\n			<td>100000000 VET</td>\n			<td>0.0001 BTC</td>\n		</tr>\n		<tr>\n			<td>WAN/BTC</td>\n			<td>0.01 WAN</td>\n			<td>100000 WAN</td>\n			<td>0.0001 BTC</td>\n		</tr>\n		<tr>\n			<td>WAVES/BTC</td>\n			<td>0.01 WAVES</td>\n			<td>200000 WAVES</td>\n			<td>0.0001 BTC</td>\n		</tr>\n		<tr>\n			<td>WAX/BTC</td>\n			<td>0.01 WAX</td>\n			<td>1000000 WAX</td>\n			<td>0.0001 BTC</td>\n		</tr>\n		<tr>\n			<td>WICC/BTC</td>\n			<td>0.1 WICC</td>\n			<td>1000000 WICC</td>\n			<td>0.0001 BTC</td>\n		</tr>\n		<tr>\n			<td>WPR/BTC</td>\n			<td>0.1 WPR</td>\n			<td>1000000 WPR</td>\n			<td>0.0001 BTC</td>\n		</tr>\n		<tr>\n			<td>WTC/BTC</td>\n			<td>0.1 WTC</td>\n			<td>300000 WTC</td>\n			<td>0.0001 BTC</td>\n		</tr>\n		<tr>\n			<td>XEM/BTC</td>\n			<td>0.1 XEM</td>\n			<td>1000000 XEM</td>\n			<td>0.0001 BTC</td>\n		</tr>\n		<tr>\n			<td>XLM/BTC</td>\n			<td>0.1 XLM</td>\n			<td>2500000 XLM</td>\n			<td>0.0001 BTC</td>\n		</tr>\n		<tr>\n			<td>XMR/BTC</td>\n			<td>0.0001 XMR</td>\n			<td>5000 XMR</td>\n			<td>0.0001 BTC</td>\n		</tr>\n		<tr>\n			<td>XMX/BTC</td>\n			<td>1 XMX</td>\n			<td>250000000 XMX</td>\n			<td>0.0001 BTC</td>\n		</tr>\n		<tr>\n			<td>XRP/BTC</td>\n			<td>1 XRP</td>\n			<td>5000000 XRP</td>\n			<td>0.0001 BTC</td>\n		</tr>\n		<tr>\n			<td>XTZ/BTC</td>\n			<td>0.1 XTZ</td>\n			<td>2000000 XTZ</td>\n			<td>0.0001 BTC</td>\n		</tr>\n		<tr>\n			<td>XVG/BTC</td>\n			<td>1 XVG</td>\n			<td>30000000 XVG</td>\n			<td>0.0001 BTC</td>\n		</tr>\n		<tr>\n			<td>XZC/BTC</td>\n			<td>0.01 XZC</td>\n			<td>55000 XZC</td>\n			<td>0.0001 BTC</td>\n		</tr>\n		<tr>\n			<td>YCC/BTC</td>\n			<td>1 YCC</td>\n			<td>10000000 YCC</td>\n			<td>0.0001 BTC</td>\n		</tr>\n		<tr>\n			<td>YEE/BTC</td>\n			<td>1 YEE</td>\n			<td>10000000 YEE</td>\n			<td>0.0001 BTC</td>\n		</tr>\n		<tr>\n			<td>ZEC/BTC</td>\n			<td>0.001 ZEC</td>\n			<td>5000 ZEC</td>\n			<td>0.0001 BTC</td>\n		</tr>\n		<tr>\n			<td>ZEN/BTC</td>\n			<td>0.001 ZEN</td>\n			<td>52000 ZEN</td>\n			<td>0.0001 BTC</td>\n		</tr>\n		<tr>\n			<td>ZIL/BTC</td>\n			<td>1 ZIL</td>\n			<td>10000000 ZIL</td>\n			<td>0.0001 BTC</td>\n		</tr>\n		<tr>\n			<td>ZJLT/BTC</td>\n			<td>1 ZJLT</td>\n			<td>30000000 ZJLT</td>\n			<td>0.0001 BTC</td>\n		</tr>\n		<tr>\n			<td>ZLA/BTC</td>\n			<td>0.1 ZLA</td>\n			<td>1000000 ZLA</td>\n			<td>0.0001 BTC</td>\n		</tr>\n		<tr>\n			<td>ZRX/BTC</td>\n			<td>1 ZRX</td>\n			<td>1000000 ZRX</td>\n			<td>0.0001 BTC</td>\n		</tr>\n		<tr>\n			<td>ACT/USDT</td>\n			<td>0.1 ACT</td>\n			<td>5000000 ACT</td>\n			<td>0.1 USDT</td>\n		</tr>\n		<tr>\n			<td>ADA/USDT</td>\n			<td>0.1 ADA</td>\n			<td>5000000 ADA</td>\n			<td>0.1 USDT</td>\n		</tr>\n		<tr>\n			<td>AE/USDT</td>\n			<td>0.1 AE</td>\n			<td>2000000 AE</td>\n			<td>1 USDT</td>\n		</tr>\n		<tr>\n			<td>ATOM/USDT</td>\n			<td>0.01 ATOM</td>\n			<td>500000 ATOM</td>\n			<td>1 USDT</td>\n		</tr>\n		<tr>\n			<td>BCH/USDT</td>\n			<td>0.001 BCH</td>\n			<td>10000 BCH</td>\n			<td>1 USDT</td>\n		</tr>\n		<tr>\n			<td>BIX/USDT</td>\n			<td>0.1 BIX</td>\n			<td>200000 BIX</td>\n			<td>0.1 USDT</td>\n		</tr>\n		<tr>\n			<td>BSV/USDT</td>\n			<td>0.001 BSV</td>\n			<td>10000 BSV</td>\n			<td>1 USDT</td>\n		</tr>\n		<tr>\n			<td>BTC/USDT</td>\n			<td>0.0001 BTC</td>\n			<td>1000 BTC</td>\n			<td>1 USDT</td>\n		</tr>\n		<tr>\n			<td>BTM/USDT</td>\n			<td>0.1 BTM</td>\n			<td>4000000 BTM</td>\n			<td>0.1 USDT</td>\n		</tr>\n		<tr>\n			<td>BTS/USDT</td>\n			<td>0.1 BTS</td>\n			<td>5000000 BTS</td>\n			<td>0.1 USDT</td>\n		</tr>\n		<tr>\n			<td>BTT/USDT</td>\n			<td>1 BTT</td>\n			<td>750000000 BTT</td>\n			<td>1 USDT</td>\n		</tr>\n		<tr>\n			<td>CMT/USDT</td>\n			<td>1 CMT</td>\n			<td>3500000 CMT</td>\n			<td>0.1 USDT</td>\n		</tr>\n		<tr>\n			<td>CTXC/USDT</td>\n			<td>0.1 CTXC</td>\n			<td>500000 CTXC</td>\n			<td>0.1 USDT</td>\n		</tr>\n		<tr>\n			<td>CVC/USDT</td>\n			<td>0.1 CVC</td>\n			<td>1000000 CVC</td>\n			<td>0.1 USDT</td>\n		</tr>\n		<tr>\n			<td>DASH/USDT</td>\n			<td>0.001 DASH</td>\n			<td>10000 DASH</td>\n			<td>1 USDT</td>\n		</tr>\n		<tr>\n			<td>DCR/USDT</td>\n			<td>0.001 DCR</td>\n			<td>10000 DCR</td>\n			<td>1 USDT</td>\n		</tr>\n		<tr>\n			<td>DOGE/USDT</td>\n			<td>1 DOGE</td>\n			<td>200000000 DOGE</td>\n			<td>1 USDT</td>\n		</tr>\n		<tr>\n			<td>DTA/USDT</td>\n			<td>1 DTA</td>\n			<td>20000000 DTA</td>\n			<td>0.1 USDT</td>\n		</tr>\n		<tr>\n			<td>ELA/USDT</td>\n			<td>0.01 ELA</td>\n			<td>10000 ELA</td>\n			<td>0.1 USDT</td>\n		</tr>\n		<tr>\n			<td>ELF/USDT</td>\n			<td>0.1 ELF</td>\n			<td>500000 ELF</td>\n			<td>0.1 USDT</td>\n		</tr>\n		<tr>\n			<td>EOS/USDT</td>\n			<td>0.1 EOS</td>\n			<td>1000000 EOS</td>\n			<td>0.1 USDT</td>\n		</tr>\n		<tr>\n			<td>ETC/USDT</td>\n			<td>0.01 ETC</td>\n			<td>200000 ETC</td>\n			<td>1 USDT</td>\n		</tr>\n		<tr>\n			<td>ETH/USDT</td>\n			<td>0.001 ETH</td>\n			<td>10000 ETH</td>\n			<td>1 USDT</td>\n		</tr>\n		<tr>\n			<td>GNT/USDT</td>\n			<td>0.1 GNT</td>\n			<td>1000000 GNT</td>\n			<td>0.1 USDT</td>\n		</tr>\n		<tr>\n			<td>GXC/USDT</td>\n			<td>0.1 GXC</td>\n			<td>1000000 GXC</td>\n			<td>1 USDT</td>\n		</tr>\n		<tr>\n			<td>HB10/USDT</td>\n			<td>0.1 HB10</td>\n			<td>1000000 HB10</td>\n			<td>0.1 USDT</td>\n		</tr>\n		<tr>\n			<td>HC/USDT</td>\n			<td>0.01 HC</td>\n			<td>20000 HC</td>\n			<td>1 USDT</td>\n		</tr>\n		<tr>\n			<td>HIT/USDT</td>\n			<td>1 HIT</td>\n			<td>1000000000 HIT</td>\n			<td>1 USDT</td>\n		</tr>\n		<tr>\n			<td>HPT/USDT</td>\n			<td>10 HPT</td>\n			<td>70000000 HPT</td>\n			<td>1 USDT</td>\n		</tr>\n		<tr>\n			<td>HT/USDT</td>\n			<td>0.1 HT</td>\n			<td>1000000 HT</td>\n			<td>0.1 USDT</td>\n		</tr>\n		<tr>\n			<td>IOST/USDT</td>\n			<td>1 IOST</td>\n			<td>20000000 IOST</td>\n			<td>0.1 USDT</td>\n		</tr>\n		<tr>\n			<td>IOTA/USDT</td>\n			<td>0.01 IOTA</td>\n			<td>500000 IOTA</td>\n			<td>0.1 USDT</td>\n		</tr>\n		<tr>\n			<td>IRIS/USDT</td>\n			<td>1 IRIS</td>\n			<td>6500000 IRIS</td>\n			<td>1 USDT</td>\n		</tr>\n		<tr>\n			<td>ITC/USDT</td>\n			<td>0.01 ITC</td>\n			<td>500000 ITC</td>\n			<td>0.1 USDT</td>\n		</tr>\n		<tr>\n			<td>KAN/USDT</td>\n			<td>1 KAN</td>\n			<td>125000000 KAN</td>\n			<td>1 USDT</td>\n		</tr>\n		<tr>\n			<td>LAMB/USDT</td>\n			<td>1 LAMB</td>\n			<td>6000000 LAMB</td>\n			<td>1 USDT</td>\n		</tr>\n		<tr>\n			<td>LBA/USDT</td>\n			<td>1 LBA</td>\n			<td>16000000 LBA</td>\n			<td>1 USDT</td>\n		</tr>\n		<tr>\n			<td>LET/USDT</td>\n			<td>1 LET</td>\n			<td>10000000 LET</td>\n			<td>0.1 USDT</td>\n		</tr>\n		<tr>\n			<td>LINK/USDT</td>\n			<td>0.1 LINK</td>\n			<td>5000000 LINK</td>\n			<td>1 USDT</td>\n		</tr>\n		<tr>\n			<td>LTC/USDT</td>\n			<td>0.001 LTC</td>\n			<td>100000 LTC</td>\n			<td>1 USDT</td>\n		</tr>\n		<tr>\n			<td>MDS/USDT</td>\n			<td>0.1 MDS</td>\n			<td>5000000 MDS</td>\n			<td>0.1 USDT</td>\n		</tr>\n		<tr>\n			<td>NANO/USDT</td>\n			<td>0.1 NANO</td>\n			<td>500000 NANO</td>\n			<td>1 USDT</td>\n		</tr>\n		<tr>\n			<td>NAS/USDT</td>\n			<td>0.01 NAS</td>\n			<td>100000 NAS</td>\n			<td>0.1 USDT</td>\n		</tr>\n		<tr>\n			<td>NEO/USDT</td>\n			<td>0.001 NEO</td>\n			<td>10000 NEO</td>\n			<td>0.1 USDT</td>\n		</tr>\n		<tr>\n			<td>NEW/USDT</td>\n			<td>1 NEW</td>\n			<td>100000000 NEW</td>\n			<td>1 USDT</td>\n		</tr>\n		<tr>\n			<td>NULS/USDT</td>\n			<td>0.1 NULS</td>\n			<td>800000 NULS</td>\n			<td>1 USDT</td>\n		</tr>\n		<tr>\n			<td>OCN/USDT</td>\n			<td>1 OCN</td>\n			<td>100000000 OCN</td>\n			<td>0.1 USDT</td>\n		</tr>\n		<tr>\n			<td>OMG/USDT</td>\n			<td>0.01 OMG</td>\n			<td>1000000 OMG</td>\n			<td>0.1 USDT</td>\n		</tr>\n		<tr>\n			<td>ONT/USDT</td>\n			<td>0.01 ONT</td>\n			<td>200000 ONT</td>\n			<td>0.1 USDT</td>\n		</tr>\n		<tr>\n			<td>PAI/USDT</td>\n			<td>0.1 PAI</td>\n			<td>250000 PAI</td>\n			<td>0.1 USDT</td>\n		</tr>\n		<tr>\n			<td>QTUM/USDT</td>\n			<td>0.01 QTUM</td>\n			<td>1000000 QTUM</td>\n			<td>0.1 USDT</td>\n		</tr>\n		<tr>\n			<td>RSR/USDT</td>\n			<td>1 RSR</td>\n			<td>650000000 RSR</td>\n			<td>1 USDT</td>\n		</tr>\n		<tr>\n			<td>RUFF/USDT</td>\n			<td>1 RUFF</td>\n			<td>5000000 RUFF</td>\n			<td>0.1 USDT</td>\n		</tr>\n		<tr>\n			<td>SMT/USDT</td>\n			<td>1 SMT</td>\n			<td>10000000 SMT</td>\n			<td>0.1 USDT</td>\n		</tr>\n		<tr>\n			<td>SNT/USDT</td>\n			<td>0.1 SNT</td>\n			<td>1000000 SNT</td>\n			<td>0.1 USDT</td>\n		</tr>\n		<tr>\n			<td>SOC/USDT</td>\n			<td>0.1 SOC</td>\n			<td>3000000 SOC</td>\n			<td>0.1 USDT</td>\n		</tr>\n		<tr>\n			<td>STEEM/USDT</td>\n			<td>0.01 STEEM</td>\n			<td>300000 STEEM</td>\n			<td>0.1 USDT</td>\n		</tr>\n		<tr>\n			<td>STORJ/USDT</td>\n			<td>0.01 STORJ</td>\n			<td>100000 STORJ</td>\n			<td>0.1 USDT</td>\n		</tr>\n		<tr>\n			<td>THETA/USDT</td>\n			<td>0.1 THETA</td>\n			<td>3000000 THETA</td>\n			<td>0.1 USDT</td>\n		</tr>\n		<tr>\n			<td>TOP/USDT</td>\n			<td>1 TOP</td>\n			<td>100000000 TOP</td>\n			<td>1 USDT</td>\n		</tr>\n		<tr>\n			<td>TRX/USDT</td>\n			<td>1 TRX</td>\n			<td>10000000 TRX</td>\n			<td>0.1 USDT</td>\n		</tr>\n		<tr>\n			<td>TT/USDT</td>\n			<td>1 TT</td>\n			<td>20000000 TT</td>\n			<td>1 USDT</td>\n		</tr>\n		<tr>\n			<td>VEN/USDT</td>\n			<td>0.01 VEN</td>\n			<td>100000 VEN</td>\n			<td>0.1 USDT</td>\n		</tr>\n		<tr>\n			<td>VET/USDT</td>\n			<td>1 VET</td>\n			<td>100000000 VET</td>\n			<td>1 USDT</td>\n		</tr>\n		<tr>\n			<td>WAVES/USDT</td>\n			<td>0.01 WAVES</td>\n			<td>300000 WAVES</td>\n			<td>1 USDT</td>\n		</tr>\n		<tr>\n			<td>WICC/USDT</td>\n			<td>0.01 WICC</td>\n			<td>500000 WICC</td>\n			<td>0.1 USDT</td>\n		</tr>\n		<tr>\n			<td>WTC/USDT</td>\n			<td>0.1 WTC</td>\n			<td>300000 WTC</td>\n			<td>1 USDT</td>\n		</tr>\n		<tr>\n			<td>XEM/USDT</td>\n			<td>0.1 XEM</td>\n			<td>1000000 XEM</td>\n			<td>0.1 USDT</td>\n		</tr>\n		<tr>\n			<td>XLM/USDT</td>\n			<td>0.1 XLM</td>\n			<td>600000 XLM</td>\n			<td>0.1 USDT</td>\n		</tr>\n		<tr>\n			<td>XMR/USDT</td>\n			<td>0.001 XMR</td>\n			<td>10000 XMR</td>\n			<td>1 USDT</td>\n		</tr>\n		<tr>\n			<td>XRP/USDT</td>\n			<td>1 XRP</td>\n			<td>5000000 XRP</td>\n			<td>1 USDT</td>\n		</tr>\n		<tr>\n			<td>ZEC/USDT</td>\n			<td>0.001 ZEC</td>\n			<td>5000 ZEC</td>\n			<td>0.1 USDT</td>\n		</tr>\n		<tr>\n			<td>ZIL/USDT</td>\n			<td>1 ZIL</td>\n			<td>10000000 ZIL</td>\n			<td>0.1 USDT</td>\n		</tr>\n		<tr>\n			<td>ZRX/USDT</td>\n			<td>0.1 ZRX</td>\n			<td>2000000 ZRX</td>\n			<td>1 USDT</td>\n		</tr>\n		<tr>\n			<td>18C/ETH</td>\n			<td>1 18C</td>\n			<td>100000000 18C</td>\n			<td>0.001 ETH</td>\n		</tr>\n		<tr>\n			<td>AAC/ETH</td>\n			<td>0.1 AAC</td>\n			<td>5000000 AAC</td>\n			<td>0.001 ETH</td>\n		</tr>\n		<tr>\n			<td>ABT/ETH</td>\n			<td>0.1 ABT</td>\n			<td>1000000 ABT</td>\n			<td>0.001 ETH</td>\n		</tr>\n		<tr>\n			<td>ACT/ETH</td>\n			<td>0.1 ACT</td>\n			<td>500000 ACT</td>\n			<td>0.001 ETH</td>\n		</tr>\n		<tr>\n			<td>ADA/ETH</td>\n			<td>0.1 ADA</td>\n			<td>5000000 ADA</td>\n			<td>0.001 ETH</td>\n		</tr>\n		<tr>\n			<td>ADX/ETH</td>\n			<td>0.01 ADX</td>\n			<td>100000 ADX</td>\n			<td>0.001 ETH</td>\n		</tr>\n		<tr>\n			<td>AE/ETH</td>\n			<td>0.01 AE</td>\n			<td>200000 AE</td>\n			<td>0.001 ETH</td>\n		</tr>\n		<tr>\n			<td>AIDOC/ETH</td>\n			<td>1 AIDOC</td>\n			<td>5000000 AIDOC</td>\n			<td>0.001 ETH</td>\n		</tr>\n		<tr>\n			<td>APPC/ETH</td>\n			<td>0.01 APPC</td>\n			<td>100000 APPC</td>\n			<td>0.001 ETH</td>\n		</tr>\n		<tr>\n			<td>ARDR/ETH</td>\n			<td>1 ARDR</td>\n			<td>6000000 ARDR</td>\n			<td>0.001 ETH</td>\n		</tr>\n		<tr>\n			<td>AST/ETH</td>\n			<td>0.1 AST</td>\n			<td>5000000 AST</td>\n			<td>0.001 ETH</td>\n		</tr>\n		<tr>\n			<td>ATOM/ETH</td>\n			<td>0.01 ATOM</td>\n			<td>500000 ATOM</td>\n			<td>0.001 ETH</td>\n		</tr>\n		<tr>\n			<td>BAT/ETH</td>\n			<td>1 BAT</td>\n			<td>5000000 BAT</td>\n			<td>0.001 ETH</td>\n		</tr>\n		<tr>\n			<td>BCV/ETH</td>\n			<td>1 BCV</td>\n			<td>22000000 BCV</td>\n			<td>0.001 ETH</td>\n		</tr>\n		<tr>\n			<td>BFT/ETH</td>\n			<td>0.1 BFT</td>\n			<td>5000000 BFT</td>\n			<td>0.001 ETH</td>\n		</tr>\n		<tr>\n			<td>BIX/ETH</td>\n			<td>0.1 BIX</td>\n			<td>950000 BIX</td>\n			<td>0.001 ETH</td>\n		</tr>\n		<tr>\n			<td>BKBT/ETH</td>\n			<td>1 BKBT</td>\n			<td>100000000 BKBT</td>\n			<td>0.001 ETH</td>\n		</tr>\n		<tr>\n			<td>BLZ/ETH</td>\n			<td>0.1 BLZ</td>\n			<td>1000000 BLZ</td>\n			<td>0.001 ETH</td>\n		</tr>\n		<tr>\n			<td>BOX/ETH</td>\n			<td>1 BOX</td>\n			<td>30000000 BOX</td>\n			<td>0.001 ETH</td>\n		</tr>\n		<tr>\n			<td>BTM/ETH</td>\n			<td>0.1 BTM</td>\n			<td>4000000 BTM</td>\n			<td>0.001 ETH</td>\n		</tr>\n		<tr>\n			<td>BTS/ETH</td>\n			<td>0.1 BTS</td>\n			<td>5000000 BTS</td>\n			<td>0.001 ETH</td>\n		</tr>\n		<tr>\n			<td>BTT/ETH</td>\n			<td>1 BTT</td>\n			<td>750000000 BTT</td>\n			<td>0.001 ETH</td>\n		</tr>\n		<tr>\n			<td>BUT/ETH</td>\n			<td>1 BUT</td>\n			<td>50000000 BUT</td>\n			<td>0.001 ETH</td>\n		</tr>\n		<tr>\n			<td>CDC/ETH</td>\n			<td>1 CDC</td>\n			<td>50000000 CDC</td>\n			<td>0.001 ETH</td>\n		</tr>\n		<tr>\n			<td>CHAT/ETH</td>\n			<td>0.1 CHAT</td>\n			<td>1000000 CHAT</td>\n			<td>0.001 ETH</td>\n		</tr>\n		<tr>\n			<td>CMT/ETH</td>\n			<td>1 CMT</td>\n			<td>10000000 CMT</td>\n			<td>0.001 ETH</td>\n		</tr>\n		<tr>\n			<td>CNN/ETH</td>\n			<td>100 CNN</td>\n			<td>100000000 CNN</td>\n			<td>0.001 ETH</td>\n		</tr>\n		<tr>\n			<td>COVA/ETH</td>\n			<td>1 COVA</td>\n			<td>40000000 COVA</td>\n			<td>0.001 ETH</td>\n		</tr>\n		<tr>\n			<td>CTXC/ETH</td>\n			<td>0.1 CTXC</td>\n			<td>1000000 CTXC</td>\n			<td>0.001 ETH</td>\n		</tr>\n		<tr>\n			<td>CVC/ETH</td>\n			<td>0.1 CVC</td>\n			<td>2000000 CVC</td>\n			<td>0.001 ETH</td>\n		</tr>\n		<tr>\n			<td>CVCOIN/ETH</td>\n			<td>0.1 CVCOIN</td>\n			<td>1900000 CVCOIN</td>\n			<td>0.001 ETH</td>\n		</tr>\n		<tr>\n			<td>CVNT/ETH</td>\n			<td>1 CVNT</td>\n			<td>35000000 CVNT</td>\n			<td>0.001 ETH</td>\n		</tr>\n		<tr>\n			<td>DAC/ETH</td>\n			<td>1 DAC</td>\n			<td>20000000 DAC</td>\n			<td>0.001 ETH</td>\n		</tr>\n		<tr>\n			<td>DAT/ETH</td>\n			<td>1 DAT</td>\n			<td>5000000 DAT</td>\n			<td>0.001 ETH</td>\n		</tr>\n		<tr>\n			<td>DATX/ETH</td>\n			<td>1 DATX</td>\n			<td>50000000 DATX</td>\n			<td>0.001 ETH</td>\n		</tr>\n		<tr>\n			<td>DBC/ETH</td>\n			<td>0.1 DBC</td>\n			<td>1000000 DBC</td>\n			<td>0.001 ETH</td>\n		</tr>\n		<tr>\n			<td>DCR/ETH</td>\n			<td>0.001 DCR</td>\n			<td>10000 DCR</td>\n			<td>0.001 ETH</td>\n		</tr>\n		<tr>\n			<td>DGB/ETH</td>\n			<td>1 DGB</td>\n			<td>18000000 DGB</td>\n			<td>0.001 ETH</td>\n		</tr>\n		<tr>\n			<td>DGD/ETH</td>\n			<td>0.001 DGD</td>\n			<td>10000 DGD</td>\n			<td>0.0001 ETH</td>\n		</tr>\n		<tr>\n			<td>DOCK/ETH</td>\n			<td>1 DOCK</td>\n			<td>70000000 DOCK</td>\n			<td>0.001 ETH</td>\n		</tr>\n		<tr>\n			<td>DOGE/ETH</td>\n			<td>1 DOGE</td>\n			<td>200000000 DOGE</td>\n			<td>0.001 ETH</td>\n		</tr>\n		<tr>\n			<td>DTA/ETH</td>\n			<td>1 DTA</td>\n			<td>100000000 DTA</td>\n			<td>0.001 ETH</td>\n		</tr>\n		<tr>\n			<td>EDU/ETH</td>\n			<td>1 EDU</td>\n			<td>100000000 EDU</td>\n			<td>0.001 ETH</td>\n		</tr>\n		<tr>\n			<td>EGCC/ETH</td>\n			<td>1 EGCC</td>\n			<td>100000000 EGCC</td>\n			<td>0.001 ETH</td>\n		</tr>\n		<tr>\n			<td>EKO/ETH</td>\n			<td>1 EKO</td>\n			<td>10000000 EKO</td>\n			<td>0.001 ETH</td>\n		</tr>\n		<tr>\n			<td>EKT/ETH</td>\n			<td>0.1 EKT</td>\n			<td>5000000 EKT</td>\n			<td>0.001 ETH</td>\n		</tr>\n		<tr>\n			<td>ELA/ETH</td>\n			<td>0.01 ELA</td>\n			<td>50000 ELA</td>\n			<td>0.001 ETH</td>\n		</tr>\n		<tr>\n			<td>ELF/ETH</td>\n			<td>1 ELF</td>\n			<td>1000000 ELF</td>\n			<td>0.001 ETH</td>\n		</tr>\n		<tr>\n			<td>ENG/ETH</td>\n			<td>0.01 ENG</td>\n			<td>200000 ENG</td>\n			<td>0.001 ETH</td>\n		</tr>\n		<tr>\n			<td>EOS/ETH</td>\n			<td>0.1 EOS</td>\n			<td>1000000 EOS</td>\n			<td>0.001 ETH</td>\n		</tr>\n		<tr>\n			<td>ETN/ETH</td>\n			<td>1 ETN</td>\n			<td>100000000 ETN</td>\n			<td>0.001 ETH</td>\n		</tr>\n		<tr>\n			<td>EVX/ETH</td>\n			<td>0.01 EVX</td>\n			<td>100000 EVX</td>\n			<td>0.001 ETH</td>\n		</tr>\n		<tr>\n			<td>FAIR/ETH</td>\n			<td>1 FAIR</td>\n			<td>30000000 FAIR</td>\n			<td>0.001 ETH</td>\n		</tr>\n		<tr>\n			<td>FTI/ETH</td>\n			<td>1 FTI</td>\n			<td>100000000 FTI</td>\n			<td>0.001 ETH</td>\n		</tr>\n		<tr>\n			<td>GAS/ETH</td>\n			<td>0.001 GAS</td>\n			<td>10000 GAS</td>\n			<td>0.001 ETH</td>\n		</tr>\n		<tr>\n			<td>GET/ETH</td>\n			<td>1 GET</td>\n			<td>10000000 GET</td>\n			<td>0.001 ETH</td>\n		</tr>\n		<tr>\n			<td>GNT/ETH</td>\n			<td>0.1 GNT</td>\n			<td>5000000 GNT</td>\n			<td>0.001 ETH</td>\n		</tr>\n		<tr>\n			<td>GNX/ETH</td>\n			<td>0.1 GNX</td>\n			<td>1000000 GNX</td>\n			<td>0.001 ETH</td>\n		</tr>\n		<tr>\n			<td>GRS/ETH</td>\n			<td>0.1 GRS</td>\n			<td>1350000 GRS</td>\n			<td>0.001 ETH</td>\n		</tr>\n		<tr>\n			<td>GSC/ETH</td>\n			<td>1 GSC</td>\n			<td>10000000 GSC</td>\n			<td>0.001 ETH</td>\n		</tr>\n		<tr>\n			<td>GTC/ETH</td>\n			<td>1 GTC</td>\n			<td>10000000 GTC</td>\n			<td>0.001 ETH</td>\n		</tr>\n		<tr>\n			<td>GVE/ETH</td>\n			<td>1 GVE</td>\n			<td>450000000 GVE</td>\n			<td>0.001 ETH</td>\n		</tr>\n		<tr>\n			<td>GXC/ETH</td>\n			<td>0.01 GXC</td>\n			<td>250000 GXC</td>\n			<td>0.001 ETH</td>\n		</tr>\n		<tr>\n			<td>HC/ETH</td>\n			<td>0.01 HC</td>\n			<td>20000 HC</td>\n			<td>0.001 ETH</td>\n		</tr>\n		<tr>\n			<td>HIT/ETH</td>\n			<td>1 HIT</td>\n			<td>1250000000 HIT</td>\n			<td>0.001 ETH</td>\n		</tr>\n		<tr>\n			<td>HOT/ETH</td>\n			<td>1 HOT</td>\n			<td>10000000 HOT</td>\n			<td>0.001 ETH</td>\n		</tr>\n		<tr>\n			<td>HT/ETH</td>\n			<td>0.1 HT</td>\n			<td>1000000 HT</td>\n			<td>0.001 ETH</td>\n		</tr>\n		<tr>\n			<td>ICX/ETH</td>\n			<td>0.01 ICX</td>\n			<td>100000 ICX</td>\n			<td>0.001 ETH</td>\n		</tr>\n		<tr>\n			<td>IDT/ETH</td>\n			<td>1 IDT</td>\n			<td>20000000 IDT</td>\n			<td>0.001 ETH</td>\n		</tr>\n		<tr>\n			<td>IIC/ETH</td>\n			<td>1 IIC</td>\n			<td>50000000 IIC</td>\n			<td>0.001 ETH</td>\n		</tr>\n		<tr>\n			<td>IOST/ETH</td>\n			<td>1 IOST</td>\n			<td>10000000 IOST</td>\n			<td>0.001 ETH</td>\n		</tr>\n		<tr>\n			<td>IOTA/ETH</td>\n			<td>0.01 IOTA</td>\n			<td>500000 IOTA</td>\n			<td>0.001 ETH</td>\n		</tr>\n		<tr>\n			<td>IRIS/ETH</td>\n			<td>0.1 IRIS</td>\n			<td>4500000 IRIS</td>\n			<td>0.001 ETH</td>\n		</tr>\n		<tr>\n			<td>ITC/ETH</td>\n			<td>0.1 ITC</td>\n			<td>5000000 ITC</td>\n			<td>0.001 ETH</td>\n		</tr>\n		<tr>\n			<td>KAN/ETH</td>\n			<td>1 KAN</td>\n			<td>100000000 KAN</td>\n			<td>0.001 ETH</td>\n		</tr>\n		<tr>\n			<td>KCASH/ETH</td>\n			<td>1 KCASH</td>\n			<td>25000000 KCASH</td>\n			<td>0.001 ETH</td>\n		</tr>\n		<tr>\n			<td>KMD/ETH</td>\n			<td>0.1 KMD</td>\n			<td>800000 KMD</td>\n			<td>0.001 ETH</td>\n		</tr>\n		<tr>\n			<td>KNC/ETH</td>\n			<td>0.1 KNC</td>\n			<td>1000000 KNC</td>\n			<td>0.001 ETH</td>\n		</tr>\n		<tr>\n			<td>LAMB/ETH</td>\n			<td>1 LAMB</td>\n			<td>100000000 LAMB</td>\n			<td>0.001 ETH</td>\n		</tr>\n		<tr>\n			<td>LBA/ETH</td>\n			<td>1 LBA</td>\n			<td>50000000 LBA</td>\n			<td>0.001 ETH</td>\n		</tr>\n		<tr>\n			<td>LET/ETH</td>\n			<td>1 LET</td>\n			<td>10000000 LET</td>\n			<td>0.001 ETH</td>\n		</tr>\n		<tr>\n			<td>LINK/ETH</td>\n			<td>0.1 LINK</td>\n			<td>1000000 LINK</td>\n			<td>0.001 ETH</td>\n		</tr>\n		<tr>\n			<td>LOOM/ETH</td>\n			<td>1 LOOM</td>\n			<td>14000000 LOOM</td>\n			<td>0.001 ETH</td>\n		</tr>\n		<tr>\n			<td>LSK/ETH</td>\n			<td>0.001 LSK</td>\n			<td>50000 LSK</td>\n			<td>0.001 ETH</td>\n		</tr>\n		<tr>\n			<td>LUN/ETH</td>\n			<td>0.001 LUN</td>\n			<td>20000 LUN</td>\n			<td>0.001 ETH</td>\n		</tr>\n		<tr>\n			<td>LXT/ETH</td>\n			<td>1 LXT</td>\n			<td>50000000 LXT</td>\n			<td>0.001 ETH</td>\n		</tr>\n		<tr>\n			<td>LYM/ETH</td>\n			<td>1 LYM</td>\n			<td>9000000 LYM</td>\n			<td>0.001 ETH</td>\n		</tr>\n		<tr>\n			<td>MAN/ETH</td>\n			<td>0.1 MAN</td>\n			<td>500000 MAN</td>\n			<td>0.001 ETH</td>\n		</tr>\n		<tr>\n			<td>MANA/ETH</td>\n			<td>1 MANA</td>\n			<td>10000000 MANA</td>\n			<td>0.001 ETH</td>\n		</tr>\n		<tr>\n			<td>MCO/ETH</td>\n			<td>0.01 MCO</td>\n			<td>100000 MCO</td>\n			<td>0.001 ETH</td>\n		</tr>\n		<tr>\n			<td>MDS/ETH</td>\n			<td>1 MDS</td>\n			<td>10000000 MDS</td>\n			<td>0.001 ETH</td>\n		</tr>\n		<tr>\n			<td>MEET/ETH</td>\n			<td>1 MEET</td>\n			<td>5000000 MEET</td>\n			<td>0.001 ETH</td>\n		</tr>\n		<tr>\n			<td>MEX/ETH</td>\n			<td>1 MEX</td>\n			<td>10000000 MEX</td>\n			<td>0.001 ETH</td>\n		</tr>\n		<tr>\n			<td>MT/ETH</td>\n			<td>1 MT</td>\n			<td>125000000 MT</td>\n			<td>0.001 ETH</td>\n		</tr>\n		<tr>\n			<td>MTN/ETH</td>\n			<td>0.1 MTN</td>\n			<td>1000000 MTN</td>\n			<td>0.001 ETH</td>\n		</tr>\n		<tr>\n			<td>MTX/ETH</td>\n			<td>0.1 MTX</td>\n			<td>1000000 MTX</td>\n			<td>0.001 ETH</td>\n		</tr>\n		<tr>\n			<td>MUSK/ETH</td>\n			<td>1 MUSK</td>\n			<td>25000000 MUSK</td>\n			<td>0.001 ETH</td>\n		</tr>\n		<tr>\n			<td>NANO/ETH</td>\n			<td>0.01 NANO</td>\n			<td>345000 NANO</td>\n			<td>0.001 ETH</td>\n		</tr>\n		<tr>\n			<td>NAS/ETH</td>\n			<td>0.01 NAS</td>\n			<td>100000 NAS</td>\n			<td>0.001 ETH</td>\n		</tr>\n		<tr>\n			<td>NCASH/ETH</td>\n			<td>1 NCASH</td>\n			<td>100000000 NCASH</td>\n			<td>0.001 ETH</td>\n		</tr>\n		<tr>\n			<td>NCC/ETH</td>\n			<td>1 NCC</td>\n			<td>20000000 NCC</td>\n			<td>0.001 ETH</td>\n		</tr>\n		<tr>\n			<td>NEXO/ETH</td>\n			<td>1 NEXO</td>\n			<td>10000000 NEXO</td>\n			<td>0.001 ETH</td>\n		</tr>\n		<tr>\n			<td>NPXS/ETH</td>\n			<td>1 NPXS</td>\n			<td>1200000000 NPXS</td>\n			<td>0.001 ETH</td>\n		</tr>\n		<tr>\n			<td>NULS/ETH</td>\n			<td>0.1 NULS</td>\n			<td>2500000 NULS</td>\n			<td>0.001 ETH</td>\n		</tr>\n		<tr>\n			<td>OCN/ETH</td>\n			<td>1 OCN</td>\n			<td>10000000 OCN</td>\n			<td>0.001 ETH</td>\n		</tr>\n		<tr>\n			<td>OMG/ETH</td>\n			<td>0.01 OMG</td>\n			<td>200000 OMG</td>\n			<td>0.001 ETH</td>\n		</tr>\n		<tr>\n			<td>ONT/ETH</td>\n			<td>0.01 ONT</td>\n			<td>100000 ONT</td>\n			<td>0.001 ETH</td>\n		</tr>\n		<tr>\n			<td>OST/ETH</td>\n			<td>0.1 OST</td>\n			<td>1000000 OST</td>\n			<td>0.001 ETH</td>\n		</tr>\n		<tr>\n			<td>PAI/ETH</td>\n			<td>0.1 PAI</td>\n			<td>4500000 PAI</td>\n			<td>0.001 ETH</td>\n		</tr>\n		<tr>\n			<td>PAY/ETH</td>\n			<td>0.1 PAY</td>\n			<td>500000 PAY</td>\n			<td>0.001 ETH</td>\n		</tr>\n		<tr>\n			<td>PC/ETH</td>\n			<td>1 PC</td>\n			<td>100000000 PC</td>\n			<td>0.001 ETH</td>\n		</tr>\n		<tr>\n			<td>PNT/ETH</td>\n			<td>1 PNT</td>\n			<td>50000000 PNT</td>\n			<td>0.001 ETH</td>\n		</tr>\n		<tr>\n			<td>POLY/ETH</td>\n			<td>0.1 POLY</td>\n			<td>1000000 POLY</td>\n			<td>0.001 ETH</td>\n		</tr>\n		<tr>\n			<td>PORTAL/ETH</td>\n			<td>1 PORTAL</td>\n			<td>10000000 PORTAL</td>\n			<td>0.001 ETH</td>\n		</tr>\n		<tr>\n			<td>POWR/ETH</td>\n			<td>0.1 POWR</td>\n			<td>500000 POWR</td>\n			<td>0.001 ETH</td>\n		</tr>\n		<tr>\n			<td>PROPY/ETH</td>\n			<td>0.01 PROPY</td>\n			<td>100000 PROPY</td>\n			<td>0.001 ETH</td>\n		</tr>\n		<tr>\n			<td>QASH/ETH</td>\n			<td>0.1 QASH</td>\n			<td>1000000 QASH</td>\n			<td>0.001 ETH</td>\n		</tr>\n		<tr>\n			<td>QSP/ETH</td>\n			<td>1 QSP</td>\n			<td>10000000 QSP</td>\n			<td>0.001 ETH</td>\n		</tr>\n		<tr>\n			<td>QTUM/ETH</td>\n			<td>0.01 QTUM</td>\n			<td>100000 QTUM</td>\n			<td>0.0001 ETH</td>\n		</tr>\n		<tr>\n			<td>QUN/ETH</td>\n			<td>1 QUN</td>\n			<td>10000000 QUN</td>\n			<td>0.001 ETH</td>\n		</tr>\n		<tr>\n			<td>RCCC/ETH</td>\n			<td>1 RCCC</td>\n			<td>5900000 RCCC</td>\n			<td>0.001 ETH</td>\n		</tr>\n		<tr>\n			<td>RCN/ETH</td>\n			<td>1 RCN</td>\n			<td>10000000 RCN</td>\n			<td>0.001 ETH</td>\n		</tr>\n		<tr>\n			<td>RDN/ETH</td>\n			<td>0.1 RDN</td>\n			<td>1000000 RDN</td>\n			<td>0.001 ETH</td>\n		</tr>\n		<tr>\n			<td>REN/ETH</td>\n			<td>1 REN</td>\n			<td>5000000 REN</td>\n			<td>0.001 ETH</td>\n		</tr>\n		<tr>\n			<td>REQ/ETH</td>\n			<td>0.1 REQ</td>\n			<td>1000000 REQ</td>\n			<td>0.001 ETH</td>\n		</tr>\n		<tr>\n			<td>RTE/ETH</td>\n			<td>1 RTE</td>\n			<td>70000000 RTE</td>\n			<td>0.001 ETH</td>\n		</tr>\n		<tr>\n			<td>RUFF/ETH</td>\n			<td>1 RUFF</td>\n			<td>10000000 RUFF</td>\n			<td>0.001 ETH</td>\n		</tr>\n		<tr>\n			<td>SALT/ETH</td>\n			<td>0.1 SALT</td>\n			<td>100000 SALT</td>\n			<td>0.001 ETH</td>\n		</tr>\n		<tr>\n			<td>SC/ETH</td>\n			<td>1 SC</td>\n			<td>300000000 SC</td>\n			<td>0.001 ETH</td>\n		</tr>\n		<tr>\n			<td>SEELE/ETH</td>\n			<td>1 SEELE</td>\n			<td>10000000 SEELE</td>\n			<td>0.001 ETH</td>\n		</tr>\n		<tr>\n			<td>SHE/ETH</td>\n			<td>1 SHE</td>\n			<td>50000000 SHE</td>\n			<td>0.001 ETH</td>\n		</tr>\n		<tr>\n			<td>SMT/ETH</td>\n			<td>1 SMT</td>\n			<td>10000000 SMT</td>\n			<td>0.001 ETH</td>\n		</tr>\n		<tr>\n			<td>SNC/ETH</td>\n			<td>0.1 SNC</td>\n			<td>1000000 SNC</td>\n			<td>0.001 ETH</td>\n		</tr>\n		<tr>\n			<td>SOC/ETH</td>\n			<td>1 SOC</td>\n			<td>5000000 SOC</td>\n			<td>0.001 ETH</td>\n		</tr>\n		<tr>\n			<td>SRN/ETH</td>\n			<td>0.01 SRN</td>\n			<td>300000 SRN</td>\n			<td>0.001 ETH</td>\n		</tr>\n		<tr>\n			<td>SSP/ETH</td>\n			<td>1 SSP</td>\n			<td>80000000 SSP</td>\n			<td>0.001 ETH</td>\n		</tr>\n		<tr>\n			<td>STEEM/ETH</td>\n			<td>0.01 STEEM</td>\n			<td>300000 STEEM</td>\n			<td>0.001 ETH</td>\n		</tr>\n		<tr>\n			<td>STK/ETH</td>\n			<td>1 STK</td>\n			<td>10000000 STK</td>\n			<td>0.001 ETH</td>\n		</tr>\n		<tr>\n			<td>SWFTC/ETH</td>\n			<td>1 SWFTC</td>\n			<td>10000000 SWFTC</td>\n			<td>0.001 ETH</td>\n		</tr>\n		<tr>\n			<td>THETA/ETH</td>\n			<td>1 THETA</td>\n			<td>10000000 THETA</td>\n			<td>0.001 ETH</td>\n		</tr>\n		<tr>\n			<td>TNB/ETH</td>\n			<td>1 TNB</td>\n			<td>50000000 TNB</td>\n			<td>0.001 ETH</td>\n		</tr>\n		<tr>\n			<td>TNT/ETH</td>\n			<td>1 TNT</td>\n			<td>10000000 TNT</td>\n			<td>0.001 ETH</td>\n		</tr>\n		<tr>\n			<td>TOPC/ETH</td>\n			<td>1 TOPC</td>\n			<td>10000000 TOPC</td>\n			<td>0.001 ETH</td>\n		</tr>\n		<tr>\n			<td>TOS/ETH</td>\n			<td>1 TOS</td>\n			<td>10000000 TOS</td>\n			<td>0.001 ETH</td>\n		</tr>\n		<tr>\n			<td>TRIO/ETH</td>\n			<td>1 TRIO</td>\n			<td>330000000 TRIO</td>\n			<td>0.001 ETH</td>\n		</tr>\n		<tr>\n			<td>TRX/ETH</td>\n			<td>1 TRX</td>\n			<td>10000000 TRX</td>\n			<td>0.001 ETH</td>\n		</tr>\n		<tr>\n			<td>UC/ETH</td>\n			<td>1 UC</td>\n			<td>100000000 UC</td>\n			<td>0.001 ETH</td>\n		</tr>\n		<tr>\n			<td>UGAS/ETH</td>\n			<td>0.1 UGAS</td>\n			<td>3300000 UGAS</td>\n			<td>0.001 ETH</td>\n		</tr>\n		<tr>\n			<td>UIP/ETH</td>\n			<td>1 UIP</td>\n			<td>10000000 UIP</td>\n			<td>0.001 ETH</td>\n		</tr>\n		<tr>\n			<td>UTK/ETH</td>\n			<td>0.1 UTK</td>\n			<td>1000000 UTK</td>\n			<td>0.001 ETH</td>\n		</tr>\n		<tr>\n			<td>UUU/ETH</td>\n			<td>10 UUU</td>\n			<td>100000000 UUU</td>\n			<td>0.001 ETH</td>\n		</tr>\n		<tr>\n			<td>VEN/ETH</td>\n			<td>0.01 VEN</td>\n			<td>100000 VEN</td>\n			<td>0.001 ETH</td>\n		</tr>\n		<tr>\n			<td>VET/ETH</td>\n			<td>1 VET</td>\n			<td>100000000 VET</td>\n			<td>0.001 ETH</td>\n		</tr>\n		<tr>\n			<td>WAN/ETH</td>\n			<td>0.01 WAN</td>\n			<td>100000 WAN</td>\n			<td>0.001 ETH</td>\n		</tr>\n		<tr>\n			<td>WAVES/ETH</td>\n			<td>0.01 WAVES</td>\n			<td>200000 WAVES</td>\n			<td>0.001 ETH</td>\n		</tr>\n		<tr>\n			<td>WAX/ETH</td>\n			<td>0.01 WAX</td>\n			<td>1000000 WAX</td>\n			<td>0.001 ETH</td>\n		</tr>\n		<tr>\n			<td>WICC/ETH</td>\n			<td>0.1 WICC</td>\n			<td>1000000 WICC</td>\n			<td>0.001 ETH</td>\n		</tr>\n		<tr>\n			<td>WPR/ETH</td>\n			<td>0.01 WPR</td>\n			<td>1000000 WPR</td>\n			<td>0.001 ETH</td>\n		</tr>\n		<tr>\n			<td>WTC/ETH</td>\n			<td>0.1 WTC</td>\n			<td>300000 WTC</td>\n			<td>0.001 ETH</td>\n		</tr>\n		<tr>\n			<td>XLM/ETH</td>\n			<td>0.1 XLM</td>\n			<td>2500000 XLM</td>\n			<td>0.001 ETH</td>\n		</tr>\n		<tr>\n			<td>XMR/ETH</td>\n			<td>0.0001 XMR</td>\n			<td>5000 XMR</td>\n			<td>0.001 ETH</td>\n		</tr>\n		<tr>\n			<td>XMX/ETH</td>\n			<td>1 XMX</td>\n			<td>250000000 XMX</td>\n			<td>0.001 ETH</td>\n		</tr>\n		<tr>\n			<td>XTZ/ETH</td>\n			<td>0.1 XTZ</td>\n			<td>2000000 XTZ</td>\n			<td>0.001 ETH</td>\n		</tr>\n		<tr>\n			<td>XVG/ETH</td>\n			<td>1 XVG</td>\n			<td>30000000 XVG</td>\n			<td>0.001 ETH</td>\n		</tr>\n		<tr>\n			<td>XZC/ETH</td>\n			<td>0.01 XZC</td>\n			<td>55000 XZC</td>\n			<td>0.001 ETH</td>\n		</tr>\n		<tr>\n			<td>YCC/ETH</td>\n			<td>1 YCC</td>\n			<td>10000000 YCC</td>\n			<td>0.001 ETH</td>\n		</tr>\n		<tr>\n			<td>YEE/ETH</td>\n			<td>1 YEE</td>\n			<td>10000000 YEE</td>\n			<td>0.001 ETH</td>\n		</tr>\n		<tr>\n			<td>ZEN/ETH</td>\n			<td>0.001 ZEN</td>\n			<td>52000 ZEN</td>\n			<td>0.001 ETH</td>\n		</tr>\n		<tr>\n			<td>ZIL/ETH</td>\n			<td>1 ZIL</td>\n			<td>10000000 ZIL</td>\n			<td>0.001 ETH</td>\n		</tr>\n		<tr>\n			<td>ZJLT/ETH</td>\n			<td>1 ZJLT</td>\n			<td>30000000 ZJLT</td>\n			<td>0.001 ETH</td>\n		</tr>\n		<tr>\n			<td>ZLA/ETH</td>\n			<td>0.1 ZLA</td>\n			<td>1000000 ZLA</td>\n			<td>0.001 ETH</td>\n		</tr>\n		<tr>\n			<td>ZRX/ETH</td>\n			<td>0.1 ZRX</td>\n			<td>2000000 ZRX</td>\n			<td>0.001 ETH</td>\n		</tr>\n		<tr>\n			<td>BCH/HT</td>\n			<td>0.0001 BCH</td>\n			<td>700 BCH</td>\n			<td>0.01 HT</td>\n		</tr>\n		<tr>\n			<td>DASH/HT</td>\n			<td>0.0001 DASH</td>\n			<td>2500 DASH</td>\n			<td>0.01 HT</td>\n		</tr>\n		<tr>\n			<td>EOS/HT</td>\n			<td>0.1 EOS</td>\n			<td>60000 EOS</td>\n			<td>0.01 HT</td>\n		</tr>\n		<tr>\n			<td>ETC/HT</td>\n			<td>0.01 ETC</td>\n			<td>50000 ETC</td>\n			<td>0.01 HT</td>\n		</tr>\n		<tr>\n			<td>HPT/HT</td>\n			<td>10 HPT</td>\n			<td>70000000 HPT</td>\n			<td>0.1 HT</td>\n		</tr>\n		<tr>\n			<td>IOST/HT</td>\n			<td>1 IOST</td>\n			<td>20000000 IOST</td>\n			<td>0.01 HT</td>\n		</tr>\n		<tr>\n			<td>KCASH/HT</td>\n			<td>1 KCASH</td>\n			<td>10000000 KCASH</td>\n			<td>0.01 HT</td>\n		</tr>\n		<tr>\n			<td>LTC/HT</td>\n			<td>0.001 LTC</td>\n			<td>7000 LTC</td>\n			<td>0.01 HT</td>\n		</tr>\n		<tr>\n			<td>MT/HT</td>\n			<td>1 MT</td>\n			<td>50000000 MT</td>\n			<td>0.01 HT</td>\n		</tr>\n		<tr>\n			<td>NEW/HT</td>\n			<td>1 NEW</td>\n			<td>100000000 NEW</td>\n			<td>0.01 HT</td>\n		</tr>\n		<tr>\n			<td>RSR/HT</td>\n			<td>1 RSR</td>\n			<td>650000000 RSR</td>\n			<td>0.1 HT</td>\n		</tr>\n		<tr>\n			<td>TOP/HT</td>\n			<td>1 TOP</td>\n			<td>100000000 TOP</td>\n			<td>0.1 HT</td>\n		</tr>\n		<tr>\n			<td>TT/HT</td>\n			<td>1 TT</td>\n			<td>20000000 TT</td>\n			<td>0.1 HT</td>\n		</tr>\n		<tr>\n			<td>XRP/HT</td>\n			<td>0.1 XRP</td>\n			<td>1000000 XRP</td>\n			<td>0.01 HT</td>\n		</tr>\n		<tr>\n			<td>BTC/HUSD</td>\n			<td>0.0001 BTC</td>\n			<td>100 BTC</td>\n			<td>0.1 HUSD</td>\n		</tr>\n		<tr>\n			<td>EOS/HUSD</td>\n			<td>0.01 EOS</td>\n			<td>100000 EOS</td>\n			<td>1 HUSD</td>\n		</tr>\n		<tr>\n			<td>ETH/HUSD</td>\n			<td>0.001 ETH</td>\n			<td>5000 ETH</td>\n			<td>1 HUSD</td>\n		</tr>\n		<tr>\n			<td>HT/HUSD</td>\n			<td>0.1 HT</td>\n			<td>500000 HT</td>\n			<td>1 HUSD</td>\n		</tr>\n		<tr>\n			<td>USDT/HUSD</td>\n			<td>0.1 USDT</td>\n			<td>1000000 USDT</td>\n			<td>1 HUSD</td>\n		</tr>\n		<tr>\n			<td>XRP/HUSD</td>\n			<td>0.1 XRP</td>\n			<td>2500000 XRP</td>\n			<td>1 HUSD</td>\n		</tr>\n	</tbody>\n</table>\n', b'0', b'1', '15618098505875100', '1561806305762', '2019-06-29 20:04:10', '2019-06-29 20:04:10', 300008);
INSERT INTO `T_ArticleLang` VALUES ('15618713419283824', '投票规则说明', '<div class=\"article-body\"><p>HT（火币全球通用积分）是构建火币生态的核心，发行至今我们正在有序推进各项基于HT的应用场景逐步落地，而HT持有者作为火币生态的参与者也将会获得越来越多的价值回馈。HADAX投票上币是基于HT的应用场景之一，推出以来获得广大用户、项目方和合作伙伴的鼎力支持，同时，在HADAX投票上币中胜出的项目也给HT持有者回馈了大量的Token空投。现在，我们决定进一步提升HT持有者的权益，给予HT持有者免费参与社群决策的权利，在HADAX第三期投票上币中，持有HT的用户可以免费投票，投票支付的HT仅作为一个投票见证，在投票结束后可以随时退回。因此，第三期投票上币规则我们制定如下：</p>\n<p>&nbsp;</p>\n<p>一、投票周期</p>\n<p>第三期第八轮投票上币投票周期为6天，时间为：6月4日13:00开始，6月10日13:00结束；</p>\n<p>&nbsp;</p>\n<p>二、用户免费投票：</p>\n<p>1、 投票先支付后退费，投票先支付HT（0.1HT=1票），投票结束后胜出的项目在上币前由HADAX统一退还所投HT；</p>\n<p>2、 投票结束时未胜出项目的票用户可以自主退票，也可以留着直到该项目胜出后由HADAX统一退还 ；</p>\n<p>3、 项目方可以自行设置投票激励，投票给该项目的用户在项目上线后按投票票数瓜分投票激励，比如：A项目设置激励总额100万Token，用户共投了100万票，则每票获赠1个Token，在投票过程中项目方可以调整激励Token，但是只能调高不能调低；&nbsp;</p>\n<p>4、 项目方赠予用户的Token会分4次发给投票的用户，上线当时发放1/4，之后每隔7天发放1/4，发完为止；</p>\n<p>注：投票支付的HT会全部退还，投票期间锁仓是为了规避频繁投票和退票影响最终的投票结果而设置，用户可以在每期投票结束后的退票窗口退回支付的HT。</p>\n<p>&nbsp;</p>\n<p>三、超级投票节点</p>\n<p>1、超级投票节点是HADAX引入的在行业内信誉良好的专业投资机构，主要职责是协助HADAX对申请投票上币的项目进行专业的投票和点评。</p>\n<p>2、通过超级投票节点的专业能力帮助用户甄别出优质的项目，降低用户的投资风险；</p>\n<p>3、超级节点采用实名制投票，超级节点的投票表示推荐该项目上线HADAX；</p>\n<p>4、100%的超级节点投票通过的项目，可以推荐上Huobi Pro，进行Huobi Pro的过会审核流程；</p>\n<p>5、我们会根据超级投票节点投票的结果，按票数从高到低来选择进入公众投票的项目列表；</p>\n<p>6、超级节点推荐的项目优先初审；</p>\n<p>7、为了规避项目方贿选，本轮项目初审改为随机选择21个超级投票节点参与投票的方式，没有选中的超级投票节点将在本轮轮空；</p>\n<p>8、 通过超级节点初选的项目将动态添加到投票列表。</p>\n<p>&nbsp;</p>\n<p>四、项目保证金机制：</p>\n<p>1、 项目方需要缴纳50万HT保证金，保证金从上线HADAX交易所第二个月开始，分12个月退还，按月退还；</p>\n<p>2、 保证金的作用： 如果项目触达退市条件（比如：团队解散，团队要求退市，流动性不足，突然分叉，违法违规等），剩余保证金作为用户补偿；</p>\n<p>3、 保证金的金额会显示在投票页面。</p>\n<p>&nbsp;</p>\n<p>五、最终入选项目条件：</p>\n<p>获得票数第一名项目胜出；</p>\n<p>&nbsp;</p>\n<p>六、第三期第七轮投票上币的处理</p>\n<p>1、 本轮投票上币结束后将暂停所有项目的投票和退票；</p>\n<p>2、未胜出项目用户可以在退票窗口期自主退票，窗口期为2018-6-2 14:00至2018-6-3 13:00；您也可以保留投票至下一轮，直到该项目胜出后由HADAX统一返还 。</p>\n<p>注：投票支付的HT会全部退还，投票期间锁仓是为了规避频繁投票和退票影响最终的投票结果而设置，用户可以在每期投票结束后的退票窗口退回支付的HT。</p>\n<p>&nbsp;</p>\n<p>感谢您对HADAX的支持！</p>\n<p>&nbsp;</p>\n<p>再次感谢广大用户、项目方和合作伙伴的支持，我们将竭诚为大家提供更优质的服务！</p>\n<p>&nbsp;</p>\n<p>&nbsp;</p></div>', b'0', b'0', '15618713417879782', '1561806305762', '2019-06-30 14:56:39', '2019-06-30 13:09:01', 300011);
INSERT INTO `T_ArticleLang` VALUES ('15618714330685236', 'HB10交易小常识', '<div class=\"article-body\"><p><img src=\"/hc/article_attachments/360000105322/IMG_2109.JPG\" alt=\"IMG_2109.JPG\"></p></div>', b'0', b'0', '15618714330646043', '1561806305762', '2019-06-30 13:10:33', '2019-06-30 13:10:33', 300012);
INSERT INTO `T_ArticleLang` VALUES ('15618714719046050', '如何防止钓鱼攻击', '<div class=\"article-body\"><p><strong><span class=\"wysiwyg-font-size-large\">1.什么是钓鱼</span></strong></p>\n<p>钓⻥式攻击，是通过伪装成他人以获得如用户名、密码、资⾦和身份证等个人敏感信息的犯罪诈骗过程。这些通信都声称（⾃⼰）来⾃官⽅、运营、客服或是网络管理者，以此来诱骗获取受害人的轻信。</p>\n<h1><strong><span class=\"wysiwyg-font-size-large\">2.&nbsp; 钓鱼传播途径</span></strong></h1>\n<ul>\n<li>通过病毒&nbsp;&nbsp; 不法分子克隆⼀个与⽕币⼀模一样的⽹站，然后使用⼀些电脑病毒程序、垃圾软件等将假网站地址发送到客户的电脑上，或放在搜索⽹网站上诱骗⽤户登录，以窃取⽤用户账号密码、交易信息或资⾦等。</li>\n<li>通过⼿机短信&nbsp;&nbsp; 不法分子利⽤⼿机短信，冒充⽕币向⽤用户发送诈骗短信，声称用户中奖或账户被他人盗⽤等，要求用户尽快登录到<strong>短信中指定的⽹站进⾏身份验证</strong>。⽽该网站是不法分子建⽴的、⽤于套取⽤户信息的假网站，如用户登录该⽹站并进行操作，那么用户的账号、密码等信息将会被不法分⼦获悉。</li>\n<li>建立虚假的网站 不法分子首先建立⼀个虚假网站，比如接到用户举报的www.hbg.br.com，然后在QQ、微信等社交平台网站发布虚假的活动信息，该活动往往给⽤户画⼀个很⼤的饼，当⽤户在该假网站登录的时候账号密码信息将被不法分子获悉。</li>\n<li>通过冒充官方的邮箱 不法分⼦⼤量发送欺诈性邮件，引诱用户登录假网站，这些邮件多以中奖、系统升级等各种理由，要求收件⼈点击邮件上的链接地址，登录⼀个跟⽕币网⻚相似的界面，⽽用户⼀旦在这个指定的登录界⾯输入了⾃⼰的账号密码等信息，这些信息就会被窃取。</li>\n<li>通过社群转发钓鱼网站链接，引诱用户登录虚假网站。</li>\n</ul>\n<h1><strong><span class=\"wysiwyg-font-size-large\">3.防钓鱼</span></strong></h1>\n<ul>\n<li>使用比较安全的chrome浏览器，并升级到最新版本；</li>\n</ul>\n<p>&nbsp; &nbsp; &nbsp; &nbsp; &nbsp;注：Chrome是谷歌的产品，安全性是公认较高的，升级最新版本是因为低版本的会有很多漏洞，⽐如说“Punycode钓⻥攻击”链接：<a href=\"https://blog.csdn.net/qq_27446553/article/details/70255763\">https://blo</a><a href=\"https://blog.csdn.net/qq_27446553/article/details/70255763\">g</a><a href=\"https://blog.csdn.net/qq_27446553/article/details/70255763\">.csdn.net/qq</a><a href=\"https://blog.csdn.net/qq_27446553/article/details/70255763\">_</a><a href=\"https://blog.csdn.net/qq_27446553/article/details/70255763\">27446553/article/details/70255763</a></p>\n<ul>\n<li>不要随意安装浏览器插件；</li>\n</ul>\n<p>&nbsp; &nbsp; &nbsp; &nbsp; 注：浏览器插件拥有很⾼的权限，存在被盗号的风险，比如说“<a href=\"https://www.v2ex.com/t/389340?p=1\">chrome下User-Agent Switcher后门事件</a>”。</p>\n<ul>\n<li>切勿打开不可信的链接地址，不要在来路不明的⽹站上输入火币的账号密码以及个人信息，以免被钓鱼⽹站或⽹络⽊⻢等窃取；</li>\n<li>安装杀毒软件，定期对电脑和⼿机进⾏杀毒；</li>\n<li>按时更新系统补丁；</li>\n<li>请勿将官方发送的验证码给其他人；</li>\n<li>当您登陆或者进行交易相关的操作时候请确定域名是否属于火币，对未知的域名可向客服咨询。</li>\n</ul></div>', b'0', b'0', '15618714719012156', '1561806305762', '2019-06-30 13:11:11', '2019-06-30 13:11:11', 300013);
INSERT INTO `T_ArticleLang` VALUES ('15618715227411229', '项目展示中心填写指引', '<div class=\"article-body\"><p>1、申请中心页面</p>\n<p><a href=\"https://www.huobi.br.com/zh-cn/application-center/\">https://www.huobi.br.com/zh-cn/application-center/ </a>（简体中文）</p>\n<p>2、申请链接（拉至页面最底部）</p>\n<p><a href=\"https://www.huobi.br.com/zh-cn/application-center/\">https://www.huobi.br.com/zh-cn/application-center/</a>（推荐，国内不需要翻墙）</p>\n<p>&nbsp;<img src=\"/hc/article_attachments/360000224062/mceclip0.png\"></p>\n<p>&nbsp;<strong>或点击官网的项目展示（如下），点击“申请展示”</strong></p>\n<p>&nbsp;<img src=\"/hc/article_attachments/360000224082/mceclip1.png\"></p>\n<p>3、项目名称</p>\n<ul>\n<li>中文均不要超过20个字符</li>\n<li>英文均不要超过20个字符</li>\n<li>英文空格算一个字符</li>\n</ul>\n<p><img src=\"/hc/article_attachments/360000222101/mceclip2.png\"></p>\n<p>4、中英文项目简介</p>\n<ul>\n<li>中文不要超过200字符（中文1个字是2个字符）</li>\n<li>英文不要超过200字符（单词之间的空格也算1个字符）</li>\n</ul>\n<p><img src=\"/hc/article_attachments/360000224102/mceclip3.png\">&nbsp;</p>\n<p>5、标签</p>\n<ul>\n<li>分类至多勾选3个（请根据实际情况勾选）</li>\n</ul>\n<p><img src=\"/hc/article_attachments/360000222121/mceclip4.png\">&nbsp;</p>\n<p>6、发行总量</p>\n<ul>\n<li>仅支持阿拉伯数字，不支持“，”</li>\n</ul>\n<p><img src=\"/hc/article_attachments/360000222141/mceclip5.png\">&nbsp;</p>\n<p>7、项目介绍</p>\n<ul>\n<li>中英文不要超过8000字符，空格也算字符</li>\n</ul>\n<p><img src=\"/hc/article_attachments/360000222161/mceclip6.png\">&nbsp;</p>\n<p>8、项目视频</p>\n<ul>\n<li>仅支持视频需要转换成MP4的AVC（H264）格式</li>\n<li>内容大小要求<strong>500M</strong>以下</li>\n<li>对用户仅展示前5条视频</li>\n<li>如果视频上传期间遇到别的问题，可尝试重新登录再上传</li>\n</ul>\n<p>9、项目直播（非必填项）</p>\n<ul>\n<li>支持渠道：一直播、映客、YouTube</li>\n<li>项目方需要在第三方直播渠道注册自己的账户，开启直播</li>\n<li>自行添加链接</li>\n</ul>\n<p>10、项目审核中标志</p>\n<p>&nbsp;<img src=\"/hc/article_attachments/360000222181/mceclip7.png\"></p>\n<p>11、项目审核通过标志</p>\n<p>&nbsp;<img src=\"/hc/article_attachments/360000222201/mceclip8.png\">&nbsp;</p>\n<p>12、如何更新</p>\n<ul>\n<li>审核通过后，项目进展和更新资料可随时提交。登录火币账号，按照上述步骤进入申请中心，点击下图中的“编辑信息”即可。</li>\n</ul>\n<p>&nbsp;<img src=\"/hc/article_attachments/360000222221/mceclip9.png\"></p></div>', b'0', b'0', '15618715227391633', '1561806305762', '2019-06-30 13:12:02', '2019-06-30 13:12:02', 300014);
INSERT INTO `T_ArticleLang` VALUES ('15618715600914960', '如何设置谷歌验证码', '<div class=\"article-body\"><p class=\"article-title\" title=\"如何设置谷歌验证码\">什么是谷歌验证器？<span class=\"wysiwyg-font-size-medium\">谷歌验证器是一款动态口令工具，工作原理类似短信动态验证。绑定后每30s生成一个动态验证码，验证码可用于登录、提现、修改安全设置等操作的安全验证。具体如何设置：</span></p>\n<p>一、使用手机下载谷歌验证器。iOS用户登录AppStore搜索\"Authenticator\"，安卓用户登录应用商店或利用手机浏览器搜索“谷歌验证器”下载。</p>\n<p>&nbsp;</p>\n<p><img title=\"1513748837981037286.png\" src=\"https://huobi-1252264550.file.myqcloud.com/bit/upload/ac0a4c24-dbe7-4163-bab5-54af4deee823.png\" alt=\"image.png\" width=\"251\" height=\"256\">&nbsp; &nbsp;&nbsp;<img title=\"1513749204691050502.png\" src=\"https://huobi-1252264550.file.myqcloud.com/bit/upload/6eade0e3-9a52-433b-a890-946e8b6fea62.png\" alt=\"image.png\" width=\"299\" height=\"257\"></p>\n<p>iOS版下载链接：<a href=\"https://itunes.apple.com/cn/app/google-authenticator/id388497605?mt=8\" target=\"_blank\" rel=\"noopener\">https://itunes.apple.com/cn/app/google-authenticator/id388497605?mt=8</a></p>\n<p>安卓版下载链接：<a href=\"http://shouji.baidu.com/software/22417419.html\" target=\"_blank\" rel=\"noopener\">http://shouji.baidu.com/software/22417419.html</a></p>\n<p>安卓版谷歌验证器扫码下载：</p>\n<p><img title=\"1514776858398018610.png\" src=\"https://huobi-1252264550.file.myqcloud.com/bit/upload/5c78aea5-b580-4e16-a27b-22f25e489888.png\" alt=\"1514776858398018610.png\" width=\"205\" height=\"205\" border=\"0\"></p>\n<p>&nbsp;</p>\n<p>二、<strong>iOS手机用户：</strong>请打开谷歌验证器APP，点击右上角\"+\"，选择\"扫描条形码\"。</p>\n<p><img title=\"1513749569605051238.png\" src=\"https://huobi-1252264550.file.myqcloud.com/bit/upload/48789309-da06-4d9f-968c-e8c7e0928341.png\" alt=\"1513749569605051238.png\" width=\"250\" height=\"417\" border=\"0\"></p>\n<p>&nbsp;</p>\n<p><strong>安卓手机用户：</strong>无法扫描条形码，请您选择“手动输入验证码”，按下图输入相关信息后选择“√”保存。</p>\n<p><img title=\"1514712904532048830.png\" src=\"https://huobi-1252264550.file.myqcloud.com/bit/upload/1a27631b-6d81-4b87-90f2-926b4f7af4c7.png\" alt=\"1514712904532048830.png\" width=\"250\" height=\"234\" border=\"0\"></p>\n<p>&nbsp;</p>\n<p>三、扫描火币绑定页面中显示的二维码或手动输入下图红框中所示密钥，此时您手机中的谷歌验证器APP将生成一串6位数字的验证码，填入空格，点击绑定。</p>\n<p><img title=\"1515318923792079585.png\" src=\"https://huobi-1252264550.file.myqcloud.com/bit/upload/37ebccc2-5a9e-40f1-8051-9d7faf2c183b.png\" alt=\"image.png\" width=\"686\" height=\"292\"></p>\n<p>&nbsp;</p>\n<p>四、在新的页面输入邮箱验证码/短信验证码，邮箱验证码有效期是30分钟，短信验证码有效期是10分钟，谷歌验证码有效期是30秒。<strong>如果您频繁尝试，但是仍提示您谷歌验证码错误，请您将手机和电脑的时间同步一下，调成一致。</strong></p>\n<p>&nbsp;</p>\n<p>五、此后在火币进行登录或其他安全操作时，均需要填写谷歌验证器APP中对应的6位数字。验证码30秒变化一次，请您注意输入最新验证码。</p>\n<p>&nbsp;</p>\n<p>六、手机丢失，谷歌验证码丢失怎么办？</p>\n<p>1.<strong>强烈建议您在绑定谷歌验证码时，将密钥或二维码保存下来</strong>，万一手机丢失，可以在新手机上重新绑定。</p>\n<p>2.如果您忘记备份密钥或二维码，请将手持身份证照片和联系电话邮件发送至support@huobi.pro申请解绑谷歌验证码，待客服人员处理后，您可以重新绑定新的谷歌验证码。</p>\n<p>&nbsp;</p>\n<p>&nbsp;</p>\n<p>&nbsp;</p>\n<p>&nbsp;</p>\n<p>&nbsp;</p></div>', b'0', b'0', '15618715600895363', '1561806305762', '2019-06-30 13:12:40', '2019-06-30 13:12:40', 300015);
INSERT INTO `T_ArticleLang` VALUES ('15618794442018165', 'HT (Huobi Token) 销毁记录公示', '<p>尊敬的用户，</p>\n\n<p>火币全球站将在本公告内持续更新HT的销毁记录，确保所有的销毁操作公开和透明。</p>\n\n<p><strong>第五次销毁公示</strong><br />\n<strong>销毁时间：</strong>新加坡时间2019年6月27日 22:04:57<br />\n<strong>销毁数量：</strong>131284.9702945&nbsp;HT<br />\n<strong>销毁背景：</strong>根据&ldquo;FastTrack第三轮投票细则&rdquo;，火币全球站已完成对出让第三轮上币项目SKM所得HT的全部销毁。<br />\n<strong>销毁记录：</strong><br />\n<a href=\"https://etherscan.io/tx/0x769dda8eda0a580366e6f86ee30e3d5a087b1f9f483ccdb50d4c4e550f2f091d\">https://etherscan.io/tx/0x769dda8eda0a580366e6f86ee30e3d5a087b1f9f483ccdb50d4c4e550f2f091d</a><br />\n<strong>销毁公告链接：</strong><a href=\"https://huobiglobal.zendesk.com/hc/zh-cn/articles/360000316002\">https://huobiglobal.zendesk.com/hc/zh-cn/articles/360000316002</a></p>\n\n<p>&nbsp;</p>\n\n<p><strong>第四次销毁公示</strong><br />\n<strong>销毁时间：</strong>新加坡时间2019年6月20日 22:03:09<br />\n<strong>销毁数量：</strong>135141.22392856&nbsp;HT<br />\n<strong>销毁背景：</strong>根据&ldquo;FastTrack第二轮投票细则&rdquo;，火币全球站已完成对出让第二轮上币项目NKN所得HT的全部销毁。<br />\n<strong>销毁记录：</strong><br />\n<a href=\"https://etherscan.io/tx/0xb369dd8be2f37d6b815a106925c95040fffffaf302ac7271c3720dd099748203\">https://etherscan.io/tx/0xb369dd8be2f37d6b815a106925c95040fffffaf302ac7271c3720dd099748203</a><br />\n<strong>销毁公告链接：</strong><a href=\"https://huobiglobal.zendesk.com/hc/zh-cn/articles/360000308882\">https://huobiglobal.zendesk.com/hc/zh-cn/articles/360000308882</a></p>\n\n<p>&nbsp;</p>\n\n<p><strong>第三次销毁公示</strong><br />\n<strong>销毁时间：</strong>新加坡时间2019年6月13日 22:10:35<br />\n<strong>销毁数量：</strong>149214.7101126&nbsp;HT<br />\n<strong>销毁背景：</strong>根据&ldquo;FastTrack投票细则&rdquo;，火币全球站已完成对出让首轮上币项目ATP所得HT的全部销毁。<br />\n<strong>销毁记录：</strong><br />\n<a href=\"https://etherscan.io/tx/0xd002e3e2f738fdbef9e4beafc186cdf4d924cf6d3cf960940e224f76f2cb4348\" target=\"_blank\">https://etherscan.io/tx/0xd002e3e2f738fdbef9e4beafc186cdf4d924cf6d3cf960940e224f76f2cb4348</a><br />\n<strong>销毁公告链接：</strong><a href=\"https://huobiglobal.zendesk.com/hc/zh-cn/articles/360000300782\" target=\"_blank\">https://huobiglobal.zendesk.com/hc/zh-cn/articles/360000300782</a></p>\n\n<p>&nbsp;</p>\n\n<p><strong>第二次销毁公示</strong><br />\n<strong>销毁时间：</strong>新加坡时间2019年5月9日&nbsp;21:15:48<br />\n<strong>销毁数量：</strong>208333.3313 HT<br />\n<strong>销毁背景：</strong>根据&ldquo;Prime Lite规则&rdquo;，火币全球站已完成对出让首期项目ThunderCore所得HT的全部销毁。<br />\n<strong>销毁记录：</strong><br />\n<a href=\"https://etherscan.io/tx/0x9b5d34dad0f253979f59a679a18c1e659d78dbcc7e95282bae76793b7c65c5ad\" target=\"_self\">https://etherscan.io/tx/0x9b5d34dad0f253979f59a679a18c1e659d78dbcc7e95282bae76793b7c65c5ad</a><br />\n<strong>销毁公告链接：</strong><a href=\"https://huobiglobal.zendesk.com/hc/zh-cn/articles/360000264202\" target=\"_self\">https://huobiglobal.zendesk.com/hc/zh-cn/articles/360000264202</a></p>\n\n<p>&nbsp;</p>\n\n<p><strong>第一次销毁公示</strong><br />\n<strong>销毁时间：</strong>新加坡时间2019年4月15日09:56:09<br />\n<strong>销毁数量：</strong>647.48万HT<br />\n<strong>销毁背景：</strong>根据&ldquo;HT回购方案社区投票结果&rdquo;，火币全球站已完成对2019年第一季度回购HT的全部销毁。<br />\n<strong>销毁记录：</strong><br />\n<a href=\"https://etherscan.io/tx/0xcb467688fd87bfe43ad7c22881729fbb9ef7cf56c85522de593a18f90c658d7e\">https://etherscan.io/tx/0xcb467688fd87bfe43ad7c22881729fbb9ef7cf56c85522de593a18f90c658d7e</a><br />\n<strong>销毁公告链接：</strong>&nbsp;<a href=\"https://huobiglobal.zendesk.com/hc/zh-cn/articles/360000233202\">https://huobiglobal.zendesk.com/hc/zh-cn/articles/360000233202</a></p>\n', b'0', b'1', '15618794441984270', '1561806305762', '2019-06-30 15:24:04', '2019-06-30 15:24:04', 300004);
INSERT INTO `T_ArticleLang` VALUES ('15618795102188597', '关于防范假冒“搬砖套利”等各类形式诈骗的风险提示', '<p>尊敬的用户：</p>\n\n<p>近期发现有不法分子以火币的名义，组建名为【火币Global官方搬砖套利中文群】的Telegram群进行诈骗。不法分子假借&ldquo;搬砖套利&rdquo;的说辞，诱导用户将个人ETH转入某钱包中，再从钱包转入诈骗者的恶意地址，之后会按照比例给用户转假&ldquo;HT&rdquo;（非火币官方发行的Huobi Token）从而骗取用户资产。</p>\n\n<p>火币全球站在此郑重承诺：火币不会以任何形式向用户索要账号密码、短信及谷歌验证码等信息，也从未发起过&ldquo;搬砖套利&rdquo;的活动，活动相关信息请以官方公告为准。火币全球站提醒您做好诈骗识别，谨防其他形式的诈骗手段。</p>\n\n<p>如需帮助或有任何疑问，请点击首页右下方的&ldquo;帮助&rdquo;按钮，输入您的问题，或发电子邮件至官方客服邮箱：support@huobigroup.com</p>\n\n<p>火币Global官方中文群：<br />\n<a href=\"https://h5.hottalk.com.cn/app-share/index.html#/group?g=f830457dc7\" target=\"_self\">https://h5.hottalk.com.cn/app-share/index.html#/group?g=f830457dc7</a></p>\n\n<p>火币全球站<br />\n2019年5月6日</p>\n', b'0', b'0', '15618795102169001', '1561806305762', '2019-06-30 15:25:10', '2019-06-30 15:25:10', 300005);
INSERT INTO `T_ArticleLang` VALUES ('15618795414025798', '关于API优化RESTFUL交易对基础信息接口的公告', '<p>尊敬的用户，</p>\n\n<p>为了提升&nbsp;API&nbsp;用户的交易体验，更准确的了解交易对的关键基础信息，火币全球站&nbsp;API&nbsp;优化了/v1/common/symbols，即增加最小下单量、最小下单额、最大下单量、交易对状态和交易对杠杆倍数信息。</p>\n\n<p>具体变更细节及参数要求，请参考API文档：<a href=\"https://huobiapi.github.io/docs/spot/v1/cn/\">https://huobiapi.github.io/docs/spot/v1/cn/</a></p>\n\n<p>&nbsp;</p>\n\n<p>火币全球站</p>\n\n<p>2019年6月12日</p>\n', b'0', b'1', '15618795414006202', '1561806305762', '2019-06-30 15:25:41', '2019-06-30 15:25:41', 300006);
INSERT INTO `T_ArticleLang` VALUES ('15620580916154673', '最强攻略：一文教你玩转火币', '<p>想充值交易不会操作？快来领取专属客服服务特权：<a href=\"https://jinshuju.net/f/GGAUUS\" target=\"_blank\">https://jinshuju.net/f/GGAUUS</a></p>\n\n<p>一、无障碍访问火币，官方网址：<a href=\"http://www.huobi.br.com/\"><strong>www.huobi.br.com</strong></a>&nbsp;或&nbsp;<strong><a href=\"http://www.hbg.com/\">www.hbg.com</a></strong></p>\n\n<p>二、下载客户端：</p>\n\n<p>1. 火币法币交易和币币交易（iOS和安卓）、PC客户端均可点此下载：<br />\n<a href=\"https://gio.ren/r3AXbde\">https://gio.ren/r3AXbde</a></p>\n\n<p><img src=\"https://huobiglobal.zendesk.com/hc/article_attachments/360000050422/mceclip0.png\" style=\"height:141px; width:141px\" /></p>\n\n<p>* 如需长期稳定使用币币交易iOS APP，需要去香港AppStore下载，以下香港Apple ID供参考使用：</p>\n\n<p><strong>为了防止您的手机信息泄露，请您务必不要使用下方Apple ID登录iCloud，使用参考Apple ID下载过APP后，请您及时退出该账号。</strong></p>\n\n<table style=\"width:0px\">\n	<tbody>\n		<tr>\n			<td>\n			<p>账号</p>\n			</td>\n			<td>\n			<p>密码</p>\n			</td>\n		</tr>\n		<tr>\n			<td>\n			<p><a href=\"mailto:bw679237@icloud.com\">bw679237@icloud.com</a></p>\n			</td>\n			<td>\n			<p>Aa112211</p>\n			</td>\n		</tr>\n		<tr>\n			<td>\n			<p><a href=\"mailto:f047pxq6@icloud.com\">f047pxq6@icloud.com</a></p>\n			</td>\n			<td>\n			<p>Aa112211</p>\n			</td>\n		</tr>\n		<tr>\n			<td>\n			<p><a href=\"mailto:u53xf4a2@icloud.com\">u53xf4a2@icloud.com</a></p>\n			</td>\n			<td>\n			<p>Aa112211</p>\n			</td>\n		</tr>\n		<tr>\n			<td>\n			<p><a href=\"mailto:d985lk5f@icloud.com\">d985lk5f@icloud.com</a></p>\n			</td>\n			<td>\n			<p>Aa112211</p>\n			</td>\n		</tr>\n		<tr>\n			<td>\n			<p><a href=\"mailto:rx4x9b9z@icloud.com\">rx4x9b9z@icloud.com</a></p>\n			</td>\n			<td>\n			<p>Aa112211</p>\n			</td>\n		</tr>\n		<tr>\n			<td>\n			<p><a href=\"mailto:x22d80d5@icloud.com\">x22d80d5@icloud.com</a></p>\n			</td>\n			<td>\n			<p>Aa112211</p>\n			</td>\n		</tr>\n	</tbody>\n</table>\n\n<p>登录香港区AppStore，搜索&ldquo;火币&rdquo;或&quot;Huobi&quot;下载即可</p>\n\n<p>（您也可以自己注册账号或去淘宝搜索&ldquo;苹果香港id&rdquo;购买）</p>\n\n<p>&nbsp;</p>\n\n<p>2. 下载火币Pro桌面版（含法币交易）</p>\n\n<p>MAC：<a href=\"https://s.growingio.com/nvLdvL\">https://s.growingio.com/nvLdvL</a>（点此下载）</p>\n\n<p>Windows：<a href=\"https://s.growingio.com/LYl7Xv\">https://s.growingio.com/LYl7Xv</a>（点此下载）&nbsp;</p>\n\n<p>&nbsp;</p>\n\n<p>三、如何用人民币购买比特币（BTC）或以太坊（ETH）或USDT（对标美元的数字货币，1USDT=1USD）？</p>\n\n<p>点击网页端/桌面版&ldquo;法币交易&ldquo;或下载OTC APP，具体图文教程请参考：</p>\n\n<p><strong><a href=\"https://huobiglobal.zendesk.com/hc/zh-cn/articles/360000674031-%E5%A6%82%E4%BD%95%E5%9C%A8web%E7%AB%AF-%E5%BF%AB%E9%80%9F%E8%B4%AD%E4%B9%B0%E6%95%B0%E5%AD%97%E8%B4%A7%E5%B8%81-\">网页版教程点此查看</a></strong></p>\n\n<p><strong><a href=\"https://huobiglobal.zendesk.com/hc/zh-cn/articles/360001908351-%E5%A6%82%E4%BD%95%E5%9C%A8%E6%89%8B%E6%9C%BA%E7%AB%AF-%E5%BF%AB%E9%80%9F%E8%B4%AD%E4%B9%B0%E6%95%B0%E5%AD%97%E8%B4%A7%E5%B8%81-\">APP端教程点此查看</a></strong></p>\n\n<p>&nbsp;</p>\n\n<p>四、如何在火币Pro交易？</p>\n\n<p>1. 购买完BTC/ETH/USDT将币划转至火币Pro账户：</p>\n\n<p>网页端/桌面版：&ldquo;法币交易&rdquo;页面，点击&ldquo;资产&rdquo;-&ldquo;划转提现&rdquo;，APP端：点击&ldquo;我&rdquo;-&ldquo;我的资产&rdquo;-&ldquo;划转&rdquo;，将币实时划转至币币交易账户中</p>\n\n<p>2. 网页端/桌面版点击&ldquo;币币交易&rdquo;或下载火币Pro APP进行交易，您可用BTC/ETH/USDT购买其他数字货币。</p>\n\n<p><strong><a href=\"https://huobiglobal.zendesk.com/hc/zh-cn/articles/360000052732-%E5%B8%81%E5%B8%81%E4%BA%A4%E6%98%93-%E6%96%B0%E6%89%8B%E6%94%BB%E7%95%A5-%E7%BD%91%E9%A1%B5%E7%AB%AF-\">币币交易网页版教程点此查看</a></strong></p>\n\n<p><a href=\"https://huobiglobal.zendesk.com/hc/zh-cn/articles/360000043321-%E5%B8%81%E5%B8%81%E4%BA%A4%E6%98%93-%E6%96%B0%E6%89%8B%E6%94%BB%E7%95%A5-%E6%89%8B%E6%9C%BA%E7%AB%AF-\"><strong>币币交易手机端教程点此查看</strong></a></p>\n\n<p>&nbsp;</p>\n\n<p>五、如何提现人民币？</p>\n\n<p>转币至法币账户，将币卖出为人民币，同理人民币购买过程。</p>\n\n<p>&nbsp;</p>\n\n<p>六、如何联系火币客服？</p>\n\n<p>1. 可以将问题提交至客服邮箱：<a href=\"mailto:123@huobi.pro\">123@huobi.pro</a>&nbsp;，客服会在第一时间回复您。</p>\n\n<p>2. 可以将您的问题提交工单，会有专人为您解答：</p>\n\n<p><a href=\"https://huobiglobal.zendesk.com/hc/zh-cn/requests/new\">https://huobiglobal.zendesk.com/hc/zh-cn/requests/new</a></p>\n\n<p>3. 火币Pro官方中文群</p>\n\n<p>方式一（需要科学上网）：</p>\n\n<p>下载Telegram后直接加入火币Telegram官方群即可。</p>\n\n<p>【加群链接】https://t.me/huobiofficial</p>\n\n<p>【Telegram App下载】</p>\n\n<p>iOS：https://telegram.org/dl/ios</p>\n\n<p>安卓：https://telegram.org/dl/android</p>\n\n<p>&nbsp;</p>\n\n<p>方式二（无需科学上网）：</p>\n\n<p>下载币用APP，下载注册成功后在发现-热门群组推荐中搜索加入：火币Pro官方中文群</p>\n\n<p>【币用 App下载】</p>\n\n<p><a href=\"https://0.plus/#/huobiofficial\">https://0.plus/#/huobiofficial</a>（点此下载）</p>\n', b'1', b'1', '15620580915905218', '1561806305762', '2019-07-02 17:01:31', '2019-07-02 17:01:31', 300008);
INSERT INTO `T_ArticleLang` VALUES ('15620642835659855', '什么是IOST换链', '<p>IOST换币通道，即IOST的充币地址将有两个。如您持有IOST旧币（基于ERC20技术形成的&ldquo;IOST&rdquo;），您需点击&ldquo;旧地址充币&rdquo;查看充币地址；如您持有IOST新币（基于IOST主链形成的&ldquo;IOST&rdquo;），您可直接点击&ldquo;充币&rdquo;按钮后查看。</p>\n\n<p>IOST充币说明图示如下：</p>\n\n<p>&nbsp;<img src=\"https://huobiglobal.zendesk.com/hc/article_attachments/360000316221/mceclip0.png\" style=\"height:368px; width:609px\" /></p>\n\n<p><br />\n如您在火币Global有IOST旧币，火币Global将自动为您兑换为IOST新币，您无需做任何操作，也无需担心您的资产受到任何损失。为了避免自行换链可能导致的丢币、被钓鱼等情况，进而保证您的的资产安全不受损失，建议您尽快将IOST旧币充值到火币Global。点此充值：<a href=\"https://www.huobi.co/zh-cn/finance/\" target=\"_self\">https://www.huobi.co/zh-cn/finance/</a></p>\n', b'0', b'0', '15620642835631259', '1561806305762', '2019-07-02 18:44:43', '2019-07-02 18:44:43', 300009);
INSERT INTO `T_ArticleLang` VALUES ('15620670123912831', 'Android版火币OTC APP下载安装指引教程', '<p>（下文多图，若图片不显示，请刷新页面。）</p>\n\n<p>Step 1， 打开手机网页浏览器， 输入网址：&nbsp;<a href=\"https://otc.huobi.co/zh-cn/client/\">https://c2c.huobi.co/zh-cn/client/</a>，进入以下页面，点击&ldquo;本地下载&rdquo;；</p>\n\n<p>Step 2，选择想要保存的文件夹后，点击&ldquo;保存&rdquo;；</p>\n\n<p>&nbsp;</p>\n\n<p><img alt=\"2___.jpg\" src=\"https://huobiglobal.zendesk.com/hc/article_attachments/360000171541/2___.jpg\" style=\"height:628px; width:305px\" /></p>\n\n<p>&nbsp;</p>\n\n<p>Step 3，进入以下页面，点击&ldquo;安装&rdquo;；</p>\n\n<p>&nbsp;</p>\n\n<p><img alt=\"3___.jpg\" src=\"https://huobiglobal.zendesk.com/hc/article_attachments/360000171581/3___.jpg\" style=\"height:640px; width:311px\" /></p>\n\n<p>&nbsp;</p>\n\n<p>Step 4，安装完成，点击&ldquo;打开&rdquo;；</p>\n\n<p>&nbsp;</p>\n\n<p><img alt=\"4___.jpg\" src=\"https://huobiglobal.zendesk.com/hc/article_attachments/360000168882/4___.jpg\" style=\"height:648px; width:315px\" /></p>\n\n<p>&nbsp;</p>\n\n<p>Step 5，安装成功，请在桌面查看：</p>\n\n<p>&nbsp;</p>\n\n<p><img alt=\"5___.jpg\" src=\"https://huobiglobal.zendesk.com/hc/article_attachments/360000168902/5___.jpg\" style=\"height:656px; width:319px\" /></p>\n', b'0', b'0', '15620670123506606', '1561806305762', '2019-07-02 19:30:12', '2019-07-02 19:30:12', 300010);
INSERT INTO `T_ArticleLang` VALUES ('15620670839212087', '特权功能使用协议', '<p><strong>【首部及导言】</strong></p>\n\n<p><strong>　　欢迎您使用特权功能使用协议！</strong></p>\n\n<p><strong>　　为使用特权服务（简称为：本服务），您应当阅读并遵守《特权功能使用协议》（简称为：本协议）。请您务必审慎阅读、充分理解各条款内容，特别是免除或限制责任的相应条款，以及开通或使用某项服务的单独规则说明，并选择是否接受。</strong></p>\n\n<p>　　<strong>除非您已阅读并接受本协议所有条款，否则您无权使用本服务。您对本服务的任何申请开通、升级或关闭等获取行为及登录、查看等任何使用行为即视为您已阅读并同意本协议的约束。</strong></p>\n\n<p><strong>　　如果您的相关法律行为能力受限，请在监护人的陪同下阅读本协议。</strong></p>\n\n<p><strong>&nbsp;</strong></p>\n\n<p><strong>一．</strong><strong>【协议的范围】</strong></p>\n\n<p><strong>&nbsp;</strong></p>\n\n<p><strong>1.1</strong>本协议是您与本网站之间关于您使用特权服务所订立的协议。</p>\n\n<p><strong>1.2</strong>本协议从属于本网站用户协议，您点击 &ldquo;已阅读并同意&rdquo;按钮时表明您已经完全接受包括本网站用户协议、本协议，以及本网站已经发布的或将来可能发布的各类规则、声明、说明等构成的全部条款。本协议内容同时包括本网站可能不断发布的关于本服务的相关协议、业务规则等内容。上述内容一经正式发布，即为本协议不可分割的组成部分，您同样应当遵守。本协议未约定内容，参照用户协议内容执行。</p>\n\n<p><strong>二．【关于本服务内容】</strong></p>\n\n<p><strong>2.1</strong>本特权功能服务具体指用户可通过对其持有的一定数量的HT进行锁仓申请，用来换取相应等级的用户特权，其中部分特权是线下特权（具体特权的内容、等级划分须以本网站相关服务页面公示、实际提供的服务内容为准）。</p>\n\n<p><strong>2.2</strong>当您为获得用户特权进行锁仓申请后，一经申请后平台会自动进行相应HT的锁仓，之后火币平台的相关工作人员会与您取得联系。请耐心等待您特权的审核结果，如经审核通过开通申请或升级服务后，被锁仓的HT将被划转至单独的锁仓账户中进行保管；如经审核被拒绝的，则申请服务时需要锁仓的相应HT将被返回。</p>\n\n<p>2.3开通特权后，因特权存在多个等级，您可对该特权进行升级，此时您只需锁仓不同等级间相差的相应数量HT即可完成升级，目前只支持特权升级暂不支持降级。如需关闭特权服务，则应向火币平台提出特权关闭申请，经平台审核通过后，您所锁仓的HT将会进行解锁，具体解锁时间以您与火币平台工作人员协商确定的时间为准。</p>\n\n<p><strong>2.4</strong>对上述特权服务的内容及具体使用规则，本网站可能会随时根据用户的需求、产品及服务类</p>\n\n<p>型等的变化，不断对其进行优化调整。如有调整变化，以本网站相关服务页面的官方公示为准。</p>\n\n<p>&nbsp;</p>\n\n<p>三．<strong>【服务声明】</strong></p>\n\n<p><strong>&nbsp;</strong></p>\n\n<p><strong>3.1</strong><strong>您为使用特权服务所进行锁仓申请开通、升级、关闭等相关操作均为您个人自愿行为。您应妥善保管帐号的用户名及其密码，并对该帐号下的一切操作行为负责。</strong></p>\n\n<p><strong>3.2</strong><strong>您理解并同意：因锁仓期间HT无法正常交易导致的资产价值缩水等投资风险由用户自行承担，用户不会就由此造成的损失向平台进行任何责任的追究。</strong></p>\n\n<p><strong>3.3</strong><strong>火币平台有权经其单方通知（通知形式包括但不限于电话、微信、邮件、网站公告等，上述通知一经送达）对您的特权直接进行强制关闭，并解锁您该特权所锁仓的相应数量的HT，平台解锁时只按锁仓的HT数量进行操作，不对该数量HT所对应的的价格涨跌作出任何保证，亦不对由此产生的后果承担任何责任。</strong></p>\n\n<p><strong>3.4</strong>您应当在合法合规的前提下使用本功能服务，不得将本功能用于违反法律法规、政策及违背公序良俗、社会公德或干扰本平台正常运营和侵犯其他用户或第三方合法权益的目的。</p>\n\n<p><strong>3.5</strong>您充分了解并同意，由于互联网服务的特殊性，本网站可能会按照相关法规、双方约定或在其他必要时，中止或终止向您提供本服务，届时，本网站会依法保护您的合法权益。</p>\n\n<p><strong>3.6</strong>本网站有权随时对服务条款进行修改，一旦服务条款发生变更和修改，本网站将在相关页面上提示修改的内容；如果您不同意本协议的修改，可以取消已经获取的服务并停止使用；如果您继续使用本网站提供的该项服务，则视为您已经接受本协议的全部修改。</p>\n\n<p><strong>3.7.</strong>火币平台对该特权内容及对应服务规则和条款享有最终解释权。</p>\n\n<p><strong>四、【违约责任】</strong></p>\n\n<p><strong>4.1&nbsp;</strong>本网站或用户违反本协议的约定即构成违约，违约方应当向守约方承担违约责任。</p>\n\n<p><strong>4.2</strong>本网站如果发现或收到他人投诉用户违反本协议约定的，本网站有权视行为情节不经通知随时对违规用户进行包括但不限于警告、限制或禁止使用部分或全部功能、服务暂停、终止等措施。</p>\n\n<p><strong>4.3&nbsp;</strong>本功能服务涉及的任何文档、图片、技术接口等，您均不得提供或转让给其他任何第三方，且不得利用本网站所提供的功能、信息、内容或服务从事本协议以外的任何其他用途。如违反上述约定，本网站有权立即注销其本网站账号，并有权要求其赔偿由此给本网站造成的损失。</p>\n\n<p><strong>4.4&nbsp;</strong>如用户以虚构事实等方式恶意诋毁本网站的商誉，本网站有权要求用户向本网站公开道歉，赔偿其给本网站造成的损失，并有权终止对其提供本网站服务。</p>\n\n<p><strong>4.5</strong>&nbsp;如因用户违反法律法规规定或本协议约定，在本网站或利用本网站该服务从事非法活动的，本网站有权立即终止继续对其提供本网站服务，注销其账号，并要求其赔偿由此给本网站造成的损失。</p>\n\n<p><strong>4.6</strong>因用户违反本协议或相关协议、规则的规定，导致或产生第三方主张的任何索赔、要求或损失，您应当独立承担责任；本网站因此遭受损失的，您也应当一并赔偿。</p>\n\n<p><strong>五、【争议解决】</strong></p>\n\n<p>用户与本网站因本协议的履行发生争议的应通过友好协商解决，协商解决不成的，任一方有权将争议提交新加坡国际仲裁中心依据该会仲裁规则进行仲裁。</p>\n\n<p><strong>六、 其他</strong></p>\n\n<p><strong>6.1</strong>本协议所有条款的标题仅为阅读方便，本身并无实际涵义，不能作为本协议涵义解释的依据。</p>\n\n<p><strong>6.2</strong>本协议条款无论因何种原因部分无效或不可执行，其余条款仍有效，对双方具有约束力。</p>\n\n<p><strong>6.3</strong>本协议未约定内容，参照火币全球专业站与本网站下已经发布的或将来可能发布的各类协议、规则、声明等执行。</p>\n\n<p><strong>6.4</strong>本协议可能涉及多种语言的翻译版本，如有与中文版本内容有冲突的，以中文内容为准。</p>\n', b'1', b'0', '15620670839187192', '1561806305762', '2019-07-02 19:31:23', '2019-07-02 19:31:23', 300016);
INSERT INTO `T_ArticleLang` VALUES ('15620672534088394', '《关于2019年6月14日23:00 至 6月15日07:00暂停高级认证的通知》', '<p>尊敬的用户：<br />\n<br />\n受供应商系统维护和升级的影响，新加坡时间2019年6月14日23:00 至 6月15日07:00，火币法币交易区的高级认证服务将暂停，交易、广告、充提币等其它功能不受影响。<br />\n<br />\n给您造成的不便，敬请谅解！</p>\n\n<p>&nbsp;</p>\n\n<p><br />\n火币全球站<br />\n2019年6月10日</p>\n', b'1', b'0', '15620672534068797', '1561806305762', '2019-07-02 19:34:13', '2019-07-02 19:34:13', 300017);
INSERT INTO `T_ArticleLang` VALUES ('15620673684607698', '如何在币币手机端，快速出售比特币？', '<p>以iPhone App为例，图文教程如下。（App下载链接：<a href=\"https://otc.hbg.com/zh-cn/client/\" target=\"_blank\">https://otc.hbg.com/zh-cn/client/</a>）</p>\n\n<p>第一步：登录火币Global App，选择&ldquo;法币交易&rdquo;。</p>\n\n<p><img src=\"https://huobiglobal.zendesk.com/hc/article_attachments/360000283261/mceclip0.png\" style=\"height:504px; width:290px\" /></p>\n\n<p>第二步：点击左上角，选择&ldquo;我要卖&rdquo;。</p>\n\n<p><img src=\"https://huobiglobal.zendesk.com/hc/article_attachments/360000283321/mceclip2.png\" style=\"height:495px; width:289px\" /></p>\n\n<p>第三步：选择您想要的币种（以出售BTC为例），考虑价格、收款方式（以支付宝收款为例）选择广告，点击&ldquo;出售&rdquo;。</p>\n\n<p><img src=\"https://huobiglobal.zendesk.com/hc/article_attachments/360000283361/mceclip4.png\" style=\"height:511px; width:290px\" /></p>\n\n<ul>\n	<li>若此时系统提示&ldquo;您没有足够的资金进行交易&rdquo;，点击右上角&middot;&middot;&middot;选择&ldquo;划转&rdquo;。选择从&ldquo;币币账户&rdquo;划转到&ldquo;法币账户&rdquo;，输入卖出数量，比如0.5BTC，点击&ldquo;划转&rdquo;。划转成功后，点击&ldquo;法币交易&rdquo;，参照第三步继续交易。</li>\n	<li>若系统没有提示&ldquo;您没有足够的资金进行交易&rdquo;，参照第四步继续交易。</li>\n</ul>\n\n<p><img src=\"https://huobiglobal.zendesk.com/hc/article_attachments/360000283381/mceclip6.png\" style=\"height:502px; width:289px\" /><img src=\"https://huobiglobal.zendesk.com/hc/article_attachments/360000283401/mceclip7.png\" style=\"height:501px; width:290px\" /><img src=\"https://huobiglobal.zendesk.com/hc/article_attachments/360000304562/mceclip8.png\" style=\"height:505px; width:292px\" /><img src=\"https://huobiglobal.zendesk.com/hc/article_attachments/360000283461/mceclip10.png\" style=\"height:496px; width:290px\" /></p>\n\n<p>第四步：创建订单后，等待对方付款。</p>\n\n<p><img src=\"https://huobiglobal.zendesk.com/hc/article_attachments/360000304582/mceclip11.png\" style=\"height:274px; width:290px\" /></p>\n\n<p>第五步：对方点击&ldquo;我已付款&rdquo;后，请仔细核查款项是否到账。确认到账后，再点击&ldquo;放行&rdquo;。</p>\n\n<p><img src=\"https://huobiglobal.zendesk.com/hc/article_attachments/360000283481/mceclip12.png\" style=\"height:527px; width:302px\" /></p>\n\n<p>第六步：&nbsp;输入资金密码，放行数字资产，交易完成。</p>\n\n<p><img src=\"https://huobiglobal.zendesk.com/hc/article_attachments/360000304602/mceclip13.png\" style=\"height:526px; width:307px\" /><img src=\"https://huobiglobal.zendesk.com/hc/article_attachments/360000283501/mceclip14.png\" style=\"height:526px; width:304px\" /></p>\n', b'1', b'1', '15620673684588102', '1561806305762', '2019-07-02 19:36:08', '2019-07-02 19:36:08', 300018);
INSERT INTO `T_ArticleLang` VALUES ('15620674436682631', '关于银行卡冻结及处理办法', '<p>冻结主要分为2个类型，银行冻结和司法冻结。</p>\n\n<p><strong>第一种，银行冻结。</strong></p>\n\n<p>银行冻结主要有2种：</p>\n\n<p>某些国家和地区的银行，不允许银行账户参与数字资产交易（例如由于转账时备注了BTC、ETH、USDT等，导致银行的风控系统监测到），所以当出现账户涉及数字资产交易时，则会被银行冻结或者暂停部分交易权限；</p>\n\n<p>也有可能是因为此账户的行为，触发了该银行的反洗钱系统（例如深夜大额转账、频繁与多人交易、卡里长时间没有余额等）。</p>\n\n<p>一般而言，银行不会直接冻结银行卡，而只是会限制您的非柜台业务或者是&ldquo;只付不收&rdquo;，也就是暂停您的部分交易权限。</p>\n\n<p>&nbsp;</p>\n\n<p><strong>这种情况怎么处理呢？</strong><strong>&nbsp;</strong></p>\n\n<p>直接联系您的开户银行，按照银行的要求提供您的相关信息（一般是解释资金往来的原因）即可。&nbsp;</p>\n\n<p>&nbsp;</p>\n\n<p><strong>这种情况怎么来防止呢？</strong></p>\n\n<p>第一，在和买家交易的时候，提醒对方不要备注USDT，BTC等敏感字眼。</p>\n\n<p>第二，不要仅使用一张银行卡，可以多准备几张，并且过一段时间换一下。</p>\n\n<p><strong>&nbsp;</strong></p>\n\n<p><strong>第二种类型，是大家最关注，最头疼的司法冻结。</strong></p>\n\n<p>司法冻结的逻辑，按照各国的司法程序不同，有所不同。但是大致都是类似的。</p>\n\n<p>受害者在被诈骗以后，向警方报案，警方按照受害者的钱所走过的银行账号，把相关资金线上的银行账号都冻结。例如，受害者的钱，打给了银行账号A，A又打给了银行账号B，B又打给了银行账号C，往后又延伸到了D，E，F；那么有可能A、B、C、D，E，F都会被冻结，而B、C、D、E、F有可能对这笔资金的来源，都是不知情的。</p>\n\n<p>冻结，一般不是您收到了有问题的资金，就立马被冻结。您可能会因为1个月前的交易被冻结。不过一般而言，是因为几天之前的某笔交易，被冻结。</p>\n\n<p>&nbsp;</p>\n\n<p><strong>这种情况怎么处理呢？</strong>&nbsp;</p>\n\n<p>如果你的银行卡被司法冻结了，您<strong>需要通过开户行或者银行电话热线，去查下您的冻结期限是多久？被什么地方冻结的？</strong>这两个信息很重要，银行后台一定会显示，最好是要拿到这两个信息。</p>\n\n<p>大部分的司法冻结，都只是暂时冻结，配合警方调查而已，在两三个工作日内，就会自动解冻。这种不用管，到期自动解冻。但是也要注意到期时，把钱转走，因为有可能这个被牵连的案子不只是一个地方有受害人，那么可能就会被不止一个地方冻结，以后可能还会发生再次冻结的情况。另外，这个48或者72小时，并不是准点解冻，有的会延后几个小时，甚至半天。</p>\n\n<p>第二种，显示冻结半年。一般情况，是您直接收到了有问题的资金，或者是离有问题资金的源头比较近，可能会被冻结半年。当然，由于各个地方司法机关处理的方法不同，有的地区，直接就是冻结半年。</p>\n\n<p><strong>这种情况怎么来处理呢？</strong></p>\n\n<ul>\n	<li>\n	<p>尽快和当地警方联系，请警方提供您的哪笔收款，导致了您被牵连。如果他们提供了，那么就按照当地警方的要求，提供相关信息。相关信息,一般都是用于解释您为什么会发生这笔资金的转账。所以，一般而言，包括了某段时间内您在火币OTC交易的订单记录（您可以登陆火币OTC账号后点击右上角的订单，导出打印），您被冻结的银行卡流水等。另外，如果警方需要您提供某位成交对手方的个人资料，请可以联系OTC客服，按照客服提供的法务流程即可。</p>\n	</li>\n	<li>\n	<p>当以上材料提供给警方，按照各地公安系统处理方式的不同，按照案子的不同，他们会给出一些反馈。例如有的会严格要求破案或者撤案，才能解冻，有的可以只冻结涉案资金，而有的地方可以直接解冻。如果在您做了笔录后，警方不肯直接解冻，则可以问下涉案资金，如果涉案资金远远小于被冻结的资金，那么你们可以申请解冻非涉案资金。在法律意义上，如果您真的没有参与电信诈骗或者洗钱，而只是因为售卖数字资产被冻结，那么您应该是属于被牵连的善意受害人，建议咨询相关律师处理。</p>\n	</li>\n</ul>\n', b'1', b'1', '15620674436657737', '1561806305762', '2019-07-02 19:37:23', '2019-07-02 19:37:23', 300019);
INSERT INTO `T_ArticleLang` VALUES ('15620674856933317', '交易时，与对方有纠纷，如何处理？', '<p>如果交易中出现问题，您可以在订单详情页的聊天框中联系对方，也可以点击&ldquo;联系卖家&rdquo;或者&ldquo;联系买家&rdquo;按钮拨打电话，与对方联系。</p>\n\n<p><img alt=\"1529056184_1_.jpg\" src=\"https://huobiglobal.zendesk.com/hc/article_attachments/360000096761/1529056184_1_.jpg\" style=\"height:344px; width:629px\" /></p>\n\n<p>与对方沟通协商不成的，您可以点击&ldquo;申诉&rdquo;，按提示填写申诉信息，发起申诉，平台客服会在聊天框中介入处理。相关阅读：《<a href=\"https://huobiglobal.zendesk.com/hc/zh-cn/articles/360000675051\" target=\"_blank\">什么是申诉？如何申诉和取消？判决依据是什么？</a>》</p>\n\n<p><img alt=\"1529056195_1_.jpg\" src=\"https://huobiglobal.zendesk.com/hc/article_attachments/360000096362/1529056195_1_.jpg\" style=\"height:342px; width:620px\" /></p>\n\n<p><img alt=\"1529056392_1_.jpg\" src=\"https://huobiglobal.zendesk.com/hc/article_attachments/360000096781/1529056392_1_.jpg\" style=\"height:335px; width:615px\" /></p>\n\n<p><img alt=\"1529056212_1_.jpg\" src=\"https://huobiglobal.zendesk.com/hc/article_attachments/360000096801/1529056212_1_.jpg\" style=\"height:342px; width:614px\" /></p>\n\n<p>&nbsp;无法发起申诉的，可以发送电子邮件至 support@huobi.pro。详细描述您的问题，并提供订单号、手机号、您的姓名。</p>\n\n<p>有其它问题的,点击右下角的&ldquo;帮助&rdquo;，输入&ldquo;在线客服&rdquo;，然后点击&ldquo;联系我们&rdquo;，选择&ldquo;实时在线交谈&rdquo;，选择问题类型，输入您遇到的问题，点击&ldquo;开始在线交谈&rdquo;，和在线客服交谈。相关阅读：《<a href=\"https://huobiglobal.zendesk.com/hc/zh-cn/articles/360000674851-%E7%AC%AC%E4%BA%8C%E5%8D%81%E4%B8%89%E7%AF%87-%E5%A6%82%E4%BD%95%E6%89%BE%E5%88%B0%E5%B9%B3%E5%8F%B0%E5%AE%A2%E6%9C%8D-\" target=\"_blank\">第二十三篇：如何找到平台客服？</a>》</p>\n', b'1', b'0', '15620674856913720', '1561806305762', '2019-07-02 19:38:05', '2019-07-02 19:38:05', 300020);
INSERT INTO `T_ArticleLang` VALUES ('15620675224143497', '账户已绑定手机号，如何修改手机号？', '<p>您好，如果您还继续使用该号码，您可以在登录状态下点击链接直接修改：https://www.huobi.pro/zh-cn/login/?backurl=/zh-cn/user_center/uc_rebind_phone/</p>\n\n<p>如果该号码不再使用，请发送您的账户UID、手持证件照片和可以使用的手机号到 support@huobi.com&nbsp;会有工作人员在1个工作日内受理。</p>\n\n<p>信息变更后，所有使用该账户登录的平台都会24小时内禁止提币。</p>\n', b'1', b'0', '15620675224118602', '1561806305762', '2019-07-02 19:38:42', '2019-07-02 19:38:42', 300021);
INSERT INTO `T_ArticleLang` VALUES ('15620676327074800', '如何发布广告？', '<p><strong>发布广告的条件：</strong></p>\n\n<p>1、现有的加V用户能直接发布广告。中国大陆用户禁止向非人民币广告出售数字，资产中国大陆用户无法发布非人民币的出售广告。<br />\n2、进入&lsquo;广告发布&rsquo;页面申请成为加V用户，确定缴纳5000HT作为保证金后，即可发布广告。<br />\n3、发布大宗交易广告，需要先成为加V用户后，可以发布大宗交易卖出的广告，只有成为超V用户才能发布大宗交易的买入广告。相关阅读：《<a href=\"https://huobiglobal.zendesk.com/hc/zh-cn/articles/360001374651\" target=\"_blank\">如何申请大宗交易交易资格？什么是超V用户？</a>》</p>\n\n<p>&nbsp;</p>\n\n<p><strong>发布广告的流程：</strong></p>\n\n<p><strong>第一步，点击&ldquo;发布广告&rdquo;。</strong></p>\n\n<p>&nbsp;<img src=\"https://huobiglobal.zendesk.com/hc/article_attachments/360000144062/mceclip0.png\" style=\"height:80px; width:1012px\" />&nbsp;</p>\n\n<p><strong>第二步，发布广告页面（以出售BTC为例）</strong>。按您的需要，选择购买/出售，这里选出售。</p>\n\n<p>&nbsp;<img src=\"https://huobiglobal.zendesk.com/hc/article_attachments/360000144082/mceclip1.png\" style=\"height:113px; width:1015px\" /></p>\n\n<p>按您的需要，选择币种，这里选BTC。</p>\n\n<p>&nbsp;<img src=\"https://huobiglobal.zendesk.com/hc/article_attachments/360000144201/mceclip11.png\" style=\"height:196px; width:923px\" /></p>\n\n<p><strong>第三步，设置价格（以固定价格为例</strong>）。选择价格类型，浮动价格/固定价格，这里选固定价格。也可以参考市场参考价，设置固定价格。</p>\n\n<p><img src=\"https://huobiglobal.zendesk.com/hc/article_attachments/360000144122/mceclip4.png\" style=\"height:183px; width:1004px\" />&nbsp;</p>\n\n<p><strong>第四步，交易限制。</strong></p>\n\n<p>按您的需要，在输入框提示范围内，填写&ldquo;交易数量&rdquo;、&ldquo;单笔最小限额&rdquo;、&ldquo;单笔最大限额&rdquo;和&ldquo;付款期限&rdquo;。</p>\n\n<p>&nbsp;<img src=\"https://huobiglobal.zendesk.com/hc/article_attachments/360000144141/mceclip5.png\" style=\"height:149px; width:982px\" /></p>\n\n<p><strong>第五步，支付方式。</strong></p>\n\n<p>您可以设置要显示的支付方式，如果需要新增或修改，可以点&ldquo;点击这里&rdquo;设置账户，设置完成后点&ldquo;刷新&rdquo;。</p>\n\n<p><img src=\"https://huobiglobal.zendesk.com/hc/article_attachments/360000144142/mceclip6.png\" style=\"height:272px; width:954px\" /></p>\n\n<p><strong>第六步， 对方限制。（可选）</strong></p>\n\n<p>您可设置限制筛选交易对方。</p>\n\n<p>&nbsp;<img src=\"https://huobiglobal.zendesk.com/hc/article_attachments/360000144161/mceclip7.png\" style=\"height:276px; width:927px\" />&nbsp;</p>\n\n<p><strong>第七步，资金密码。</strong></p>\n\n<p>发布广告必须输入资金密码。资金密码可以在用户中心-安全设置里设置、修改和找回。</p>\n\n<p>&nbsp;<img src=\"https://huobiglobal.zendesk.com/hc/article_attachments/360000144162/mceclip8.png\" style=\"height:87px; width:921px\" /></p>\n\n<p><strong>第八步，发布。</strong></p>\n\n<p>发布广告前，您需要拖动滑块进行验证，并勾选&ldquo;我已知晓并同意遵守《交易规则》&rdquo;。</p>\n\n<p><img src=\"https://huobiglobal.zendesk.com/hc/article_attachments/360000144182/mceclip9.png\" style=\"height:415px; width:902px\" />&nbsp;现在，您已经成功发布了一个广告。</p>\n', b'1', b'0', '15620676327055204', '1561806305762', '2019-07-02 19:40:32', '2019-07-02 19:40:32', 300023);
INSERT INTO `T_ArticleLang` VALUES ('15620676688269481', '提币还未通过审核？', '<p>提币审核分为自动审核和财务手动审核。</p>\n\n<p>如果您的提币额度太高，财务会手动审核提币，并在提币前与您确认。</p>\n\n<p>我们每日需要手动审核的用户数非常多，如果您的提币暂时还未通过审核，请您耐心等待。</p>\n', b'1', b'0', '15620676688249885', '1561806305762', '2019-07-02 19:41:08', '2019-07-02 19:41:08', 300024);
INSERT INTO `T_ArticleLang` VALUES ('15620677017809447', '法币交易手续费说明', '<p>BTC、USDT、ETH：</p>\n\n<p>用户的手续费为0<br />\n广告方免费发布购买/出售广告<br />\n现阶段暂时免费，收费另行通知。</p>\n\n<p><br />\nEOS / HT：</p>\n\n<p>用户交易手续费0<br />\n广告方免费发布购买/出售广告<br />\n广告被下单成交后按订单成交金额收取手续费，手续费为成交总额的0.2%。(仅对广告主收取)</p>\n', b'1', b'0', '15620677017775552', '1561806305762', '2019-07-02 19:41:41', '2019-07-02 19:41:41', 300025);
INSERT INTO `T_ArticleLang` VALUES ('15620677443254182', '法币交易手续费如何收取？', '<table border=\"1\">\n	<tbody>\n		<tr>\n			<td>法币</td>\n			<td>MAKER*</td>\n			<td>TAKER</td>\n		</tr>\n		<tr>\n			<td>CNY</td>\n			<td>USDT/HUSD: 0.0%<br />\n			BTC/ETH: 0.1%<br />\n			EOS/HT:0.2%<br />\n			支持点卡抵扣</td>\n			<td>0%</td>\n		</tr>\n		<tr>\n			<td>USD</td>\n			<td colspan=\"1\" rowspan=\"20\">\n			<p>BTC/USDT/ETH/HUSD: 0.0%<br />\n			EOS/HT:0.2%</p>\n			</td>\n			<td>0%</td>\n		</tr>\n		<tr>\n			<td>SGD</td>\n			<td>0%</td>\n		</tr>\n		<tr>\n			<td>INR</td>\n			<td>0%</td>\n		</tr>\n		<tr>\n			<td>TWD</td>\n			<td>0%</td>\n		</tr>\n		<tr>\n			<td>VND</td>\n			<td>0%</td>\n		</tr>\n		<tr>\n			<td>KRW</td>\n			<td>0%</td>\n		</tr>\n		<tr>\n			<td>CAD</td>\n			<td>0%</td>\n		</tr>\n		<tr>\n			<td>AUD</td>\n			<td>0%</td>\n		</tr>\n		<tr>\n			<td>CHF</td>\n			<td>0%</td>\n		</tr>\n		<tr>\n			<td>GBP</td>\n			<td>0%</td>\n		</tr>\n		<tr>\n			<td>HKD</td>\n			<td>0%</td>\n		</tr>\n		<tr>\n			<td>EUR</td>\n			<td>0%</td>\n		</tr>\n		<tr>\n			<td>NGN</td>\n			<td>0%</td>\n		</tr>\n		<tr>\n			<td>PHP</td>\n			<td>0%</td>\n		</tr>\n		<tr>\n			<td>KHR</td>\n			<td>0%</td>\n		</tr>\n		<tr>\n			<td>RUB</td>\n			<td>0%</td>\n		</tr>\n		<tr>\n			<td>BRL</td>\n			<td>0%</td>\n		</tr>\n		<tr>\n			<td>NZD</td>\n			<td>0%</td>\n		</tr>\n		<tr>\n			<td>TRY</td>\n			<td>0%</td>\n		</tr>\n		<tr>\n			<td>MMK</td>\n			<td>0%</td>\n		</tr>\n		<tr>\n			<td>IDR</td>\n			<td>0.70%</td>\n			<td>0%</td>\n		</tr>\n		<tr>\n			<td>MYR</td>\n			<td>0.70%</td>\n			<td>0%</td>\n		</tr>\n		<tr>\n			<td>AED</td>\n			<td>0.70%</td>\n			<td>0%</td>\n		</tr>\n		<tr>\n			<td>SAR</td>\n			<td>0.70%</td>\n			<td>0%</td>\n		</tr>\n		<tr>\n			<td colspan=\"3\" rowspan=\"2\">\n			<p>*MAKER定义: 主动发起买/卖广告的一方</p>\n			</td>\n		</tr>\n	</tbody>\n</table>\n', b'0', b'0', '15620677443229287', '1561806305762', '2019-07-02 19:42:24', '2019-07-02 19:42:24', 300026);
INSERT INTO `T_ArticleLang` VALUES ('15620677825414130', '计划委托操作指引（APP端）', '<p>计划委托，指的是预先设置触发条件及其委托价格和数量，当市场最新成交价格达到触发条件时，系统将按提前设置好的委托价和数量进行下单（即限价单）。</p>\n\n<p><strong>参数说明：</strong></p>\n\n<p>触发价 : 当最新成交价格达到设置的触发价，会触发该委托订单，进行委托下单。</p>\n\n<p>委托价 : 即买入价格和卖出价格。当最新价格达到触发价格后，系统自动委托下单的价格。</p>\n\n<p>数量 : 计划委托订单被触发后的&ldquo;下单数量&rdquo;。</p>\n\n<p><strong>举例：</strong></p>\n\n<p>某用户持有100张BTC当周合约空仓仓位，持仓均价为5800 USD，用户认为，6000USD附近为重要压力位，如果价格突破压力位会有较大幅度上涨，为避免较大亏损，需要在6010USD平仓进行止损。</p>\n\n<p><strong>具体操作方法：</strong></p>\n\n<p>下单方法：选择&ldquo;计划委托&rdquo;，设置触发价6000USD，买入价6010USD，下单数量100张，点击&ldquo;买入平空&rdquo;按钮完成下单。</p>\n\n<p><img alt=\"555.png\" src=\"https://huobiglobal.zendesk.com/hc/article_attachments/360000403241/555.png\" style=\"height:442px; width:250px\" /></p>\n\n<p>当前委托订单查看：下单成功后，您可以在&ldquo;计划委托&rdquo;中查看该订单。</p>\n\n<p><img alt=\"666.png\" src=\"https://huobiglobal.zendesk.com/hc/article_attachments/360000420142/666.png\" style=\"height:169px; width:301px\" /></p>\n\n<p>历史委托订单查看：订单成功触发后，您可以在&ldquo;历史记录&rdquo;中&ldquo;计划委托&rdquo;记录查看历史订单记录。</p>\n\n<p><img alt=\"777.png\" src=\"https://huobiglobal.zendesk.com/hc/article_attachments/360000403341/777.png\" style=\"height:177px; width:299px\" /></p>\n\n<p><strong>注意：</strong></p>\n\n<p>1、只有处于交易中状态的品种合约才可以下达计划委托；<br />\n2、下单数量必须满足对应合约品种的计划委托下单数量限制；<br />\n3、计划委托单触发之前，不会冻结用户的保证金或者持仓，只有在计划委托单触发并按照提前设置好的价格和数量下单开仓或平仓单时，才会冻结保证金或者持仓；<br />\n4、合约到期交割前10分钟内，只能下平仓的计划委托单，无法下开仓的计划委托单。开仓的计划委托单如果在交割前10分钟内触发，会<strong>下单失败</strong>；<br />\n5、计划委托不一定成功触发，可能会因为价格限制、订单数量限制、仓位限制、保证金不足、品种合约处于非交易状态、网络问题、系统问题等而<strong>下单失败</strong>；<br />\n6、计划委托触发时，会按照提前设置好的委托价进行下单。但是如果下单时的委托价格突破了当时的限价（买入价高于最高买价，或者卖出价低于最低卖价），则会<strong>下单失败</strong>；<br />\n7、<strong>计划委托触发后下单的订单，是按照用户提前设置的委托价进行下单的。该订单无法保证成交，完全取决于当时的市场行情。</strong></p>\n\n<p>&nbsp;</p>\n\n<p>感谢您对火币合约的支持，我们将持续不断为您提供更便捷的体验和更优质的服务！&nbsp;</p>\n\n<p>&nbsp;</p>\n\n<p>火币数字资产衍生品交易平台</p>\n\n<p>2019年05月08日</p>\n\n<p>&nbsp;</p>\n\n<p>欢迎关注火币合约社群</p>\n\n<p>官方微信号：dm18123 ，dm18125 ，dm18122 ，dm18121</p>\n\n<p>官方QQ群：936093939</p>\n\n<p>Telegram：<a href=\"https://t.me/huobidmofficial\">https://t.me/huobidmofficial</a></p>\n', b'0', b'1', '15620677825394533', '1561806305762', '2019-07-02 19:43:02', '2019-07-02 19:43:02', 300027);
INSERT INTO `T_ArticleLang` VALUES ('15620678106241699', '风险提示书', '<p><strong>尊敬的投资者：</strong></p>\n\n<p>HBDM交易平台所提供的衍生品交易服务具有高杠杆性和高风险性，因此用户开通衍生品高倍杠杆交易需同意本协议，此行为亦代表用户对HBDM合约交易的数字资产衍生品交易风险的完全理解和同意。本风险提示书内容以中文内容为准。</p>\n\n<p>&nbsp;</p>\n\n<p><strong>前言</strong></p>\n\n<p>本风险提示书旨在向投资者揭示数字资产衍生品交易高杠杆的投资风险，并且帮助投资者评估和确定自身的能力。鉴于投资风险的存在，在确认本协议及进行合约交易前，投资者应该仔细阅读本风险提示书，必须确保自己理解有关合约交易的性质、规则，并依据自身的投资经验、目标、财务状况、承担风险的能力等自行决定是否参与合约交易。</p>\n\n<p>投资者在申请高杆杠及合约交易前应该咨询法律及其它独立的专业意见。</p>\n\n<p><strong>适合的投资者</strong></p>\n\n<p>数字资产衍生品交易具有高杠杆性和高风险性，仅适合专业投资机构或投资经验丰富的人士，或者能够充分理解有关于数字资产衍生品交易的一切风险，能承受因投资失误而造成账户资金部分或者全部损失的人士。</p>\n\n<p>&nbsp;</p>\n\n<p><strong>存在的风险</strong></p>\n\n<p><strong>1</strong><strong>、价格波动的风险</strong></p>\n\n<p>数字货币衍生品作为一种特殊的具有投资价值的产品，其价格受多种因素的影响，价格波动大，投资者在实际操作中难以全面把握，因而存在出现投资失误的可能性，如果不能有效控制风险，则可能遭受较大的损失，投资者必须独自承担由此导致的一切损失。</p>\n\n<p><strong>2</strong><strong>、交易风险</strong></p>\n\n<p>（1）投资者需要了解衍生品交易具有高杠杆的特点，可能导致快速的盈利或者亏损。若交易的方向和行情的波动相反，会造成较大的亏损。根据亏损的程度，投资者需要追加数字货币保证金或者减少仓位，否则其持仓可能会被强制平仓，投资者必须承担由此造成的全部损失。</p>\n\n<p>（2）投资者在交易所的交易系统内，提交的限价单一经成交，即不可撤销，投资者必须接受这种方式可能带来的风险。</p>\n\n<p>（3）交易所不会对投资者做出获利保证，并且不会与投资者分享收益或共担风险。</p>\n\n<p><strong>3</strong><strong>、政策监管风险</strong></p>\n\n<p>数字资产衍生品交易可能面临一定法域内的政策监管风险，投资者在交易之前需在了解交易地域的政策监管背景的前提下审慎做出判断。</p>\n\n<p><strong>4</strong><strong>、其他可能存在的风险</strong></p>\n\n<p>（1）当用户使用高倍杠杆时，将会对用户自身和市场带来较大的风险，因此平台为了维护市场稳定，对于使用高倍杠杆的用户持仓会进行监控，当平台判断用户持仓有可能会对市场稳定造成较大影响时，将会采取相应的处理措施，包括但不限于沟通、揭示风险、强制减仓、强制平仓、撤单、提前交割结算等，并将给予用户书面解释。</p>\n\n<p>（2）数字资产衍生品市场的衍生品交易规则，包括但不限于调整系数、到期日、产品规则等可根据平台实际运营情况进行修改，平台如因特殊情况需要对产品进行提前或延后交割，在官网公布或短信通知等方式履行告知义务后，用户需及时处理自身仓位，如因此造成的可能损失或者收益，皆由用户自身承担。</p>\n\n<p><strong>提示</strong></p>\n\n<p>1、投资者在参与之前务必详尽地了解数字货币合约交易的基本知识和相关风险以及参与衍生品交易所有关的业务规则等。</p>\n\n<p>2、本风险提示书上述风险事项仅为列举性质，未能详尽的列明有关数字资产衍生品交易的所有风险因素，投资者参与数字资产衍生品交易投资前，还应该认真对其它可能存在风险因素有所了解和掌握。</p>\n\n<p>3、我们诚挚的希望和建议投资者，从风险承受能力等自身实际情况出发，审慎的决定是否参与此合约交易，合理地配置自己的数字资产。</p>\n', b'0', b'0', '15620678106222102', '1561806305762', '2019-07-02 19:43:30', '2019-07-02 19:43:30', 300028);
INSERT INTO `T_ArticleLang` VALUES ('15620678481144174', '关于全品种类型合约调整系数调整的公告', '<p>尊敬的用户：</p>\n\n<p>您好，为了提供更好的服务，火币合约将于<strong>新加坡时间</strong><strong>2019</strong><strong>年</strong><strong>6</strong><strong>月</strong><strong>28</strong><strong>日</strong><strong>16:00</strong>对所有品种类型合约的调整系数进行调整，调整如下图所示：</p>\n\n<p><img alt=\"mceclip0.png\" src=\"https://huobiglobal.zendesk.com/hc/article_attachments/360000527261/mceclip0.png\" style=\"height:770px; width:686px\" /></p>\n\n<p>更多详情请点击查阅&gt;&gt;&gt;<a href=\"https://huobiglobal.zendesk.com/hc/zh-cn/articles/360000143042\" target=\"_self\">强制平仓说明</a></p>\n\n<p>&nbsp;</p>\n\n<p>感谢您对火币合约的支持与理解！&nbsp;</p>\n\n<p>火币数字资产衍生品交易平台</p>\n\n<p>2019年6月28日</p>\n\n<p>&nbsp;</p>\n\n<p>欢迎关注火币合约社群</p>\n\n<p>官方微信号：dm876543 ，dm18177</p>\n\n<p>官方QQ群：936093939</p>\n\n<p>Telegram：<a href=\"https://t.me/huobidmofficial\" target=\"_self\">https://t.me/huobidmofficial</a></p>\n', b'0', b'1', '15620678481124577', '1561806305762', '2019-07-02 19:44:08', '2019-07-02 19:44:08', 300029);
INSERT INTO `T_ArticleLang` VALUES ('15620678818244557', '火币合约API版本历史记录', '<p><strong>API接入：</strong><a href=\"https://huobiglobal.zendesk.com/hc/zh-cn/articles/360000188382\">https://huobiglobal.zendesk.com/hc/zh-cn/articles/360000188382</a></p>\n\n<p><strong>1.0.4</strong><strong>【更新: Restful查询接口】</strong></p>\n\n<p><strong>&nbsp; &nbsp; &nbsp; 1.查询母账户下所有子账户资产信息</strong></p>\n\n<ul>\n	<li>URL：api/v1/contract_sub_account_list</li>\n	<li>备注：只返回已经开通合约交易的子账户数据</li>\n</ul>\n\n<p><strong>&nbsp; &nbsp; &nbsp; 2.查询单个子账户资产信息</strong></p>\n\n<ul>\n	<li>URL：api/v1/contract_sub_account_info</li>\n	<li>备注：只能查询到开通合约交易的子账户信息；子账户来过合约系统但是未开通合约交易也不返回对应的数据</li>\n</ul>\n\n<p><strong>&nbsp; &nbsp; &nbsp; 3.查询单个子账户持仓信息的</strong></p>\n\n<ul>\n	<li>URL：api/v1/contract_sub_position_info</li>\n</ul>\n\n<p><strong>&nbsp; &nbsp; &nbsp; 4.查询用户财务记录</strong></p>\n\n<ul>\n	<li>URL：api/v1/contract_financial_record</li>\n</ul>\n\n<p>&nbsp;</p>\n\n<p><strong>1.0.3【更新：WS增加资产信息推送】</strong></p>\n\n<ul>\n	<li>WS增加资产信息推送&nbsp;</li>\n	<li>WS增加持仓信息推送&nbsp;</li>\n	<li>rest接口获取用户的持仓信息接口api/v1/contract_position_info增加返回字段&ldquo;最新价&rdquo;</li>\n</ul>\n\n<p>&nbsp;</p>\n\n<p><strong>1.0.2【更新:&nbsp; 币币账户和合约账户间进行资金的划转】</strong></p>\n\n<ol>\n	<li><strong>账户接口/v1/futures/transfer&nbsp;</strong></li>\n</ol>\n\n<ul>\n	<li>币币账户和合约账户间进行资金的划转</li>\n	<li>从现货现货账户转至合约账户，类型为pro-to-futures; 从合约账户转至现货账户，类型为futures-to-pro</li>\n	<li>该接口的访问频次的限制为1分钟10次</li>\n</ul>\n\n<ol>\n	<li><strong>API限频</strong></li>\n</ol>\n\n<ul>\n	<li>限频时间间隔从1秒变为3秒</li>\n	<li>私有接口限频由原来的10次/s变更为30次/3s，即请求发送3秒内不超过30次</li>\n	<li>其他非行情类的公开接口限频由原来的20次/s变更为60次/3s，即请求发送3秒内不超过60次</li>\n</ul>\n\n<p>&nbsp;</p>\n\n<p><strong>1.0.1【更新：post_only高级限价委托功能上线】</strong></p>\n\n<ol>\n	<li><strong>全部撤单接口/v1/contract_cancelall</strong></li>\n</ol>\n\n<ul>\n	<li>只传symbol，撤该该品种下所有周期的合约</li>\n	<li>只要有contract_code，则撤销该code的合约</li>\n	<li>只传symbol+contract_type， 则撤销二者拼接所成的合约订单</li>\n</ul>\n\n<ol>\n	<li><strong>下单接口/v1/ contract_order</strong></li>\n</ol>\n\n<ul>\n	<li>报单字段order_price_type中增加订单价格类型post_only，post_only是&ldquo;只做Maker（post_only）&rdquo;，不会立刻在市场成交，保证用户始终为Maker；如果委托会立即与已有委托成交，那么该委托会被取消。</li>\n	<li>Post only只受用户持仓数量限制，单笔下单不受下单数量限制。</li>\n</ul>\n\n<ol>\n	<li><strong>批量下单接口/v1/ contract_batchorder</strong></li>\n</ol>\n\n<ul>\n	<li>报单字段order_price_type中增加订单价格类型post_only，post_only是&ldquo;只做Maker（post_only）&rdquo;，不会立刻在市场成交，保证用户始终为Maker；如果委托会立即与已有委托成交，那么该委托会被取消。</li>\n	<li>Post only只受用户持仓数量限制，单笔下单不受下单数量限制。</li>\n</ul>\n\n<ol>\n	<li><strong>所有API接口返回数据中增加限频信息</strong></li>\n</ol>\n\n<ul>\n	<li>将在api接口response中的header返回以下字段</li>\n	<li>ratelimit-limit： 单轮请求数上限，单位：次数</li>\n	<li>ratelimit-interval：请求数重置的时间间隔，单位：毫秒</li>\n	<li>ratelimit-remaining：本轮剩余可用请求数，单位：次数</li>\n	<li>ratelimit-reset：请求数上限重置时间，单位：毫秒</li>\n</ul>\n\n<ol>\n	<li><strong>查询订单详细信息/v1/contract_order_detail</strong></li>\n</ol>\n\n<ul>\n	<li>trades增加成交角色字段role：taker或maker</li>\n</ul>\n\n<ol>\n	<li><strong>获取成交记录/v1/contract_matchresults</strong></li>\n</ol>\n\n<ul>\n	<li>trades增加成交角色字段role：taker或maker</li>\n	<li>获取该用户在某品种上的最新成交记录，可以按照交易类型进行过滤筛选。注意，该接口是需要API KEY验签的私有接口，只能查询属于该用户自己的最新成交记录。</li>\n</ul>\n\n<ol>\n	<li><strong>WS成交推送接口</strong></li>\n</ol>\n\n<ul>\n	<li>trades增加成交角色字段role：taker或maker</li>\n</ul>\n\n<ol>\n	<li><strong>WebSocket私有订单成交推送接口(需要API KEY验签)</strong></li>\n</ol>\n\n<ul>\n	<li>一个UID最多同时建立10个私有订单成交推送WS链接。该用户在一个品种(包含该品种的所有周期的合约)上，仅需要维持一个订单推送WS链接即可。</li>\n	<li>注意: 订单推送WS的限频，跟用户RESTFUL私有接口的限频是分开的，相互不影响。</li>\n</ul>\n\n<p>&nbsp;</p>\n\n<p><strong>1.0.0 于2018年12月10日上线</strong></p>\n', b'0', b'0', '15620678818224961', '1561806305762', '2019-07-02 19:44:41', '2019-07-02 19:44:41', 300030);
INSERT INTO `T_ArticleLang` VALUES ('15620679078874819', '为什么平仓后的收益跟合约计算器里显示的不一样？', '<p>您好，次周合约和季度合约的仓位经过结算后，持仓均价将变为此次的结算价格。此后的未实现盈亏将根据新的结算价格进行计算。您可以通过财务记录查看对应币种合约的&ldquo;结算未实现盈亏&rdquo;，平仓后的收益加上以往结算未实现盈亏金额才是此仓位的实际收益。</p>\n', b'0', b'0', '15620679078855222', '1561806305762', '2019-07-02 19:45:07', '2019-07-02 19:45:07', 300031);
INSERT INTO `T_ArticleLang` VALUES ('15620679393709173', '关于推迟上线BCH合约的公告', '<p>尊敬的用户：</p>\n\n<p>您好！由于近期市场波动剧烈，原计划于新加坡时间4月5日的BCH合约品种上线将推迟，具体上线时间另行通知，请以官网公告为准。</p>\n\n<p><br />\n感谢您对火币合约的支持！<br />\n火币数字资产衍生品交易平台<br />\n2019年4月4日</p>\n\n<p>&nbsp;</p>\n\n<p>欢迎关注火币合约社群</p>\n\n<p>官方微信号：dm18123 ，dm18125 ，dm18122 ，dm18121</p>\n\n<p>官方QQ群：936093939</p>\n\n<p>Telegram：<a href=\"https://t.me/huobidmofficial\">https://t.me/huobidmofficial</a></p>\n', b'0', b'0', '15620679393689577', '1561806305762', '2019-07-02 19:45:39', '2019-07-02 19:45:39', 300032);
INSERT INTO `T_ArticleLang` VALUES ('15620680541607357', '法币交易区规则', '<p><strong>买方用户需知</strong></p>\n\n<table border=\"1\">\n	<tbody>\n		<tr>\n			<td><strong>买方责任</strong></td>\n			<td><strong>如何处理</strong></td>\n		</tr>\n		<tr>\n			<td>\n			<p>① 买方（广告方及非广告方）主动取消订单或者订单超时取消。</p>\n			</td>\n			<td>\n			<p>买方用户当日达到3次，系统限制买入功能；连续2日触发，风控系统限制账户。</p>\n			</td>\n		</tr>\n		<tr>\n			<td>\n			<p>② 未在&ldquo;广告&rdquo;规定的时间内完成付款，并点击&ldquo;确认付款&rdquo;按钮。（付款时或者付款完成后，订单被买方主动取消或超时自动取消。）</p>\n			</td>\n			<td>\n			<p>卖方有权选择继续成交或退款不成交。(此类情况的退款行为，请卖方核实无误后，在24小时内完成退款。)</p>\n			</td>\n		</tr>\n		<tr>\n			<td>③ 买方下订单在订单支付时间内未付款以及不回复卖方信息。</td>\n			<td>当日被连续2次投诉，系统限制买方账户。</td>\n		</tr>\n		<tr>\n			<td>④ 未完成付款的情况下，优先点击&ldquo;我已付款&rdquo;，再完成付款。</td>\n			<td>卖方有权选择继续成交或退款不成交。（如：金额较大，为了确保及时到账，需要拆分付款，和卖方协商一致先点击&ldquo;我已付款&rdquo;并在约定时间完成所有支付，买方无责。）</td>\n		</tr>\n		<tr>\n			<td>⑤ 未付款或不付款的情况下，点击&ldquo;我已付款&rdquo;。</td>\n			<td>当日连续2次投诉，系统将限制买方账户。（被投诉单笔金额超过5万人民币，系统直接限制买方账户48小时。）</td>\n		</tr>\n		<tr>\n			<td>⑥ 未使用与平台账户实名一致的支付账户付款（包含：银行、支付宝、微信账户）。</td>\n			<td>卖方有权拒绝成交，买方被投诉达到2次，系统将限制账户48小时。</td>\n		</tr>\n		<tr>\n			<td>⑦ 未选择实时到账的方式付款，导致卖方超过1小时无法收到付款<br />\n			（小提示：节假日或工作日的17:00-9:00，银行卡付款超过5万以上的汇款请分批支付，请勿使用支付宝转银行卡、微信转银行卡的方式支付）。</td>\n			<td>\n			<p>卖方有权选择继续成交或退款不成交。</p>\n\n			<p>如：卖方是广告发布方，申诉后10分钟无法联系上买方，经核实卖方未收到款，在保证金范围内申诉专员会取消订单。</p>\n			</td>\n		</tr>\n		<tr>\n			<td>⑧ 买方付款，卖方收款账户无法核实到账实名信息（例：支付宝转银行卡、微信转银行卡等方式）。</td>\n			<td>卖方有权选择继续成交或退款不成交。连续2次投诉，系统将限制买方账户。</td>\n		</tr>\n		<tr>\n			<td>\n			<p>⑨ 买方付款后，卖方1小时内无法收到付款。</p>\n\n			<p>&nbsp;</p>\n\n			<p>&nbsp;</p>\n			</td>\n			<td>\n			<p>卖方有权选择继续成交或退款不成交。</p>\n\n			<p>如：卖方是广告发布方，申诉后10分钟无法联系上买方，经核实卖方未收到款，在保证金范围内申诉专员会取消订单。</p>\n\n			<p>如：卖方收款账户异常，例：卖方无法提供该时间段能同时间收到其它付款人转账等证据，买方无责。</p>\n			</td>\n		</tr>\n		<tr>\n			<td>⑩ 未按照卖方订单显示的账户付款（包含：订单绑定的账户以及卖方在订单中提供的与绑定账户实名一致的账户）。</td>\n			<td>卖家有权拒绝成交，买家需自行承担转错款的风险。</td>\n		</tr>\n		<tr>\n			<td>⑪ 付款时备注：&rdquo;类似数字货币、BTC、比特币、火币&ldquo;等关键字。</td>\n			<td>卖方有权选择继续成交或退款不成交。如卖方账户因此被冻结，可解冻后再处理。</td>\n		</tr>\n		<tr>\n			<td><strong>买方无责任</strong></td>\n			<td><strong>如何处理</strong></td>\n		</tr>\n		<tr>\n			<td>① 买方实名转账完成并点击&ldquo;我已付款&rdquo;10分钟后，卖方未放币。</td>\n			<td>买方可选择申诉，核实转账属实且买方无上述责任，买方有权要求退款不成交。（如：卖方拒绝协调，直接放行给买方并限制卖方账户。）</td>\n		</tr>\n		<tr>\n			<td>② 因广告方未及时提供有效的收款方式，导致订单取消，被限制了买入功能。</td>\n			<td>买方可联系客服解除限制。</td>\n		</tr>\n		<tr>\n			<td colspan=\"2\" rowspan=\"1\">\n			<p>注：</p>\n\n			<ol>\n				<li>因上述买方责任，卖方选择拒绝成交，卖方需在处理申诉的第一时间完成退款，不得拖延申诉处理时间；如买方付款后卖方账户异常，买方无法提供相关证明，证明付款账户正常，卖方可在96小时内完成申诉处理。</li>\n				<li>针对买方支付宝付款，卖方收到付款后，资金冻结在卖方账户24小时的情况，卖方无法第一时间去完成放行，买方可要求该笔资金解冻后退款不成交。（请卖方配合第一时间完成协商）</li>\n			</ol>\n			</td>\n		</tr>\n	</tbody>\n</table>\n\n<p>&nbsp;</p>\n\n<p><strong>卖方用户需知</strong></p>\n\n<table border=\"1\">\n	<tbody>\n		<tr>\n			<td><strong>卖方责任</strong></td>\n			<td><strong>如何处理</strong></td>\n		</tr>\n		<tr>\n			<td>① 用户卖出数字资产时，未仔细核对对方买入价格。</td>\n			<td>买方无上述责任，我们会判定资产属于买方。</td>\n		</tr>\n		<tr>\n			<td>\n			<p>② 卖方所提供收款账户出现异常，无法收到款（该时间段无其他成功收款记录，或该时间段订单均无法收到付款，或经测试此账户无法收到付款等情况）。</p>\n			</td>\n			<td>买方无上述责任，买方有权选择继续成交或拒绝成交。</td>\n		</tr>\n		<tr>\n			<td>\n			<p>③ 卖方（非广告方），未绑定与本人实名一致的有效收款信息或向买方提供与平台实名不一致的收款方式。</p>\n\n			<p>卖方（非广告方）通过支付宝或者微信收款时，账号以及二维码收款人姓名与订单详情页展示的收款人姓名不匹配。</p>\n			</td>\n			<td>投诉达到3次，系统将会永久限制卖方账户。</td>\n		</tr>\n		<tr>\n			<td>④ 收买方付款账户信息与平台实名信息不一致的转款，未拒绝成交</td>\n			<td>如被投诉1次，系统直接限制卖方账户。</td>\n		</tr>\n		<tr>\n			<td>⑤ 未在买方点击&ldquo;我已付款&rdquo;10分钟以内完成放行（买方无责任的情况下）</td>\n			<td>买方有权选择继续成交或要求退款不成交，卖方需在处理申诉的第一时间完成退款，不得拖延申诉处理时间。（如卖方拒绝协调，我们会直接放行给买方并冻结卖方账户。）</td>\n		</tr>\n		<tr>\n			<td><strong>卖方无责任</strong></td>\n			<td><strong>如何处理</strong></td>\n		</tr>\n		<tr>\n			<td>① 买方已付款，未及时点击&ldquo;我已付款&rdquo;，导致订单超时取消。</td>\n			<td>卖方有权选择继续成交或退款不成交。（如：若拒绝成交，卖方需将款项原路退回给买方。）</td>\n		</tr>\n		<tr>\n			<td>② 买方点击&ldquo;我已付款&rdquo;1小时后未收到款（卖方收款账户，同时间段能收到其他转款）。</td>\n			<td>\n			<p>卖方有权选择继续成交或退款不成交。</p>\n\n			<p>如：买方是广告发布方，申诉后10分钟无法联系上卖方，经核实付款无误，在保证金范围内，申诉专员会判定资产属于买方。</p>\n			</td>\n		</tr>\n	</tbody>\n</table>\n\n<p>&nbsp;</p>\n\n<p><strong>Maker（广告方）需知</strong></p>\n\n<table border=\"1\">\n	<tbody>\n		<tr>\n			<td><strong>Maker（广告方）责任</strong></td>\n			<td><strong>如何处理</strong></td>\n		</tr>\n		<tr>\n			<td colspan=\"1\" rowspan=\"2\">\n			<p>① 未在发布广告时仔细核对价格导致广告被快速下单。</p>\n			</td>\n			<td>判断用户属于正常交易，订单按正常交易流程处理。</td>\n		</tr>\n		<tr>\n			<td>判断用户使用第三方工具或其他手段，广告方有权申诉并拒绝成交。</td>\n		</tr>\n		<tr>\n			<td>② 不在设备旁或离线无法及时处理订单，未提前下架广告。</td>\n			<td>订单按正常交易流程处理。</td>\n		</tr>\n		<tr>\n			<td>③ 广告方不配合工作人员积极处理申诉问题。</td>\n			<td>根据《<a href=\"https://huobiglobal.zendesk.com/hc/zh-cn/articles/360002019191\" target=\"_blank\">广告方积分管理与取消制度</a>》处理。</td>\n		</tr>\n		<tr>\n			<td>④&nbsp;发布卖出广告时，收买方的付款信息与平台实名信息不一致的转款。</td>\n			<td>根据《<a href=\"https://huobiglobal.zendesk.com/hc/zh-cn/articles/360002019191\" target=\"_blank\">广告方积分管理与取消制度</a>》处理。</td>\n		</tr>\n		<tr>\n			<td>⑤ 广告方收非实名转款，向其他用户用非实名账户进行打款。</td>\n			<td>根据《<a href=\"https://huobiglobal.zendesk.com/hc/zh-cn/articles/360002019191\" target=\"_blank\">广告方积分管理与取消制度</a>》处理。</td>\n		</tr>\n		<tr>\n			<td>⑥ 向其他广告方或用户付款时，导致对方银行卡冻结时，不协助处理。</td>\n			<td>根据《<a href=\"https://huobiglobal.zendesk.com/hc/zh-cn/articles/360002019191\" target=\"_blank\">广告方积分管理与取消制度</a>》处理。</td>\n		</tr>\n		<tr>\n			<td>⑦ 未经收款人本人同意或达成一致的情况下，小额向对方账户转款测试的。</td>\n			<td>根据《<a href=\"https://huobiglobal.zendesk.com/hc/zh-cn/articles/360002019191\" target=\"_blank\">广告方积分管理与取消制度</a>》处理。</td>\n		</tr>\n		<tr>\n			<td>⑧ 通过支付宝或者微信收款时，账号以及二维码收款人姓名与订单详情页展示的收款人姓名不匹配。</td>\n			<td>根据《<a href=\"https://huobiglobal.zendesk.com/hc/zh-cn/articles/360002019191-%E5%B9%BF%E5%91%8A%E6%96%B9%E7%A7%AF%E5%88%86%E7%AE%A1%E7%90%86%E4%B8%8E%E5%8F%96%E6%B6%88%E5%88%B6%E5%BA%A6\" target=\"_blank\">广告方积分管理与取消制度</a>》处理。</td>\n		</tr>\n	</tbody>\n</table>\n\n<p><strong>1. 火币OTC的用户，必须同时遵守《用户协议》和《火币法币交易区规则》，并且交易规则会根据运营需要实时优化。如有更新，请以更新后的交易规则为准，敬请及时关注。</strong><br />\n<strong>2. 当涉及到申诉订单时，平台将根据交易规则、买卖双方在平台上的聊天内容等综合判定。如涉及到有损订单无法明确责任时（例如诈骗、多付款、少付款等），用户可寻求司法机关介入处理。</strong></p>\n', b'1', b'0', '15620680541587761', '1561806305762', '2019-07-02 19:47:34', '2019-07-02 19:47:34', 300034);
INSERT INTO `T_ArticleLang` VALUES ('15620681216845135', 'Huobi.Hadax上线项目5月月度跟踪报告', '<p><strong>摘&nbsp; 要</strong></p>\n\n<ul>\n	<li>5月份，火币Hadax的大部分项目均呈现下跌趋势，有16个项目有所下跌，4个项目有所上涨。火币Hadax上 REN市值上涨了01%，其余项目市值均有下降；火币Hadax的5月交易额达35.79亿美元，环比增长19.2%，原因是10个项目上线交易；</li>\n	<li>火币HADAX 5月上线数字资产10个，包括bkbt、hot、pc、get、seele、inc、man、ren、ae、gve。其中bkbt5月交易额达到2亿美元，gve交易额最低0.2亿美元；</li>\n	<li>火币Hadax共计上线平台类项目3个，共有3个项目公布了开发进展，其中，Aeternity智能合约团队用Erlang语言开发完成了第一个版本的虚拟机（Virtual Machine）；Matrix预计主网在九月份上线； SEELE将于下月完成测试网络构建；</li>\n	<li>火币HADAX共计上线应用类项目24个，其中区块链金融项目MEX官网完成0版本测试开发；文娱类项目UIP进入测试阶段；广告类项目PC推广圈APP增加了多元挖矿功能；分布式计算项目AAC已完成内部上线测试；数据服务项目中EGCC对技术框架设计作了调整和完善；社交类项目GSC完善了公链主要功能模块；交易所类项目REN 进行了Darknodes测试；支付类项目Litex LX-Channel取得进展；</li>\n	<li>持币地址数量最多的为CNN,超过了9万，前五的平均数达到9万。持币地址数量最少的为BKBT，仅为286，后五名的平均数仅为632。根据查到的数据，总共27个项目的平均数为1.71万；中位数为1.2万；</li>\n	<li>社群总人数排名中，CNN人数达到4万，前五名的平均数为5万；排名后五位的币种社群平均人数为4709。所有27个项目的社群平均数为2.44万，中位数为1.6万；</li>\n	<li>7个项目披露了锁仓计划，比例最高的为IIC，锁仓比例为55%，比例最低的为18T，为10%。锁仓的平均数为26%；AAC、EGCC等八个项目团队披露了解锁信息；</li>\n	<li>此外GSC、Bitup、LITEx项目核心团队成员发生了变更；EGCC办公地址发生变化。</li>\n</ul>\n\n<h1><a name=\"_Toc515960845\"></a>第一章 市场表现</h1>\n\n<h2><a name=\"_Toc515960846\"></a><a name=\"_Toc25328\"></a><a name=\"_Toc513624345\"></a>1、价格涨跌幅</h2>\n\n<p>从价格角度来看，5月份，火币HADAX的项目有16个项目价格下跌，4个项目价格上涨。其中BUT跌幅最大，约为47.34%；CNN涨幅最大，约为230.05%</p>\n\n<p><strong>图1.1</strong></p>\n\n<p><strong><img src=\"https://huobiglobal.zendesk.com/hc/article_attachments/360000100962/mceclip0.png\" /></strong></p>\n\n<p>价格涨幅排名前五的项目有4个项目上涨，CNN价格涨幅最大，从0.00051美元上涨到0.00168美元,，涨幅230.05%。排名后五的项目中，BUT价格跌幅最大，约为47.34%，从0.0031美元下跌到0.0024美元。</p>\n\n<p><strong>图1.2</strong></p>\n\n<p><strong><img src=\"https://huobiglobal.zendesk.com/hc/article_attachments/360000101481/mceclip1.png\" />&nbsp; &nbsp; &nbsp; &nbsp; &nbsp; &nbsp;<img src=\"https://huobiglobal.zendesk.com/hc/article_attachments/360000100982/mceclip2.png\" /></strong></p>\n\n<h2><a name=\"_Toc515960847\"></a>2、市值涨跌幅</h2>\n\n<p>5月，火币HADAX各项目总体市值从4月的15.17亿美元下跌到14.37亿美元，跌幅为5.3%。 其中UIP市值跌幅最大，约为41.20%，从0.78亿美元跌到0.46亿美元，其次是AE，跌幅达37.82%。从11.70亿美元跌到7.27亿美元；只有REN有所涨幅，涨幅为8.01%，从0.41亿美元涨到0.45亿美元。</p>\n\n<p><strong>图1.3火币HADAX各月项目市值总体情况</strong></p>\n\n<p><strong><img src=\"https://huobiglobal.zendesk.com/hc/article_attachments/360000101002/mceclip3.png\" /></strong></p>\n\n<p>从市值排名来看，5月和4月的第一名项目是AE，保持不变。5月，市值前三名分别为AE、HOT、MAN，市值分别为7.27亿美元、1.37亿美元、1.21亿美元；后三名为LXT、18T、GET，市值分别为0.15亿美元、0.08亿美元、0.06亿美元。</p>\n\n<p>&nbsp;</p>\n\n<p><strong>&nbsp;</strong><strong>表1.1 火币HADAX 上线项目5月市值情况</strong></p>\n\n<table>\n	<tbody>\n		<tr>\n			<td>\n			<p><strong>项目名称</strong></p>\n			</td>\n			<td>\n			<p>5月市值（亿美元）</p>\n			</td>\n			<td>\n			<p>4月市值（亿美元）</p>\n			</td>\n			<td>\n			<p>市值涨跌幅</p>\n			</td>\n		</tr>\n		<tr>\n			<td>\n			<p>AE</p>\n			</td>\n			<td>\n			<p>7.27</p>\n			</td>\n			<td>\n			<p>11.70</p>\n			</td>\n			<td>\n			<p>-37.82%</p>\n			</td>\n		</tr>\n		<tr>\n			<td>\n			<p>HOT</p>\n			</td>\n			<td>\n			<p>1.37</p>\n			</td>\n			<td>\n			<p>未披露</p>\n			</td>\n			<td>\n			<p>&nbsp;</p>\n			</td>\n		</tr>\n		<tr>\n			<td>\n			<p>MAN</p>\n			</td>\n			<td>\n			<p>1.21</p>\n			</td>\n			<td>\n			<p>1.46</p>\n			</td>\n			<td>\n			<p>-17.13%</p>\n			</td>\n		</tr>\n		<tr>\n			<td>\n			<p>GTC</p>\n			</td>\n			<td>\n			<p>0.79</p>\n			</td>\n			<td>\n			<p>未披露</p>\n			</td>\n			<td>\n			<p>0</p>\n			</td>\n		</tr>\n		<tr>\n			<td>\n			<p>CNN</p>\n			</td>\n			<td>\n			<p>0.53</p>\n			</td>\n			<td>\n			<p>未披露</p>\n			</td>\n			<td>\n			<p>0</p>\n			</td>\n		</tr>\n		<tr>\n			<td>\n			<p>UIP</p>\n			</td>\n			<td>\n			<p>0.46</p>\n			</td>\n			<td>\n			<p>0.78</p>\n			</td>\n			<td>\n			<p>-41.20%</p>\n			</td>\n		</tr>\n		<tr>\n			<td>\n			<p>REN</p>\n			</td>\n			<td>\n			<p>0.45</p>\n			</td>\n			<td>\n			<p>0.41</p>\n			</td>\n			<td>\n			<p>8.01%</p>\n			</td>\n		</tr>\n		<tr>\n			<td>\n			<p>DATX</p>\n			</td>\n			<td>\n			<p>0.31</p>\n			</td>\n			<td>\n			<p>0.45</p>\n			</td>\n			<td>\n			<p>-30.71%</p>\n			</td>\n		</tr>\n		<tr>\n			<td>\n			<p>UUU</p>\n			</td>\n			<td>\n			<p>0.24</p>\n			</td>\n			<td>\n			<p>0.29</p>\n			</td>\n			<td>\n			<p>-18.64%</p>\n			</td>\n		</tr>\n		<tr>\n			<td>\n			<p>AAC</p>\n			</td>\n			<td>\n			<p>0.23</p>\n			</td>\n			<td>\n			<p>未披露</p>\n			</td>\n			<td>\n			<p>&nbsp;</p>\n			</td>\n		</tr>\n		<tr>\n			<td>\n			<p>BUT</p>\n			</td>\n			<td>\n			<p>0.16</p>\n			</td>\n			<td>\n			<p>未披露</p>\n			</td>\n			<td>\n			<p>&nbsp;</p>\n			</td>\n		</tr>\n		<tr>\n			<td>\n			<p>LXT</p>\n			</td>\n			<td>\n			<p>0.15</p>\n			</td>\n			<td>\n			<p>未披露</p>\n			</td>\n			<td>\n			<p>&nbsp;</p>\n			</td>\n		</tr>\n		<tr>\n			<td>\n			<p>18T</p>\n			</td>\n			<td>\n			<p>0.08</p>\n			</td>\n			<td>\n			<p>未披露</p>\n			</td>\n			<td>\n			<p>&nbsp;</p>\n			</td>\n		</tr>\n		<tr>\n			<td>\n			<p>GET</p>\n			</td>\n			<td>\n			<p>0.06</p>\n			</td>\n			<td>\n			<p>0.08</p>\n			</td>\n			<td>\n			<p>-20.60%</p>\n			</td>\n		</tr>\n	</tbody>\n</table>\n\n<h2><a name=\"_Toc515960848\"></a><a name=\"_Toc24321\"></a><a name=\"_Toc513624347\"></a>3、交易额分析</h2>\n\n<p>&nbsp;&nbsp;&nbsp;&nbsp;&nbsp;&nbsp; 火币HADAX 5月新上线数字资产10种，目前共计26种数字资产。5月，火币HADAX整体交易额都有所上升，由4月的30.02亿美元上升到5月35.79亿美元，增加19.20%。</p>\n\n<p>&nbsp;&nbsp;&nbsp;&nbsp;&nbsp;&nbsp; 火币HADAX 5月各项目的交易额分布头部效应依然明显，月交易额在4亿美元以上的只有CNN，达到6.25亿美元；AAC交易额第二，达到3.27亿美元，50%的项目交易额都在0-1亿美元之间，交易额不足2亿美元的项目大幅上升，达到76.92%</p>\n\n<p><strong>图1.4 火币HADAX5月各项目市值分布图</strong></p>\n\n<p><strong><img src=\"https://huobiglobal.zendesk.com/hc/article_attachments/360000101022/mceclip4.png\" /></strong></p>\n\n<p>5月火币HADAX各项目交易额整体呈下降趋势，其中火币HADAX中有62.50%的项目交易额较4月份有所下降。从火币HADAX交易额涨幅排名来看，MEX交易额跌幅最大，为70.77%，从0.76亿下跌到0.22亿美元；其次是UIP，跌幅为66.15%，从1.99亿美元下跌到0.68亿美元；CNN涨幅最大，为230.56%，从1.95亿美元上升到6.45亿美元，其次是GTC,涨幅为171.96%，从0.12亿美元上升到0.33亿美元。</p>\n\n<p><strong>图1.5火币HADAX5月各项目交易额分布图</strong></p>\n\n<p><strong><img src=\"https://huobiglobal.zendesk.com/hc/article_attachments/360000101042/mceclip5.png\" /></strong></p>\n\n<h2><a name=\"_Toc515960849\"></a><a name=\"_Toc8410\"></a><a name=\"_Toc513624348\"></a>4、新上线项目</h2>\n\n<p>火币HADAX 5月新上线数字资产10个，包括bkbt、gve、hot、pc、get、seele、inc、man、ren、ae。在火币HADAX 5月交易额排名如下表所示，其中表现最好的为bkbt,5月交易额达到2.21亿美元，表现最差的gve交易额只有0.20亿美元。</p>\n\n<p><strong>表1.2 火币HADAX5月新上线项目详情</strong></p>\n\n<table>\n	<tbody>\n		<tr>\n			<td>\n			<p><strong>项目名称</strong></p>\n			</td>\n			<td>\n			<p>5月市值（亿美元）</p>\n			</td>\n			<td>\n			<p>4月市值（亿美元）</p>\n			</td>\n			<td>\n			<p>市值涨跌幅</p>\n			</td>\n			<td>\n			<p>5月交易额</p>\n			</td>\n		</tr>\n		<tr>\n			<td>\n			<p>bkbt</p>\n			</td>\n			<td>\n			<p>0.52</p>\n			</td>\n			<td>\n			<p>&nbsp;</p>\n			</td>\n			<td>\n			<p>&nbsp;</p>\n			</td>\n			<td>\n			<p>2.21</p>\n			</td>\n		</tr>\n		<tr>\n			<td>\n			<p>hot</p>\n			</td>\n			<td>\n			<p>1.37</p>\n			</td>\n			<td>\n			<p>&nbsp;</p>\n			</td>\n			<td>\n			<p>&nbsp;</p>\n			</td>\n			<td>\n			<p>1.88</p>\n			</td>\n		</tr>\n		<tr>\n			<td>\n			<p>pc</p>\n			</td>\n			<td>\n			<p>&nbsp;</p>\n			</td>\n			<td>\n			<p>&nbsp;</p>\n			</td>\n			<td>\n			<p>&nbsp;</p>\n			</td>\n			<td>\n			<p>1.35</p>\n			</td>\n		</tr>\n		<tr>\n			<td>\n			<p>get</p>\n			</td>\n			<td>\n			<p>0.06</p>\n			</td>\n			<td>\n			<p>0.08</p>\n			</td>\n			<td>\n			<p>-20.60%</p>\n			</td>\n			<td>\n			<p>1.13</p>\n			</td>\n		</tr>\n		<tr>\n			<td>\n			<p>seele</p>\n			</td>\n			<td>\n			<p>&nbsp;</p>\n			</td>\n			<td>\n			<p>&nbsp;</p>\n			</td>\n			<td>\n			<p>&nbsp;</p>\n			</td>\n			<td>\n			<p>0.86</p>\n			</td>\n		</tr>\n		<tr>\n			<td>\n			<p>inc</p>\n			</td>\n			<td>\n			<p>&nbsp;</p>\n			</td>\n			<td>\n			<p>&nbsp;</p>\n			</td>\n			<td>\n			<p>&nbsp;</p>\n			</td>\n			<td>\n			<p>0.86</p>\n			</td>\n		</tr>\n		<tr>\n			<td>\n			<p>man</p>\n			</td>\n			<td>\n			<p>1.21</p>\n			</td>\n			<td>\n			<p>1.46</p>\n			</td>\n			<td>\n			<p>-17.13%</p>\n			</td>\n			<td>\n			<p>0.32</p>\n			</td>\n		</tr>\n		<tr>\n			<td>\n			<p>ren</p>\n			</td>\n			<td>\n			<p>0.45</p>\n			</td>\n			<td>\n			<p>0.41</p>\n			</td>\n			<td>\n			<p>8.01%</p>\n			</td>\n			<td>\n			<p>0.29</p>\n			</td>\n		</tr>\n		<tr>\n			<td>\n			<p>ae</p>\n			</td>\n			<td>\n			<p>7.27</p>\n			</td>\n			<td>\n			<p>11.70</p>\n			</td>\n			<td>\n			<p>-37.82%</p>\n			</td>\n			<td>\n			<p>0.25</p>\n			</td>\n		</tr>\n		<tr>\n			<td>\n			<p>gve</p>\n			</td>\n			<td>\n			<p>0.10</p>\n			</td>\n			<td>\n			<p>&nbsp;</p>\n			</td>\n			<td>\n			<p>&nbsp;</p>\n			</td>\n			<td>\n			<p>0.20</p>\n			</td>\n		</tr>\n		<tr>\n			<td>\n			<p>bkbt</p>\n			</td>\n			<td>\n			<p>0.52</p>\n			</td>\n			<td>\n			<p>&nbsp;</p>\n			</td>\n			<td>\n			<p>&nbsp;</p>\n			</td>\n			<td>\n			<p>2.21</p>\n			</td>\n		</tr>\n		<tr>\n			<td>\n			<p>LXT</p>\n			</td>\n			<td>\n			<p>0.15</p>\n			</td>\n			<td>\n			<p>&nbsp;</p>\n			</td>\n			<td>\n			<p>&nbsp;</p>\n			</td>\n			<td>\n			<p>&nbsp;</p>\n			</td>\n		</tr>\n		<tr>\n			<td>\n			<p>18T</p>\n			</td>\n			<td>\n			<p>0.08</p>\n			</td>\n			<td>\n			<p>&nbsp;</p>\n			</td>\n			<td>\n			<p>&nbsp;</p>\n			</td>\n			<td>\n			<p>&nbsp;</p>\n			</td>\n		</tr>\n		<tr>\n			<td>\n			<p>GET</p>\n			</td>\n			<td>\n			<p>0.06</p>\n			</td>\n			<td>\n			<p>0.08</p>\n			</td>\n			<td>\n			<p>-20.60%</p>\n			</td>\n			<td>\n			<p>&nbsp;</p>\n			</td>\n		</tr>\n	</tbody>\n</table>\n\n<table>\n	<tbody>\n		<tr>\n			<td>&nbsp;</td>\n		</tr>\n		<tr>\n			<td>&nbsp;</td>\n			<td>&nbsp;</td>\n		</tr>\n	</tbody>\n</table>\n\n<h2><a name=\"_Toc31331\"></a><a name=\"_Toc513624349\"></a>5、上线交易所情况</h2>\n\n<p>已上线火币HADAX各项目中，有3.85%的项目上线交易所数量只有1家，超过60%的项目上线交易所数量不超过5家，只有1个项目上线交易所数量在10家以上，这个项目是AE，18T只上线了火币HADAX一家交易所，上线交易所数量在5-9家占比34.62%。</p>\n\n<p><strong>图1.6&nbsp; 火币HADAX各项目上线交易所数量分布</strong></p>\n\n<p><strong><img src=\"https://huobiglobal.zendesk.com/hc/article_attachments/360000101501/mceclip6.png\" /></strong></p>\n\n<h1><a name=\"_Toc515960851\"></a>第二章 项目进度</h1>\n\n<h2><a name=\"_Toc515960852\"></a>1、平台类项目</h2>\n\n<p><strong>Aeternity</strong><strong>（AE）（计划主网上线时间：2018年6月）</strong></p>\n\n<p>AE将呈现一个高度可扩容的区块链架构，利用图灵完备的状态通道、去中心化的预言机以及工作量证明法和权益证明法的双重共识机制，从而提升隐私性、可扩容性、安全性并降低智能合约运转成本。</p>\n\n<p><strong>官方要闻：</strong></p>\n\n<ol>\n	<li><strong>技术开发进度：</strong></li>\n</ol>\n\n<ul>\n	<li>Aeternity智能合约团队用Erlang语言开发完成了第一个版本的虚拟机（Virtual Machine），这不仅使运行更为稳定，而且更重要是拥有了全新的Sophia-based智能合约功能。（注：Sophia使AE独有的智能合约语言）</li>\n	<li>Release 0.13.0已经上线，这次更新首先提供了一个新版本的状态通道，允许基本的离线功能，例如客户端可以打开状态通道，在通道内发送令牌，并相互关闭；对智能合同功能进行了重大更新；并采用了Curve25519交换加密签名；</li>\n	<li>&aelig;ternity dev团队建立智能合同在状态通道中运行的功能，并实现Bitcoin-NG和广泛的测试。</li>\n	<li>按照项目进度计划，AE团队于月末发布了一个新版本的网络，进行了挖矿机制、状态树、同步协议和API等方面的改进。</li>\n</ul>\n\n<ol>\n	<li><strong>生态体系建设：</strong></li>\n</ol>\n\n<ul>\n	<li>Aeternity 启动了 &ldquo;星际舰队&rdquo;计划，是通过建立一个由创新者、投资者和行业爱好者组成的孵化器和加速器项目，用以支持全球区块链生态系统建设。</li>\n	<li>团队开辟了一个新的论坛，其主要目的是提供一个新的、更为集中并井然有序的网络空间，以便集中讨论有关&aelig;ternity的话题，使原本松散的社群和用户变得更为凝聚。</li>\n</ul>\n\n<p><strong>核心成员与团队动态：</strong></p>\n\n<ul>\n	<li>核心团队成员Stoyan 和 Vlad 在阿姆斯特丹的Chainges 活动中，分享了他们关于Aeternity方方面面的经验，包括平台多样化的功能以及能够支撑大规模商业化APP的能力。</li>\n</ul>\n\n<p><strong>Matrix (MAN)&nbsp;</strong><strong>（计划主网上线时间：2018年第二季度）</strong></p>\n\n<p>MATRIX 是新一代的区块链技术，她创造性的将人工智能技术引入了区块链，并将这两者紧密的融合在一起，功能上涵盖了链上参数、共识算法、智能合约、应用服务等各个方面。与之前所有的区块链产品不同的是，matrix通过突破性的人工智能技术构建了一个具备自我优化能力的区块链网络，该网络具有兼容公链及私链之间的多链协作能力以及数据区块和控制区块分离的特性。且POW计算过程能够产生针对其它领域的应用价值。</p>\n\n<ol>\n	<li><strong>技术开发进度</strong></li>\n</ol>\n\n<ul>\n	<li>预计主网在九月份上线，可能随主网上线的应用有：一个私密通信app，私密性比telegram更好；一个分布式存储工具；一个癌症诊疗系统；一个安全去IP终端通信协议</li>\n</ul>\n\n<ol>\n	<li><strong>ICO</strong><strong>计划</strong></li>\n</ol>\n\n<ul>\n	<li>目前发行出来5亿，其中8000万为多家投资机构持有，7000万公开售卖，剩余1亿由基金会管理，作为主网发布之前的市场、科研机构、商业合作、社区建设的预留支出。</li>\n	<li>核心团队的持有代币部分在主网上线后才会在主网上发出，所以除了少量内部奖励外，目前核心团队几乎不持有MAN。</li>\n	<li>第二轮ICO计划在主网发布之后，预计在今年年底或明年年初。此轮寻求在人工智能、区块链或者芯片设计方面有较多资源的合作伙伴来参与；以及公开售卖，此部分将会以二级市场价格为基础，给予一定折扣并有一定时长的锁仓。</li>\n</ul>\n\n<p><strong>SEELE</strong></p>\n\n<ul>\n	<li><strong>项目</strong><strong>概况</strong></li>\n</ul>\n\n<p>具有高并发性、高延展性的区块链生态系统。</p>\n\n<ul>\n	<li><strong>5</strong><strong>月项目进展</strong></li>\n</ul>\n\n<p>项目代币上线HADAX；参与多个行业活动，介绍和推广项目；</p>\n\n<ul>\n	<li><strong>6</strong><strong>月重大事项</strong></li>\n</ul>\n\n<p>完成测试网络建设</p>\n\n<p><strong>&nbsp;</strong></p>\n\n<h2><a name=\"_Toc515960853\"></a>2、应用类项目</h2>\n\n<p><strong>区块链金融</strong></p>\n\n<p><strong>IIC&nbsp;</strong><strong>智投链</strong></p>\n\n<ul>\n	<li><strong>项目概况</strong></li>\n</ul>\n\n<p>基于区块链的数字资产智能投顾平台</p>\n\n<ul>\n	<li><strong>5</strong><strong>月项目进展</strong></li>\n</ul>\n\n<p>上线Lbank交易所、迪拜交易所RightBTC、火币韩国, KEX。电报群人数增加增加至4.8万。智投宝App 智能投顾产品开发（完成40%）安全性规范与设计进行中（完成50%) App 1.1版 交互逻辑变更开发（40%）智投链底层ibft共识协议热插拔测试（完成10%）</p>\n\n<ul>\n	<li><strong>6</strong><strong>月重大事件</strong></li>\n</ul>\n\n<p>智投宝App 智能投顾产品开发、底层ibft共识协议热插拔测试。核心产品IICPay六月发布，主链发布重要更新。</p>\n\n<p><strong>BitUP</strong></p>\n\n<ul>\n	<li><strong>项目概况</strong></li>\n</ul>\n\n<p>加密数字货币资产组合投资管理平台</p>\n\n<ul>\n	<li><strong>5</strong><strong>月项目进展</strong></li>\n</ul>\n\n<p>实现以太坊的全节点监控。 4月24日起内测体验88BTC基金，上线bitgogo.io(4月30日)，KEX(5月8日) 。新增人员6人，技术4人，市场运营2人</p>\n\n<ul>\n	<li><strong>6</strong><strong>月重大事件</strong></li>\n</ul>\n\n<p>即将发布第一支正式基金。实现BTC等多个公链的全节点监控。</p>\n\n<p><strong>Shine Chain</strong></p>\n\n<ul>\n	<li><strong>项目概况</strong></li>\n</ul>\n\n<p>一个区块链人身保险生态体系</p>\n\n<ul>\n	<li><strong>5</strong><strong>月项目进展</strong></li>\n</ul>\n\n<p>产品应用已经落地. 正在开发新保障产品、区块链浏览器、APP推送功能，上线部分管理后台功能优化，进行英语版产品的适配工作</p>\n\n<ul>\n	<li><strong>6</strong><strong>月重大事件</strong></li>\n</ul>\n\n<p>产品功能优化，从事市场推广活动</p>\n\n<p><strong>Themis</strong></p>\n\n<ul>\n	<li><strong>项目概况</strong></li>\n</ul>\n\n<p>项目致力于创建一个基于区块链的&ldquo;支付宝&rdquo;，即一个去中心化的场外P2P交易，监管账户托管的应用，提供去中心化的数字货币托管与仲裁服务</p>\n\n<ul>\n	<li><strong>5</strong><strong>月项目进展</strong></li>\n</ul>\n\n<p>Themis测试网络正在开发中，完成escrow peer密码对设计，完成托管请求合约，完成仲裁请求合约； OTC平台原型设计已完成，完成整体架构设计与原型设计，完成订单功能与充币功能后台设计。新增合作伙伴：ShineChain，CrossChain，Github上月提交代码25次，优化存款功能，订单请求，前端网页优化，智能合约测试。</p>\n\n<ul>\n	<li><strong>6</strong><strong>月重大事件</strong></li>\n</ul>\n\n<p>完成Themis钱包测试版，完成测试网络POA共识算法优化。预计六月底可以放出测试网络，上线OTC平台测试版</p>\n\n<p><strong>MEX</strong></p>\n\n<ul>\n	<li><strong>项目概况</strong></li>\n</ul>\n\n<p>全球贵金属数字化交易所</p>\n\n<ul>\n	<li><strong>5</strong><strong>月项目进展</strong></li>\n</ul>\n\n<p>上线10个数字货币交易对; MEX回购销毁2000万; 分红计划公布并开始实施；MEX官网完成2.0版本测试开发；MEX衍生品交易1.0版本开始内测；法币交易开始内测；新增汤森路透为合作伙伴</p>\n\n<ul>\n	<li><strong>6</strong><strong>月重大事件</strong></li>\n</ul>\n\n<p>MEX官网完成2.0版本升级; 开通法币交易; MEX衍生品交易1.0版本正式上线; 增加15个优质数字货币; 增加5个贵金属类数字货币; 构建贵金属上币服务体系</p>\n\n<p>&nbsp;</p>\n\n<p><strong>文娱类项目</strong></p>\n\n<p><strong>GTC</strong></p>\n\n<ul>\n	<li><strong>项目概况</strong></li>\n</ul>\n\n<p>GTC(简称G币)是有Game.com全球发行的基于以太坊ERC20的去中心化数字资产，G币致力于成为全球游戏行业的通用数字货币标准。</p>\n\n<ul>\n	<li><strong>5</strong><strong>月项目进展</strong></li>\n</ul>\n\n<p>无。</p>\n\n<ul>\n	<li><strong>6</strong><strong>月重大事项</strong></li>\n</ul>\n\n<p>即将登陆Bithumb</p>\n\n<p><strong>UIP</strong></p>\n\n<ul>\n	<li><strong>项目概况</strong></li>\n</ul>\n\n<p>SUnlimitedIP (UIP) 是基于EOS打造的一款文娱版权智能交易平台。藉由区块链的可溯源、分布式、难篡改等特性以及哈希算法、非对称加密和时间戳等技术，并且结合EOS操作系统的支持百万级商业交易、低延迟和免费等特性，未来版权致力于为全球泛娱乐IP版权持有者提供包括极低成本的版权存证、版权认证、版权登记、版权交易、在线维权、内容孵化等于一体的一站式文娱版权智能服务。</p>\n\n<ul>\n	<li><strong>5</strong><strong>月项目进展</strong></li>\n</ul>\n\n<p>版权认证模块完成开发，进入测试阶段.</p>\n\n<ul>\n	<li><strong>6</strong><strong>月重要事件</strong></li>\n</ul>\n\n<p>版权认证模块6月中旬上线；版权交易计划年底前完成核心功能开发。UIP钱包6月底左右上线。</p>\n\n<p><strong>Portal</strong></p>\n\n<ul>\n	<li><strong>项目概况</strong></li>\n</ul>\n\n<p>Portal旨在搭建一个基于区块链技术的虚拟现实生态圈，连接虚拟现实内容、创作者和消费者，任何人都可以在Portal生态中开发应用、上传版权内容、甚至开发自己的平台来运营。Portal意指&ldquo;传送门&rdquo;，将为用户带来穿越式、沉浸式的虚拟现实体验，我们的目标是不断扩大Portal生态圈，使其成为以虚拟现实为核心的下一代互联网形态，从而深刻改善包括信息沟通、文化娱乐、社交互动、消费购物、工作学习、医疗健康等在内的人们的日常生活，推动未来加速到来。</p>\n\n<ul>\n	<li><strong>5</strong><strong>月项目进展</strong></li>\n</ul>\n\n<p>完成PORTAL接入移动端的架构；</p>\n\n<ul>\n	<li><strong>6</strong><strong>月重大事项</strong></li>\n</ul>\n\n<p>完成App接入Portal的Alpha版本。</p>\n\n<p>&nbsp;</p>\n\n<p><strong>广告</strong></p>\n\n<p><strong>Promotion chain&nbsp;</strong><strong>推广链（PC）</strong></p>\n\n<ul>\n	<li><strong>项目概况</strong></li>\n</ul>\n\n<p>推广链将区块链技术应用于推广行业，通过去中心化改造推广行业结构，剔除臃肿的中间代理构建&ldquo;产品--用户&rdquo;的极简结构，利用区块链技术和智能合约创造区块链时代全球推广生态</p>\n\n<ul>\n	<li><strong>5</strong><strong>月项目进展</strong></li>\n</ul>\n\n<p>修复了部分手机闪退等BUG，并优化了个人中心与任务发布的交互体验。 推广圈APP进行了部分UI调整，增加了多元挖矿功能，支持推广厂商自主定制的推广规则与挖矿奖励。合作伙伴方面，与KiKa输入法、向上金服达成初步合作意向，与A股上市公司广州普邦园林股份有限公司(002663)达成广告合作协议</p>\n\n<ul>\n	<li><strong>6</strong><strong>月重大事件</strong></li>\n</ul>\n\n<p>进行社区产品测试</p>\n\n<p><strong>DATx</strong></p>\n\n<ul>\n	<li><strong>项目概况</strong></li>\n</ul>\n\n<p>将区块链技术与人工智能和大数据技术相结合，为整个广告生态系统开发统一协议</p>\n\n<ul>\n	<li><strong>5</strong><strong>月项目进展</strong></li>\n</ul>\n\n<p>上线火币韩国；在Avazu APX上推广营销方案推广支付功能；在链上建设http插件以实现低耦合无隙更新；Github代码提交1次</p>\n\n<ul>\n	<li><strong>6</strong><strong>月重大事件</strong></li>\n</ul>\n\n<p>广告平台集成+ POI用户导向行为数据实现 1）在第一个与DATx兼容的广告平台Avazu上发布定制广告并获得活跃用户; 2）实施用户，发布者和广告平台的激励机制; 3）建立面向用户的分布式行为档案，为广告生态提供数据基础; 4）根据用户行为数据开发反欺诈系统，更好地净化生态系统。</p>\n\n<p><strong>CDC&nbsp;</strong><strong>消费链</strong></p>\n\n<ul>\n	<li><strong>项目概况</strong></li>\n</ul>\n\n<p>消费链是一条基于dpos共识的智能合约平台，运用区块链的去中心化、可追溯、无法篡改等特性，为消费返利、广告精准投放提供事实依据，从而建立起从用户-商户-广告投放三者之间的共赢生态</p>\n\n<ul>\n	<li><strong>5</strong><strong>月项目进展</strong></li>\n</ul>\n\n<p>2018年4月中旬开放主链和钱包代码，5月共提交代码21次当前合作伙伴包括快道、日本美食、小南国、黄记煌、黄太吉、POPMART</p>\n\n<ul>\n	<li><strong>6</strong><strong>月重大事件</strong></li>\n</ul>\n\n<p>持续更新公链代码，小程序应用原始数据积累，Dapp应用将上线，并开放广告主入口与线下消费支付功能</p>\n\n<p>&nbsp;</p>\n\n<p><strong>分布式计算和存储</strong></p>\n\n<p><strong>AAC</strong><strong>，Acute Angle Cloud</strong></p>\n\n<ul>\n	<li>当前项目概况</li>\n</ul>\n\n<p>Acute Angle Cloud是一个基于区块链的分布式存储平台，目前已推出其平台专用AAC矿机，但主网还未上线。5月7日上线CoinEgg交易平台，5月18日登陆火币韩国。</p>\n\n<ul>\n	<li>本月项目开发进展</li>\n</ul>\n\n<p>1.5月初已完成内部上线测试，验证智能合约功能，并开发PoW竞争出块插件；</p>\n\n<p>2.计划5月下旬发布beta版，将上线基本功能行大规模测试。</p>\n\n<ul>\n	<li>下月重大事件</li>\n</ul>\n\n<p>6月初锐角链将上线测试版，并开放开源地址，9月初将上线主网。</p>\n\n<p>&nbsp;</p>\n\n<p><strong>数据服务</strong></p>\n\n<p><strong>EGCC</strong><strong>，Engine</strong></p>\n\n<ul>\n	<li>项目概况</li>\n</ul>\n\n<p>Engine是基于区块链建立的汽车大数据共享平台，为每辆车建立不可篡改的数字档案。目前已和一些互联网货运、车联网数据、二手车金融等公司达成合作意向。4月已上线测试链，预计9月上线主网。</p>\n\n<ul>\n	<li>本月项目开发进展</li>\n</ul>\n\n<ol>\n	<li>更新Engine链的产品设计文档</li>\n	<li>对技术框架和链群设计作了调整和完善，现在已经开始进行正式主链的开发，并同步做一些车主应用的微信小程序。</li>\n</ol>\n\n<ul>\n	<li>下月重大事件</li>\n</ul>\n\n<p>6月将推进和彩虹无线关于车联网数据方面的合作，预计9月开源GitHub项目代码。</p>\n\n<p>&nbsp;</p>\n\n<p><strong>社交类项目</strong></p>\n\n<p><strong>18T</strong></p>\n\n<ul>\n	<li><strong>项目概况</strong></li>\n</ul>\n\n<p>全球区块链公链社区的第一本&ldquo;护照&rdquo;</p>\n\n<ul>\n	<li><strong>5</strong><strong>月项目进展</strong></li>\n</ul>\n\n<ol>\n	<li>代币登陆Hadax交易平台；</li>\n	<li>新增合作伙伴包括硅谷高创会、SWFT、News、Linfinity、LibraCredit等；</li>\n	<li>网站上线，咨询App上线，优化了Bugs。</li>\n</ol>\n\n<ul>\n	<li><strong>6</strong><strong>月重大事件</strong></li>\n</ul>\n\n<p>暂无披露</p>\n\n<p><strong>CNN</strong></p>\n\n<ul>\n	<li><strong>项目概况</strong></li>\n</ul>\n\n<p>基于区块链技术的新一代内容协议</p>\n\n<ul>\n	<li><strong>5</strong><strong>月项目进展</strong></li>\n</ul>\n\n<ol>\n	<li>CNN上线交易平台Bitgogo；</li>\n	<li>于5月25日与NewsDog合作推出App测试版本；</li>\n	<li>新增战略合作伙伴BlockMaster Mail</li>\n</ol>\n\n<ul>\n	<li><strong>6</strong><strong>月重大事件</strong></li>\n</ul>\n\n<p>暂未披露</p>\n\n<p><strong>UC</strong></p>\n\n<ul>\n	<li><strong>项目概况</strong></li>\n</ul>\n\n<p>全球首个基于AELF网络的去中心化实时内容分享平台</p>\n\n<ul>\n	<li><strong>5</strong><strong>月项目进展</strong></li>\n</ul>\n\n<ol>\n	<li>新增4名工程师、4名运营人员，Android、iOS、Web端产品持续开发，修复Bugs；</li>\n	<li>登陆交易所BCEX、Bit-z；</li>\n	<li>产品部分功能进入内测阶段，办公室入驻火币节点孵化器；</li>\n</ol>\n\n<ul>\n	<li><strong>6</strong><strong>月重大事件</strong></li>\n</ul>\n\n<p>暂未披露重大时间节点</p>\n\n<p><strong>UUU</strong></p>\n\n<ul>\n	<li><strong>项目概况</strong></li>\n</ul>\n\n<p>全球内容价值预测和内容发布平台</p>\n\n<ul>\n	<li><strong>5</strong><strong>月项目进展</strong></li>\n</ul>\n\n<ol>\n	<li>新增合作伙伴Certik、QuarkChain、Iris Network；</li>\n	<li>U赞产品进入测试阶段；</li>\n	<li>网页版钱包代码上线，GitHub上9 个关于主链开发的commit更新</li>\n</ol>\n\n<ul>\n	<li><strong>6</strong><strong>月重大事件</strong></li>\n</ul>\n\n<p>将登陆HitBTC等全球大型交易所</p>\n\n<p><strong>BKBT</strong></p>\n\n<ul>\n	<li><strong>项目概况</strong></li>\n</ul>\n\n<p>基于元图谱链的区块链和数字货币价值发现平台</p>\n\n<ul>\n	<li><strong>5</strong><strong>月项目进展</strong></li>\n</ul>\n\n<ol>\n	<li>安卓App上线，iOS App内测；</li>\n	<li>上线数字资产交易平台Hadax；</li>\n	<li>新增战略合作伙伴YOYOW</li>\n</ol>\n\n<ul>\n	<li><strong>6</strong><strong>月重大事件</strong></li>\n</ul>\n\n<p>暂未披露</p>\n\n<p><strong>GSC</strong></p>\n\n<ul>\n	<li><strong>项目概况</strong></li>\n</ul>\n\n<p>去中心化社交区块链操作系统</p>\n\n<ul>\n	<li><strong>5</strong><strong>月项目进展</strong></li>\n</ul>\n\n<ol>\n	<li>原哈希联盟创始人高一加盟GSC担任首席增长官，知名女主持人伍正罡加盟任市场公关总监；</li>\n	<li>成功举办全球发布会并宣布GSC超级节点竞选，目前已有Cybermiles、CoinMeet、CoinClub等6方宣布加入竞选；</li>\n	<li>GSC登陆火币韩国站与Rfinex交易平台；</li>\n	<li>GitHub代码提交次数为118，完善了公链主要功能模块例如节点出块、P2P网络发现搜索与PRC接口等</li>\n</ol>\n\n<ul>\n	<li><strong>6</strong><strong>月重大事件</strong></li>\n</ul>\n\n<p>钱包应用开发完成；测试网测试优化完成</p>\n\n<p>&nbsp;</p>\n\n<p><strong>交易所类项目</strong></p>\n\n<p><strong>Republic Protocol</strong></p>\n\n<ul>\n	<li><strong>项目概况</strong></li>\n</ul>\n\n<p>Republic Protocol支持Ethereum和ERC20 token的暗池交易平台。参与者不需要揭露自己价格，数量等交易细节。当一个交易进来的时候，平台会把这一单碎片化，每一个碎片都没有整个交易的完整信息。只有当把碎片聚集起来的时候，这一单的结果才会显露。因此允许去中心化的匿名交易。</p>\n\n<ul>\n	<li><strong>5</strong><strong>月项目进展</strong></li>\n</ul>\n\n<p>Republic Protocol Darknodes测试。</p>\n\n<ul>\n	<li><strong>6</strong><strong>月重要事项</strong></li>\n</ul>\n\n<p>未披露。</p>\n\n<p><strong>支付类项目</strong></p>\n\n<p><strong>LITEX</strong></p>\n\n<ul>\n	<li><strong>项目概况</strong></li>\n</ul>\n\n<p>LITEX 是完全去中心化的加密货币支付生态。</p>\n\n<ul>\n	<li><strong>5</strong><strong>月项目进展</strong></li>\n</ul>\n\n<p>LITEX Network各层级正在进行设计和研发，其中LX-Channel取得进展，将实现支持支付通道的动态扩容；LITEX Pay app正在按计划推进中。</p>\n\n<ul>\n	<li><strong>6</strong><strong>月重大事项</strong></li>\n</ul>\n\n<p>未披露</p>\n\n<h1><a name=\"_Toc515960854\"></a><a name=\"_Toc24590\"></a>第三章 用户情况</h1>\n\n<h2><a name=\"_Toc515960855\"></a><a name=\"_Toc13407\"></a>1、持币地址</h2>\n\n<p><strong>图3.1</strong></p>\n\n<p><strong><img src=\"https://huobiglobal.zendesk.com/hc/article_attachments/360000101521/mceclip7.png\" /></strong></p>\n\n<p><strong>图3.2</strong></p>\n\n<p><strong><img src=\"https://huobiglobal.zendesk.com/hc/article_attachments/360000101062/mceclip8.png\" /></strong></p>\n\n<ul>\n	<li>持币地址数量最多的为CNN,超过了9万，前五的平均数达到9万。持币地址数量最少的为BKBT，仅为286，后五名的平均数仅为632，跟前五名的差异巨大。</li>\n	<li>根据查到的数据，总共28个项目的平均数为71万；中位数为1.2万。</li>\n</ul>\n\n<p><strong>图3.3</strong></p>\n\n<p><strong><img src=\"https://huobiglobal.zendesk.com/hc/article_attachments/360000101082/mceclip9.png\" /></strong></p>\n\n<p>持币地址数最多的区间是一万到五万，达到50%；其次是一万以下，达到43%。</p>\n\n<h2><a name=\"_Toc515960856\"></a><a name=\"_Toc4529\"></a>2、社群规模</h2>\n\n<p><strong>图3.4</strong></p>\n\n<p><strong><img src=\"https://huobiglobal.zendesk.com/hc/article_attachments/360000101541/mceclip10.png\" /></strong></p>\n\n<p>社群总人数排名中，CNN领先其他币种，人数达到6.4万，BKBT为5.9万。前五名的平均数为5万。</p>\n\n<p><strong>图3.5</strong></p>\n\n<p><strong><img src=\"https://huobiglobal.zendesk.com/hc/article_attachments/360000101102/mceclip11.png\" /></strong></p>\n\n<ul>\n	<li>排名后五位的币种社群人数都低于二万人，需要继续加强社群建设。其中PORTAL在社群人数和持币地址数的排名中都位于倒数前五名，反映出整体市场推广程度不足的问题。后五名的平均数为4709。</li>\n	<li>所有28个项目的社群平均数为44万，中位数为1.6万。</li>\n</ul>\n\n<p><strong>图3.6</strong></p>\n\n<p><strong><img src=\"https://huobiglobal.zendesk.com/hc/article_attachments/360000101561/mceclip12.png\" /></strong></p>\n\n<p>社群人数分布最多的区间在一万到五万这个区间达到70%</p>\n\n<h1><a name=\"_Toc515960857\"></a><a name=\"_Toc8090\"></a>第四章 市值管理</h1>\n\n<h2><a name=\"_Toc515960858\"></a><a name=\"_Toc9775\"></a><a name=\"_Toc513121411\"></a>1、锁仓</h2>\n\n<p><strong>图3.1</strong></p>\n\n<p><strong><img src=\"https://huobiglobal.zendesk.com/hc/article_attachments/360000101122/mceclip13.png\" /></strong></p>\n\n<p>根据已收到的信息，共有7个项目披露了锁仓计划，比例最高的为IIC，锁仓比例为55%，比例最低的为18T，为10%。锁仓的平均数为26%</p>\n\n<p>&nbsp;</p>\n\n<h2><a name=\"_Toc515960859\"></a>2、解锁</h2>\n\n<ul>\n	<li>AAC 基石投资25%代币，自代币生成后解锁其50%，上线交易后解锁25%，6个月后解锁剩余25%，按计划，到2018年6月份将全部完成解锁。</li>\n	<li>技术开发团队5%，上线后每个月解锁25%，20个月解锁完毕（已解锁30%）。</li>\n	<li>ENGINE经营团队20%，锁仓两年，上线交易后，每年解锁50%。</li>\n	<li>Portal团队持有15%，锁仓6个月，之后每个月解锁10%；基石投资者持有的5%锁仓6个月</li>\n	<li>CNN团队与顾问总量为35%，六月解锁顾问和团队代币的1/24。</li>\n	<li>18T 五月没有新解锁，团队10%锁仓两年。</li>\n	<li>LITEX创始团队15%，代币发行后每月解锁此部分的1/36，分36个月解锁完成。</li>\n	<li>Bitup 运营团队未解锁, 顾问团队解锁三分之一, 投资人团队解锁三分之一。</li>\n</ul>\n\n<p>&nbsp;</p>\n\n<p>&nbsp;</p>\n\n<p>&nbsp;</p>\n\n<p>&nbsp;</p>\n\n<h1><a name=\"_Toc515960860\"></a>第五章 其它重大事项</h1>\n\n<h2><a name=\"_Toc515960861\"></a>1、核心人员变动</h2>\n\n<p><strong>GSC</strong></p>\n\n<ul>\n	<li>原哈希联盟创始人高一加盟GSC担任首席增长官。</li>\n</ul>\n\n<p><strong>Bitup</strong></p>\n\n<ul>\n	<li>增加团队核心成员：彭云，美国路易斯安那州立大学数学博士毕业，南京大学匡亚明荣誉学院数学学士学位，曾任高盛量化资产管理策划团队副总裁，主管国际宏观投资策略的研发。</li>\n</ul>\n\n<p><strong>LITEX</strong></p>\n\n<ul>\n	<li>新增首席科学家黄群，中科院计算所网络实验室副研究员，硕士生导师，中科院百人计划。</li>\n</ul>\n\n<h2><a name=\"_Toc515960862\"></a>2、其它情况</h2>\n\n<p><strong>Engine</strong></p>\n\n<ul>\n	<li><strong>办公地址发生变更</strong></li>\n</ul>\n\n<p>地址变更为：Corporate Registrations Limited of Sea Meadow House, Blackburne Highway (P.O. Box 116), Road Town, Tortola, British Virgin Island.</p>\n\n<p>&nbsp;</p>\n\n<p>&nbsp;</p>\n\n<p><strong>编制说明：</strong></p>\n\n<p>本报告用于跟踪Hadax站上线项目每月进展情况，主要包括项目市场表现、开发进展、用户情况、市值管理等四个维度内容，为投资者了解资产投资价值和风险提供支持。</p>\n\n<p>本月报告涵盖Hadax站平台类、应用类资产，币类资产、分叉区以及实物代币化资产不在本次报告统计中。</p>\n\n<p>本报告采用数据均通过公开渠道获取，所有内容不构成投资建议。</p>\n\n<p>&nbsp;</p>\n\n<p>&nbsp;</p>\n\n<p>&nbsp;</p>\n\n<table>\n	<tbody>\n		<tr>\n			<td>\n			<p>火币区块链应用研究院:&nbsp;</p>\n			</td>\n		</tr>\n	</tbody>\n</table>\n\n<p><strong>关于我们：</strong></p>\n\n<p>火币区块链应用研究院（简称&ldquo;火币研究院&rdquo;）成立于2016年4月，于2018年3月起全面拓展区块链各领域的研究与探索，主要研究内容包括区块链领域的技术研究、行业分析、应用创新、模式探索等。我们希望搭建涵盖区块链完整产业链的研究平台，为区块链产业人士提供坚实的理论基础与趋势判断，推动整个区块链行业的发展。</p>\n\n<p><strong>联系我们：</strong></p>\n\n<table>\n	<tbody>\n		<tr>\n			<td>\n			<p><strong>咨询邮箱：</strong></p>\n			</td>\n			<td>\n			<p>huobiresearch@huobi.com</p>\n			</td>\n		</tr>\n		<tr>\n			<td>\n			<p><strong>微信公众号：</strong></p>\n			</td>\n			<td>\n			<p>火币区块链</p>\n			</td>\n		</tr>\n		<tr>\n			<td>\n			<p><strong>Twitter:</strong></p>\n			</td>\n			<td>\n			<p>Huobi_Research</p>\n			</td>\n		</tr>\n		<tr>\n			<td>\n			<p><strong>&nbsp;</strong></p>\n			</td>\n			<td>\n			<p><a href=\"https://twitter.com/Huobi_Research\">https://twitter.com/Huobi_Research</a></p>\n			</td>\n		</tr>\n		<tr>\n			<td>\n			<p><strong>Facebook:</strong></p>\n			</td>\n			<td>\n			<p>Huobi Research</p>\n			</td>\n		</tr>\n		<tr>\n			<td>\n			<p><strong>&nbsp;</strong></p>\n			</td>\n			<td>\n			<p><a href=\"https://www.facebook.com/Huobi-Research-655657764773922\">https://www.facebook.com/Huobi-Research-655657764773922</a></p>\n			</td>\n		</tr>\n		<tr>\n			<td>\n			<p><strong>Medium:</strong></p>\n			</td>\n			<td>\n			<p>Huobi Research</p>\n			</td>\n		</tr>\n		<tr>\n			<td>\n			<p><strong>&nbsp;</strong></p>\n			</td>\n			<td>\n			<p><a href=\"https://medium.com/@huobiresearch\">https://medium.com/@huobiresearch</a></p>\n			</td>\n		</tr>\n	</tbody>\n</table>\n\n<p><strong>免责声明：</strong></p>\n\n<ol>\n	<li>火币区块链研究院与本报告中所涉及的项目或其他第三方不存在任何影响报告客观性、独立性、公正性的关联关系。</li>\n	<li>本报告所引用的资料及数据均来自合规渠道，资料及数据的出处皆被火币区块链研究院认为可靠，且已对其真实性、准确性及完整性进行了必要的核查，但火币区块链研究院不对其真实性、准确性或完整性做出任何保证。</li>\n	<li>报告的内容仅供参考，报告中的结论和观点不构成相关代币或通证的任何投资建议。火币区块链研究院不对因使用本报告内容而导致的损失承担任何责任，除非法律法规有明确规定。读者不应仅依据本报告作出投资决策，也不应依据本报告丧失独立判断的能力。</li>\n	<li>本报告所载资料、意见及推测仅反映研究人员于定稿本报告当日的判断，未来基于行业变化和数据信息的更新，存在观点与判断更新的可能性。</li>\n	<li>本报告版权仅为火币区块链研究院所有，如需引用本报告内容，请注明出处。如需大幅引用请事先告知，并在允许的范围内使用。在任何情况下不得对本报告进行任何有悖原意的引用、删节和修改。</li>\n</ol>\n', b'1', b'0', '15620681216805942', '1561806305762', '2019-07-02 19:48:41', '2019-07-02 19:48:41', 300035);
INSERT INTO `T_ArticleLang` VALUES ('15620681843174552', '火币公链领袖征选规则征求社区意见稿', '<p><strong>前言</strong></p>\n\n<p><strong>&nbsp;</strong></p>\n\n<p>对于火币集团而言，火币公链承载着火币集团对区块链发展的美好愿景，火币集团有意愿、有信心并且愿意投入资源，与社区共同建设一个代表区块链最前沿技术的新一代自金融公有链。</p>\n\n<p>不同阶段的公链其目标诉求也不尽相同，火币集团在建设火币公链的进程中，将始终秉承区块链精神，聆听来自社区的多元化声音。社区用户可以通过HT（定义见下文）投票形成共识机制，将社区意志传达给公链建设者。</p>\n\n<p>公链领袖竞选将是火币社区化业务运作的进一步尝试，火币集团始终相信社区化运作可以制定出合理的规则，区块链精神不是口号和概念，最终将通过社区的投票，落实在规则制定之中。</p>\n\n<p>本规则公开后，收到来自全球火币用户的众多意见。火币将如约为每位反馈意见的用户发放1~5HT，若用户反馈的意见建议非常有建设性，则酌情更多HT，上限不超过100HT。广大用户可继续发送自己对火币公链的看法与建议至&nbsp;<a href=\"mailto:chain@huobi.com\">chain@huobi.com</a>&nbsp;，火币公链社区与火币开发者社区需要每位用户的广泛参与。&nbsp;</p>\n\n<p><strong>第一章 总则</strong></p>\n\n<p>&nbsp;</p>\n\n<ul>\n	<li><strong>定义</strong>&nbsp;在本规则中，除非本规则另行明确指出，否则下述词语应当具有以下意义。</li>\n	<li>【公链事业部】公链事业部负责在商业、技术等各维度支持领袖团队，也负责建设社区组织投票，并综合社区意见增加专家顾问成员</li>\n	<li>【HT】Huobi Token （火币全球生态通证），HT的持有者拥有参与社群决策的权利。</li>\n	<li>【时间】如无特殊说明，时间均为新加坡时间，日、月均为自然日、月。</li>\n	<li><strong>火币公链</strong>&nbsp;由火币集团支持资助，由HT社区成员共同参与建设的新一代自金融公有链。</li>\n	<li><strong>参与主体</strong>&nbsp;参与主体包括，公链领袖、领袖团队成员、专家顾问团及其成员、理事会及当选理事、社区成员。参与主体的具体职能划分见下文。</li>\n</ul>\n\n<p>&nbsp;</p>\n\n<p><strong>第二章 公链领袖</strong></p>\n\n<p><strong>&nbsp;</strong></p>\n\n<ul>\n	<li><strong>宗旨和目标</strong>&nbsp;火币公链以推动区块链行业整体发展为宗旨，以实现&ldquo;让金融更高效，让财富更自由&rdquo;为目标，因此，公链领袖应当赞同火币公链的宗旨并勤勉的履行其职责为实现上述目标而努力。</li>\n</ul>\n\n<p>&nbsp;</p>\n\n<ul>\n	<li><strong>公链领袖职责</strong>&nbsp;公链领袖应当勤勉的履行以下具体职责：</li>\n	<li>定期不定期地向理事会汇报工作；</li>\n	<li>组织公链团队开发和维护公链，并对公链团队进行日常管理；</li>\n	<li>设计和/或领导设计公链技术路线；</li>\n	<li>就3000万HT的激励方案提出建议，并初步起草该方案交理事会批准；</li>\n	<li>拟订领袖团队基本管理制度，并将方案交理事会批准；</li>\n	<li>列席理事会议；</li>\n	<li>履行理事会赋予的其他职权。</li>\n</ul>\n\n<p>&nbsp;</p>\n\n<ul>\n	<li><strong>候选人资格</strong>&nbsp;报名参选公链领袖应当具备以下基本条件：</li>\n	<li>拥有丰富的区块链底层开发经验与大型系统架构经历；且</li>\n	<li>带领过大型研发团队，管理经验丰富。</li>\n</ul>\n\n<p>&nbsp;</p>\n\n<ul>\n	<li><strong>候选人筛选</strong>&nbsp;报名候选人经由专家顾问团进行初步筛选，并提出参与选举候选人名单，社区将根据本规则的规定对候选人名单中的候选人进行投票选举，从而产生公链领袖。</li>\n</ul>\n\n<p>&nbsp;</p>\n\n<ul>\n	<li><strong>组队规则&nbsp;</strong>候选人间可以在征得火币公链事业部同意后自由组队，且战队不设人数上限。</li>\n	<li>若团队有多名队员均名列前30榜上，则成为队员的前30候选人可以选择继续存在于投票列表内，但是一个团队只取票数最高的候选人作为最终名次。</li>\n	<li>若团队仅有1位队员位列前30名，则不存在分流问题，合并成为战队，以战队之名接受投票。</li>\n	<li>合并前的队员票数无法并入新战队的票数。</li>\n</ul>\n\n<p>&nbsp;</p>\n\n<ul>\n	<li><strong>征聘流程</strong>&nbsp;公链领袖的征聘应当遵循以下流程：</li>\n	<li>征聘启动：6月6日正式面向全球征集公链领袖；</li>\n	<li>规则公示：7月5日发布火币公链领袖征选规则征求意见稿，接受社区对领袖征选与投票规则的改进意见；</li>\n	<li>参选报名：8月20日报名正式结束；</li>\n	<li>名单公示：7月5日将放出部分已报名候选人名单公示；</li>\n	<li>投票开始：7月20日正式开启投票选举；</li>\n	<li>候选增补：7月20日至8月20日报名的候选人，经专家顾问团的认可亦可进入投票候选人名单，得票数不做增补处理；</li>\n	<li>结果确认：经三轮投票胜出者，当选火币公链领袖；</li>\n	<li>领袖公示：领袖身份将于火币集团举办的盛会公示。</li>\n</ul>\n\n<p>&nbsp;</p>\n\n<ul>\n	<li><strong>投票流程</strong>&nbsp;公链领袖投票应当分三轮进行，具体应当遵循以下流程：</li>\n	<li>第一轮投票自7月20日12时开始，于8月20日12时结束。投票结束后，票数排名不在前三十位的候选人自动退出公链领袖竞选。前三十名进入下一轮投票，票数不清零。</li>\n	<li>第二轮投投票8月20日19时开始，于9月15日12时结束。投票结束后，票数排名不在前五名的候选人自动退出公链领袖竞选。前五名进入最后一轮投票，票数不清零。</li>\n	<li>第三轮投票自9月15日19时开始，于9月28日16时结束。五名最终候选人将在9月28日晚出席由火币举办的火币公链领袖盛会。</li>\n	<li>在领袖盛会当晚，五名候选人将进行面对面辩论，且该辩论会进行网络直播。参选结果由候选人最终得分确认，具体计算方法为：候选人最终得分 = 获得票数 * 顾问意见系数（系数基数为1, 候选人每获得一名顾问支持则增加0.1），最终胜出的候选人为得分最高的候选人，如果数位候选人得分相同，则票数多的候选人胜出。</li>\n</ul>\n\n<p>&nbsp;</p>\n\n<ul>\n	<li><strong>未胜出候选人激励</strong>&nbsp;经过专家顾问团筛选的未胜出候选人将有机会获得其它奖励，包括但不限于，技术路线奖、治理理念奖、社群发展奖、通证设计奖以及最佳人气奖，并赢取相对应的HT激励。</li>\n</ul>\n\n<p>&nbsp;</p>\n\n<ul>\n	<li><strong>签署合同&nbsp;</strong>领袖与火币集团指定的主体签定合同，确认领袖在公链开发建设中的权利和义务。</li>\n</ul>\n\n<p>&nbsp;</p>\n\n<ul>\n	<li><strong>领袖责任</strong>&nbsp;领袖应勤勉地推进公链项目，并保证公链项目的持续性。领袖若主动辞去公链领袖，或被理事会弹劾，将失去尚未领取HT激励；若领袖恶意造成公链项目延迟或其它损失，须退回已领取HT激励，并承担相应损失。</li>\n</ul>\n\n<p>&nbsp;</p>\n\n<p><strong>第三章 领袖团队</strong></p>\n\n<p>&nbsp;</p>\n\n<ul>\n	<li><strong>领袖团队之产生</strong>&nbsp;领袖团队组成人员由领袖提名，向理事会备案后，成为领袖团队的一员。</li>\n</ul>\n\n<p>&nbsp;</p>\n\n<ul>\n	<li><strong>领袖团队成员与火币签署合同&nbsp;</strong>领袖团队成员与火币集团指定的主体签定合同，确认领袖团队成员在公链开发建设中的权利义务。</li>\n</ul>\n\n<p>&nbsp;</p>\n\n<ul>\n	<li><strong>领袖团队之职责</strong>&nbsp;领袖团队应当履行以下具体职责：</li>\n	<li>根据领袖的要求，进行系统开发；</li>\n	<li>在领袖的指导下，进行系统维护；</li>\n	<li>履行合同约定的其它义务。</li>\n</ul>\n\n<p>&nbsp;</p>\n\n<ul>\n	<li><strong>领袖团队成员申请退出团队事宜</strong>&nbsp;领袖团队成员须向领袖申请，经领袖同意，并解除加入领袖团队时签订的合同后方可退出。</li>\n</ul>\n\n<p>&nbsp;</p>\n\n<ul>\n	<li><strong>领袖被弹劾情形下领袖团队工作的开展</strong>&nbsp;领袖的变更不影响领袖团队成员合同项下的权利义务。</li>\n</ul>\n\n<p>&nbsp;</p>\n\n<p><strong>第四章 专家顾问团</strong></p>\n\n<p>&nbsp;</p>\n\n<ul>\n	<li><strong>专家顾问团的组成</strong>&nbsp;火币公链事业部在理事会产生之前牵头组织行业专家顾问组成火币公链专家顾问团，其组成成员应当包括国内外著名业界技术精英、高校学者、行业领袖和/或知名投资人。</li>\n</ul>\n\n<p>&nbsp;</p>\n\n<ul>\n	<li><strong>专家顾问权责</strong>&nbsp;专家顾问应当具有以下权责：</li>\n	<li>根据本规则对领袖候选人进行推荐和筛选；</li>\n	<li>促成公链事业健康发展；</li>\n	<li>根据本规则对火币公链的建设进行外部监督；</li>\n	<li>根据本规则对火币公链的建设提供顾问；</li>\n	<li>就与火币公链相关的重要问题提出议案，且顾问三分之一的成员形成的提案理事会必须审议并做出决议。</li>\n</ul>\n\n<p>&nbsp;</p>\n\n<ul>\n	<li><strong>专家顾问团的人数</strong>&nbsp;专家顾问团初始人数由火币公链事业部确定。自确定之后的第一个自然年之后，每年是否增加专家顾问人数由火币公链事业部组织社区投票决定。为免疑义，若投票决定增加专家顾问人数，则当年增加人数不得超过原有顾问数量的50%。</li>\n</ul>\n\n<p>&nbsp;</p>\n\n<ul>\n	<li><strong>专家顾问的聘用&nbsp;</strong>专家顾问身份确定后，与火币集团指定的主体签定合同，确定权利义务。</li>\n</ul>\n\n<p>&nbsp;</p>\n\n<ul>\n	<li><strong>专家顾问的解聘&nbsp;</strong>当专家顾问出现不称职情形，或违合同义务时，由火币集团指定的主体进行解聘。</li>\n</ul>\n\n<p>&nbsp;</p>\n\n<ul>\n	<li><strong>专家顾问公示&nbsp;</strong>火币公链事业部会将所有聘用专家顾问的信息在火币网页进行公示，公示期间，任何单位或者用户对专家顾问的信誉和专业程度有异议的，可以通过邮件方式反映（邮件地址：chain@huobi.com）。反映情况和问题必须实事求是、客观公正，且反映人应当提供真实姓名、联系电话以示负责。火币公链事业部将对反映人反映的情况严格保密，对所反映的情况和问题，将认真进行调查核实并视情况以适当方式向反映人反馈。调查属实并影响专家顾问团工作的，取消拟认定聘用专家资格。</li>\n</ul>\n\n<p>&nbsp;</p>\n\n<ul>\n	<li><strong>专家顾问推荐和筛选候选人标准&nbsp;</strong>专家顾问对候选人的推荐和筛选应当依据以下标准：</li>\n	<li>评估候选人的履历和经验；</li>\n	<li>评估候选人的专业素养；</li>\n	<li>评估候选人提出的方案；</li>\n	<li>评估候选人的职业道德；</li>\n	<li>评估候选人领导团队的能力。</li>\n</ul>\n\n<p>&nbsp;</p>\n\n<ul>\n	<li><strong>专家顾问在投票过程中的职责&nbsp;</strong>专家顾问在公链领袖选举投票过程中应当履行以下职责：</li>\n	<li>在公开辩论环节质询候选人；</li>\n	<li>审慎判断是否支持候选人。</li>\n</ul>\n\n<p>&nbsp;</p>\n\n<ul>\n	<li><strong>专家顾问的激励</strong>&nbsp;专家顾问勤勉履行本规则和合同项下职责和义务的，在履职后的第一年将获得20,000HT的激励，与&ldquo;火币公链荣誉顾问&rdquo;的称号。视履行职责的情形，可于后续每年年末享受理事会通过之奖励方案中授予专家顾问的激励。</li>\n</ul>\n\n<p>&nbsp;</p>\n\n<p><strong>第五章 理事会</strong></p>\n\n<p><strong>&nbsp;</strong></p>\n\n<ul>\n	<li><strong>理事会宗旨</strong>&nbsp;为有效监督并协助公链领袖完成火币公链的开发和维护等工作，火币公链将成立理事会。</li>\n</ul>\n\n<p>&nbsp;</p>\n\n<ul>\n	<li><strong>理事会组成&nbsp;</strong>火币公链理事会应当由7位理事组成，其中常务理事3人，2位由火币集团指派相关人员担任，1位由胜选公链领袖指派人员担任（当领袖发生变更时，领袖指派的理事也随即变更）。剩余4位非常务理事，初始由公链领袖竞选中排名2至5位的4位候选人担任。白皮书完成后，以月为单位，由社区投票确定非常务理事人选。每个自然月底，以当月总票数前4名成为新一届理事会成员。投票程序和方式另行规定，以火币公链事务部的官方公告为准。</li>\n</ul>\n\n<p>&nbsp;</p>\n\n<ul>\n	<li><strong>理事会的权责&nbsp;</strong>理事会应当拥有以下权责：</li>\n	<li>听取并审议公链领袖汇报、专家顾问意见及社区意见；</li>\n	<li>对社区意见、公链发展方向等一般事项进行表决；</li>\n	<li>就重大事项进行表决。</li>\n</ul>\n\n<p>&nbsp;</p>\n\n<ul>\n	<li><strong>重大事项范围&nbsp;</strong>理事会本章第三条所述之重大事项应当包括以下事项：</li>\n	<li>公链开发重大变革；</li>\n	<li>公链领袖提出的HT激励方案；</li>\n	<li>公链相关管理机构设置事宜；</li>\n	<li>公链相关管理机构基本制度设立事宜；</li>\n	<li>公链领袖弹劾及选举事宜；以及</li>\n	<li>理事会全体理事以三分之二以上通过定为重大事项的其他事项。</li>\n</ul>\n\n<p>&nbsp;</p>\n\n<ul>\n	<li><strong>程序性规范&nbsp;</strong>理事会应当遵循以下程序性规范：</li>\n	<li>理事会应当每月至少召开一次会议，会议召开日10日前通知全体理事和专家顾问；</li>\n	<li>理事会有过半数理事出席方可举行；</li>\n	<li>理事会决议实行一人一票制，当所表决事项与理事成员个人利益相关时，相关理事不参与投票；</li>\n	<li>一般事项经全体理事过半数通过，本章第四条所述之重大事项须由全体理事三分之二以上通过；</li>\n	<li>代表十分之一以上的投票权社区群体、三分之一以上的理事或专家顾问会可以提议召开临时理事会议；</li>\n	<li>理事会形成的决议等记录，出席的理事应在记录上签名；</li>\n	<li>2位理事可以提出弹劾公链领袖的提案；</li>\n	<li>公链领袖卸任或被弹劾时，由理事会投票内部产生继任领袖，获得3票以上者成为继任领袖。</li>\n</ul>\n\n<p>&nbsp;</p>\n\n<ul>\n	<li>理事的<strong>权利</strong>和<strong>义务</strong>&nbsp;理事应履行下述义务，并享有相应的权利：</li>\n	<li>理事应当出席理事会议，重视勤勉地履行理事会赋予的职责；</li>\n	<li>理事可以提出自行领导开发公链中的模块，并提议相应激励方案，交理事会审议表决，且该开发任务不应理事去职而变化；</li>\n	<li>理事任职期间每月将获得1,500HT的激励。</li>\n</ul>\n\n<p>&nbsp;</p>\n\n<p><strong>第六章 社区管理</strong></p>\n\n<p>&nbsp;</p>\n\n<ul>\n	<li><strong>需要社区投票之事项</strong>&nbsp;社区应当就以下所列事项进行投票：</li>\n	<li>就公链领袖选举进行投票；</li>\n	<li>就非常务理事会成员选举进行投票；</li>\n	<li>根据理事会决议其它需要进行投票的事项。</li>\n</ul>\n\n<p>&nbsp;</p>\n\n<ul>\n	<li><strong>投票资格</strong>&nbsp;所有持有HT的自然人和组织均可参与社区投票。</li>\n</ul>\n\n<p>&nbsp;</p>\n\n<ul>\n	<li><strong>领袖投票的特殊规定</strong>&nbsp;对领袖进行投票应当遵循以下规定：</li>\n	<li>投票资格及票数认定应当遵循以下规则：</li>\n	<li>持有100HT以上的自然人或组织均可以参与投票；</li>\n	<li>具体票数以火币集团对HT的持有数快照为依据，快照于前一自然日23:30时形成；</li>\n	<li>每100HT获得100票，每名用户每日可取得选票上限为200,000票；</li>\n	<li>选票每日发放，24小时内有效，24小时后作废。</li>\n	<li>社区激励规则：</li>\n	<li><strong>代币激励机制</strong>&nbsp;针对领袖投票环节，为激励用户投票，火币集团将与项目方合作，形成代币激励池。参与投票的用户，依其投票数，以总投票数为基数，等比例获得赞助商空投的代币。</li>\n</ul>\n\n<p>&nbsp;</p>\n\n<ul>\n	<li><strong>活动激励机制</strong></li>\n</ul>\n\n<p>投票数靠前的用户，可以获得以下权益：</p>\n\n<ol>\n	<li>与自己为之投票的领袖候选人进行线上交流的机会；</li>\n	<li>与自己为之投票的领袖候选人进行面对面线下交流的机会；</li>\n	<li>免费参加火币公链领袖征选盛典晚会的机会。</li>\n</ol>\n\n<p>&nbsp;</p>\n\n<p><strong>第七章 HT激励池</strong></p>\n\n<p>&nbsp;</p>\n\n<ul>\n	<li><strong>激励池之设立</strong>&nbsp;为使火币公链更好地推动区块链事业健康发展，火币集团同意设立3000万HT激励池。</li>\n</ul>\n\n<p>&nbsp;</p>\n\n<ul>\n	<li><strong>激励池分配方案&nbsp;</strong>激励池初始分配方案由火币公链事业部提出，奖金组成和使用方式需要理事会根据社区投票提出方案，一部分是可以直接领取的奖金（包括胜选领袖的一次性少量奖励与理事会成员的月工资），另一部分对于胜选领袖及社区开发者的需要分阶段分批次释放的用于公链研发的筹备资金。</li>\n</ul>\n\n<p>&nbsp;</p>\n\n<ul>\n	<li><strong>筹备资金发放之监督</strong>&nbsp;筹备资金按照里程碑完成情况发放，由理事会和社区对不同阶段的筹备资金发放进行监督管理。</li>\n</ul>\n\n<p>&nbsp;</p>\n\n<ul>\n	<li><strong>激励里程碑</strong>：本章第三条所述里程碑应当具体划分位以下几个阶段：</li>\n	<li>阶段一：领袖征选（历时3个月）最终胜出的领袖所组成的团队，将一次性获得50万 HT，分4周解锁发放，由理事决定如何于团队内分配。理事会成员激励与落选领袖激励也将在征选结束后发放，分4周解锁发放；</li>\n	<li>阶段二：技术实现（历时9个月）；</li>\n	<li>阶段三：测试和生态（历时4个月）；</li>\n	<li>阶段四：主网上线（历时2个月）；</li>\n	<li>阶段五：主网运营和升级。</li>\n</ul>\n\n<p>&nbsp;</p>\n\n<ul>\n	<li><strong>具体激励方案的提出和生效</strong>&nbsp;具体激励方案将由领袖提出，理事会审核通过后生效。具体激励方案应当包含按任务节点分段激励、专家顾问激励、考核方式和标准等配套可执行内容。在每阶段开发完成后，理事会与社区将根据开发完成情况决定是否执行激励方案。</li>\n</ul>\n\n<p>&nbsp;</p>\n\n<ul>\n	<li><strong>剩余HT的应用&nbsp;</strong>激励池中剩余HT将用于相关媒体合作等事项。</li>\n</ul>\n\n<p>&nbsp;</p>\n\n<p><strong>第八章 其他条款</strong></p>\n\n<p>&nbsp;</p>\n\n<ul>\n	<li><strong>本规则的修改&nbsp;</strong>本规则为向公众募集建议的建议稿，火币集团和/或火币公链事业部保留进一步修改本规则的权利。</li>\n</ul>\n\n<ul>\n	<li><strong>关于贿选</strong></li>\n	<li>火币公链领袖征选严厉打击贿选，欢迎用户举报贿选情况，发送相关内容至&nbsp;<a href=\"mailto:chain@huobi.com\">chain@huobi.com</a></li>\n	<li>一经查证有候选人存在贿选，若情节较轻则视情况抵减其得票总数，若情节较为严重则取消该候选人竞选资格</li>\n</ul>\n\n<p>&nbsp;</p>\n\n<ul>\n	<li><strong>免责条款</strong></li>\n	<li>征选计划实施期间，火币公链专家顾问团、火币公链理事会保留结合实际的运营情况对奖项设置、评选标准和评分算法进行调整的权利。</li>\n	<li>奖金以HT的形式发放，火币对市场引起的HT的价格的变化不予承担责任。</li>\n	<li>侵犯他人知识产权，作弊等行为将被取消竞选资格。</li>\n	<li>因规则等原因未能发放的奖金由火币公链专家顾问团、火币公链理事会保留，用于公链社区生态建设。</li>\n	<li>火币不承担因领袖候选人任何原因导致的赔偿责任。</li>\n	<li>领袖候选人免费授予火币公链专家顾问团、火币公链理事会必要的知识产权以及相关信息用以执行及宣传本激励计划。</li>\n	<li>领袖候选人应使火币免于承担其用户提出的任何索赔。</li>\n</ul>\n', b'1', b'0', '15620681843149658', '1561806305762', '2019-07-02 19:49:44', '2019-07-02 19:49:44', 300038);
INSERT INTO `T_ArticleLang` VALUES ('15620722664684384', '关于EOS/USDT杠杆倍数调整的公告', '尊敬的用户，\n\n为更好的提供服务，有效控制杠杆风险，火币全球站已经将EOS/USDT交易对杠杆倍数调整为4倍。\n\n风险提示：\n数字资产是创新的投资产品，价格波动较大，请您理性判断自己的投资能力，审慎做出投资决策。\n\n火币Global官方中文群：https://h5.hottalk.com.cn/app-share/index.html#/group?g=f830457dc7\n\n祝您交易愉快！\n\n火币全球站\n2019年4月23日', b'0', b'0', '15620722662899011', '1561561460091', '2019-07-02 20:57:46', '2019-07-02 20:57:46', 300007);
INSERT INTO `T_ArticleLang` VALUES ('15622043159904209', '火币合约API版本历史记录', 'API接入：https://huobiglobal.zendesk.com/hc/zh-cn/articles/360000188382\n1.0.4【更新: Restful查询接口】\n\n      1.查询母账户下所有子账户资产信息\n\nURL：api/v1/contract_sub_account_list\n备注：只返回已经开通合约交易的子账户数据\n      2.查询单个子账户资产信息\n\nURL：api/v1/contract_sub_account_info\n备注：只能查询到开通合约交易的子账户信息；子账户来过合约系统但是未开通合约交易也不返回对应的数据\n      3.查询单个子账户持仓信息的\n\nURL：api/v1/contract_sub_position_info\n      4.查询用户财务记录\n\nURL：api/v1/contract_financial_record\n \n\n1.0.3【更新：WS增加资产信息推送】\n\nWS增加资产信息推送 \nWS增加持仓信息推送 \nrest接口获取用户的持仓信息接口api/v1/contract_position_info增加返回字段“最新价”\n \n\n1.0.2【更新:  币币账户和合约账户间进行资金的划转】\n\n账户接口/v1/futures/transfer \n币币账户和合约账户间进行资金的划转\n从现货现货账户转至合约账户，类型为pro-to-futures; 从合约账户转至现货账户，类型为futures-to-pro\n该接口的访问频次的限制为1分钟10次\nAPI限频\n限频时间间隔从1秒变为3秒\n私有接口限频由原来的10次/s变更为30次/3s，即请求发送3秒内不超过30次\n其他非行情类的公开接口限频由原来的20次/s变更为60次/3s，即请求发送3秒内不超过60次\n \n\n1.0.1【更新：post_only高级限价委托功能上线】\n\n全部撤单接口/v1/contract_cancelall\n只传symbol，撤该该品种下所有周期的合约\n只要有contract_code，则撤销该code的合约\n只传symbol+contract_type， 则撤销二者拼接所成的合约订单\n下单接口/v1/ contract_order\n报单字段order_price_type中增加订单价格类型post_only，post_only是“只做Maker（post_only）”，不会立刻在市场成交，保证用户始终为Maker；如果委托会立即与已有委托成交，那么该委托会被取消。\nPost only只受用户持仓数量限制，单笔下单不受下单数量限制。\n批量下单接口/v1/ contract_batchorder\n报单字段order_price_type中增加订单价格类型post_only，post_only是“只做Maker（post_only）”，不会立刻在市场成交，保证用户始终为Maker；如果委托会立即与已有委托成交，那么该委托会被取消。\nPost only只受用户持仓数量限制，单笔下单不受下单数量限制。\n所有API接口返回数据中增加限频信息\n将在api接口response中的header返回以下字段\nratelimit-limit： 单轮请求数上限，单位：次数\nratelimit-interval：请求数重置的时间间隔，单位：毫秒\nratelimit-remaining：本轮剩余可用请求数，单位：次数\nratelimit-reset：请求数上限重置时间，单位：毫秒\n查询订单详细信息/v1/contract_order_detail\ntrades增加成交角色字段role：taker或maker\n获取成交记录/v1/contract_matchresults\ntrades增加成交角色字段role：taker或maker\n获取该用户在某品种上的最新成交记录，可以按照交易类型进行过滤筛选。注意，该接口是需要API KEY验签的私有接口，只能查询属于该用户自己的最新成交记录。\nWS成交推送接口\ntrades增加成交角色字段role：taker或maker\nWebSocket私有订单成交推送接口(需要API KEY验签)\n一个UID最多同时建立10个私有订单成交推送WS链接。该用户在一个品种(包含该品种的所有周期的合约)上，仅需要维持一个订单推送WS链接即可。\n注意: 订单推送WS的限频，跟用户RESTFUL私有接口的限频是分开的，相互不影响。\n \n\n1.0.0 于2018年12月10日上线', b'0', b'0', '15622043156588216', '1562203141390', '2019-07-04 09:38:35', '2019-07-04 09:38:35', 300006);
INSERT INTO `T_ArticleLang` VALUES ('15622057638888101', '小额充币说明', '<p>由于在充币时未达到最小充币数量，所以平台无法对用户的小额资产进行上账，产生该问题的主要原因是区块链转账数据结构的特性问题。为解决该问题，同时也避免用户小额资产充值后无法上账所导致的资产流失问题，火币平台对充币进行相应的调整和升级。</p>\n\n<p>&nbsp;</p>\n\n<p>本次升级对象为：USDT</p>\n\n<p>用户在小额充值后，如发现到达时间后未上账，可查看该笔充值是否额度过低。如果额度过小，可以继续向该地址进行充值，直到该币种的累计充币量大于等于最小充币数量后，平台将会对其统一处理上账。</p>\n\n<p>注意：小额充币累计上账功能只针对用户进行普通充币的额度进行累计，快速充币的额度不计入该累计值。&nbsp;</p>\n\n<p>举例：</p>\n\n<p>平台USDT最小充币数量为100 USDT，<br />\n用户A向平台地址发起一笔 20 USDT 的普通充币<br />\n由于此笔用户普通充币数量（20USDT） &lt; 平台最小充币数量（100USDT），此时平台暂时无法对该资产上账。<br />\n直到用户累计普通充币数量达到或超过最小数量（100USDT），平台将对用户该笔累计资产进行上账。</p>\n', b'0', b'0', '15622057638868505', '1561806305762', '2019-07-04 10:02:43', '2019-07-04 10:02:43', 300009);
INSERT INTO `T_ArticleLang` VALUES ('15622073348261097', '火币全球站6月20日20:00上线 Algorand', '<p>尊敬的用户：</p>\n\n<p>火币全球站定于新加坡时间6月20日 20:00 开放Algorand (ALGO) 充值业务。6月21日10:30开放ALGO/USDT, ALGO/BTC, ALGO/ETH交易。6月24日 14:30 开放Algorand (ALGO) 提现业务。</p>\n\n<p>点此查看 Algorand币种资料：&nbsp;<a href=\"https://www.huobi.co/zh-cn/assetintro/#algo\" target=\"_self\">https://www.huobi.co/zh-cn/assetintro/#algo</a></p>\n\n<p>风险提示：&nbsp;<br />\n用户在进行充币前，建议仔细阅读该币充提页面的提示，以避免因为小于最小上账金额而无法上账。如有疑问，请及时联系客服。数字资产是创新的投资产品，价格波动较大，请您理性判断自己的投资能力，审慎做出投资决策。</p>\n\n<p>祝您交易愉快！</p>\n\n<p>火币Global官方中文群：<a href=\"https://h5.hottalk.com.cn/app-share/index.html#/group?g=f830457dc7\">https://h5.hottalk.com.cn/app-share/index.html#/group?g=f830457dc7</a></p>\n\n<p>火币全球站<br />\n2019年6月20日</p>\n', b'0', b'1', '15622073348241501', '1561806305762', '2019-07-04 10:28:54', '2019-07-04 10:28:54', 300003);
INSERT INTO `T_ArticleLang` VALUES ('15622079075931278', '持仓抽奖开奖详情', '<p><strong>开奖规则</strong><br />\n<strong>抽奖数字：</strong>获取参与抽奖用户的UID最后一位为抽奖数字。<br />\n<strong>开奖数字：</strong>选取活动期间每日的12:00（新加坡时间）后，第一个LTC区块哈希的前两位不相等的阿拉伯数字为开奖数字。<br />\n<strong>中奖逻辑：</strong>抽奖数字等于其中一位开奖数字即为中奖。<br />\n<strong>极端情况：</strong>如果没有匹配到中奖账户，则继续寻找下一个不相等的阿拉伯数字为开奖数字进行匹配，如果哈希字符串全部匹配后也没有中奖账户，则视为本轮所有抽奖账户中奖。</p>\n\n<p><strong>开奖详情</strong></p>\n\n<table border=\"1\">\n	<tbody>\n		<tr>\n			<td>\n			<p>开奖日期</p>\n			</td>\n			<td>\n			<p>开奖区块</p>\n			</td>\n			<td>\n			<p>开奖哈希</p>\n			</td>\n			<td>\n			<p>中奖数字</p>\n			</td>\n		</tr>\n		<tr>\n			<td>\n			<p>2019/6/24</p>\n			</td>\n			<td>\n			<p>#1655517</p>\n			</td>\n			<td>\n			<p>32e191c2ec86b9af924ccd1379daa2f1d31ed3 3be0b543218197d9f3289f9ad8</p>\n			</td>\n			<td>\n			<p>3、2</p>\n			</td>\n		</tr>\n		<tr>\n			<td>\n			<p>&nbsp;2019/6/23</p>\n			</td>\n			<td>\n			<p>&nbsp;#1654942</p>\n			</td>\n			<td>\n			<p>4041ecc53a2857b0482f467a3cb99177915c0c d7fd1214ee28048330cbb80e7b</p>\n			</td>\n			<td>\n			<p>4、0</p>\n			</td>\n		</tr>\n		<tr>\n			<td>\n			<p>2019/6/22</p>\n			</td>\n			<td>\n			<p>#1654349</p>\n			</td>\n			<td>\n			<p>662f12ca984735e796d7ddbf92d149f467d4df a8cfa430d86579fff428ef59bb</p>\n			</td>\n			<td>\n			<p>6、2</p>\n			</td>\n		</tr>\n		<tr>\n			<td>\n			<p>2019/6/21</p>\n			</td>\n			<td>\n			<p>#1653754</p>\n			</td>\n			<td>\n			<p>0ae425ad582e3cbc88ddab5e8edbe0fc7dc32 a86d16440b2ece330b9d2897b93</p>\n			</td>\n			<td>\n			<p>0、4</p>\n			</td>\n		</tr>\n		<tr>\n			<td>\n			<p>2019/6/20</p>\n			</td>\n			<td>\n			<p>#1653121</p>\n			</td>\n			<td>\n			<p>fd0f153d1c532098d074d6b472779c5b86affe d7af89b690a36ef10fd2053dfd</p>\n			</td>\n			<td>\n			<p>0、1</p>\n			</td>\n		</tr>\n		<tr>\n			<td>\n			<p>2019/6/19</p>\n			</td>\n			<td>\n			<p>#1652502</p>\n			</td>\n			<td>\n			<p>26a1193a18b6214d29b6eada10898eadce756 cfbe3763c49937b8f0ff4fc0572</p>\n			</td>\n			<td>\n			<p>2、6</p>\n			</td>\n		</tr>\n	</tbody>\n</table>\n', b'0', b'1', '15622079075906383', '1561806305762', '2019-07-04 10:38:27', '2019-07-04 10:38:27', 300002);
INSERT INTO `T_ArticleLang` VALUES ('15622082720637089', '如何一键充值？', '<p>&ldquo;一键购买&rdquo;目前支持：</p>\n\n<ul>\n	<li>币种：USDT，BTC，ETH</li>\n	<li>订单金额范围：100-50000</li>\n	<li>仅限人民币区域</li>\n</ul>\n\n<p>图文教程如下：</p>\n\n<p>以iPhone App为例，图文教程如下。（App下载链接：<a href=\"https://otc.hbg.com/zh-cn/client/\" target=\"_blank\">https://otc.hbg.com/zh-cn/client/</a>）</p>\n\n<p>第一步：登录火币Global App，选择&ldquo;法币交易&rdquo;。</p>\n\n<p><img src=\"https://huobiglobal.zendesk.com/hc/article_attachments/360000381822/mceclip0.png\" /></p>\n\n<p>第二步：以购买BTC为例，输入购买金额，例如：100，选择支付方式：支付宝，点击购买。</p>\n\n<p><img src=\"https://huobiglobal.zendesk.com/hc/article_attachments/360000281181/mceclip0.png\" /></p>\n\n<p>第三步：进入付款界面，复制收款人信息，使用支付宝转账。完成付款后返回，点击&ldquo;标记为已支付&rdquo;，状态变为&ldquo;待放行&rdquo;。</p>\n\n<p><img src=\"https://huobiglobal.zendesk.com/hc/article_attachments/360000281221/mceclip2.png\" style=\"height:489px; width:283px\" /><img src=\"https://huobiglobal.zendesk.com/hc/article_attachments/360000302842/mceclip3.png\" style=\"height:518px; width:292px\" /></p>\n\n<p><img src=\"https://huobiglobal.zendesk.com/hc/article_attachments/360000302922/mceclip6.png\" style=\"height:492px; width:284px\" /><img src=\"https://huobiglobal.zendesk.com/hc/article_attachments/360000302902/mceclip4.png\" style=\"height:491px; width:283px\" /></p>\n\n<p>第四步：卖家放币，完成交易。您可以点击&ldquo;划转到币币账户&rdquo;，将数字资产划转至币币交易账户。</p>\n\n<p>相关阅读：</p>\n\n<ul>\n	<li>《<a href=\"https://huobiglobal.zendesk.com/hc/zh-cn/articles/360000658212-%E7%AC%AC%E5%8D%81%E4%B8%80%E7%AF%87-%E4%BB%80%E4%B9%88%E6%98%AF%E5%88%92%E8%BD%AC-%E5%A6%82%E4%BD%95%E5%88%92%E8%BD%AC-\" target=\"_blank\">什么是划转？如何划转？》</a></li>\n	<li>《<a href=\"https://huobiglobal.zendesk.com/hc/zh-cn/articles/360000139642\" target=\"_blank\">迟迟没收到币，怎么办？</a>》</li>\n	<li><a href=\"https://huobiglobal.zendesk.com/hc/zh-cn/articles/360000675051\" target=\"_blank\">《如何申诉？》</a></li>\n</ul>\n\n<p><img src=\"https://huobiglobal.zendesk.com/hc/article_attachments/360000281321/mceclip5.png\" style=\"height:516px; width:300px\" /></p>\n\n<p><strong>除了&ldquo;一键买币&rdquo;之外，您还可以&ldquo;法币交易&rdquo;页面选择&ldquo;自选交易&rdquo;。这里以使用银行卡转账购买USDT为例。</strong></p>\n\n<p>第一步，选择可支持银行卡的广告，点击购买。</p>\n\n<p><img src=\"https://huobiglobal.zendesk.com/hc/article_attachments/360000281461/mceclip0.png\" style=\"height:612px; width:343px\" /></p>\n\n<p>第二步，输入购买金额：100，点击下单，进入付款页面。</p>\n\n<p><img src=\"https://huobiglobal.zendesk.com/hc/article_attachments/360000303122/mceclip8.png\" style=\"height:525px; width:307px\" /></p>\n\n<p>第三步，复制收款人信息，使用银行卡转账。完成付款后返回，点击&ldquo;标记为已支付&rdquo;，状态变为&ldquo;待放行&rdquo;。</p>\n\n<p><img src=\"https://huobiglobal.zendesk.com/hc/article_attachments/360000281481/mceclip1.png\" style=\"height:512px; width:315px\" /></p>\n\n<p>第四步：卖家放币，完成交易。</p>\n\n<p><img src=\"https://huobiglobal.zendesk.com/hc/article_attachments/360000281501/mceclip2.png\" style=\"height:547px; width:315px\" /></p>\n', b'1', b'1', '15622082720603195', '1561806305762', '2019-07-04 10:44:32', '2019-07-04 10:44:32', 300018);
INSERT INTO `T_ArticleLang` VALUES ('15622087544774520', '拉新返佣返佣规则说明', '<p>活动规则：</p>\n\n<p>1、好友接受邀请后，每产生一笔真实交易手续费，会产生相应比例的返佣。</p>\n\n<p>2、返佣的形式以USDT或点卡的形式返佣到您的交易账户，USDT返佣比例为30%，点卡返佣比例为30%。</p>\n\n<p>3、被邀请人使用点卡交易时，邀请人实际获得的佣金将以等额的点数进行计算后返给邀请人，被邀请人使用非点卡交易时，邀请人实际获得的佣金将以USDT进行折合计算后返给邀请人。</p>\n\n<p>4、好友交易返佣当日统计，次日晚到账；返佣额（USDT或点卡） = 实际产生交易量 * 手续费比例*返佣比例。</p>\n\n<p>5、邀请人享受好友交易返佣有效时长以被邀请人实际注册的时间开始进行计算，到达有效时长（90天）后您将不享受该邀请人交易产生手续费的返佣。</p>\n\n<p>6、平台将以每5分钟取一次市价进行相应币种的USDT实时换算，返佣金额以实际返佣金额为准。</p>\n\n<p>7、每月1号月度榜单只可以看到上月数据</p>\n\n<p>8、每日结算时间为：0:00打款时间为次日晚十点前</p>\n\n<p>9、充提币手续费，杠杆利息不参与手续费返佣</p>\n\n<p>10、如被邀请人违反邀请返佣的相应风控规则，其手续费将不能返还给邀请人，同时，被邀请人的邀请状态变成【已无效】并且产生的返佣记录状态变成【返佣无效】。</p>\n\n<p>活动如有调整，以火币专业站平台更新为准，最终解释权归火币专业站所有。&nbsp;</p>\n', b'0', b'0', '15622087544754923', '1561806305762', '2019-07-04 10:52:34', '2019-07-04 10:52:34', 300008);
INSERT INTO `T_ArticleLang` VALUES ('15622092436711557', '如何加强账户安全', '<p>密码</p>\n\n<p>密码最好设置得复杂且唯一，长度至少8位，密码建议包含大写小写字母、数字或特殊符号，且无明显规律，最好不要包含您的姓名、邮箱名、您的生日、手机等易被他人获取的信息，例如：lihong、123456、qwerty、huobi123、abc123等都是不建议使用的密码，例如：W@ng32#4ef 或 iehie8#We12 或 Uith!3Le4.Oa 等都是建议使用的密码格式，您也可以通过周期性地更换密码（每三个月更换一次）来增强账户的安全性，每次更换的密码最好完全不一样，建议您使用密码管理器1 Password或者Last Pass来记录和管理密码。</p>\n\n<p>&nbsp;</p>\n\n<p>另外，绝对不要向他人泄露您的密码，火币员工也绝对不会向您索要密码。</p>\n\n<p>&nbsp;</p>\n\n<p>双重身份验证</p>\n\n<p>&nbsp;</p>\n\n<p>建议您绑定谷歌身份验证器，谷歌身份验证器，即Google Authenticator，是谷歌推出的一款动态口令工具，您需要用手机，扫描火币Pro提供的条形码或者输入密钥。添加完成后身份验证器上每过十几秒就会生成一个有效的6位的验证码，绑定成功后，每次登录火币Pro都需要输入谷歌身份验证器上显示的6位验证码。</p>\n\n<p>&nbsp;</p>\n\n<p>点击<a href=\"https://huobiglobal.zendesk.com/hc/zh-cn/articles/360000076092-%E5%A6%82%E4%BD%95%E8%AE%BE%E7%BD%AE%E8%B0%B7%E6%AD%8C%E9%AA%8C%E8%AF%81%E7%A0%81\">这里</a>查看谷歌身份验证器的设置和使用方法。</p>\n\n<p>&nbsp;</p>\n\n<p>注意钓鱼</p>\n\n<p>&nbsp;</p>\n\n<p>留心伪冒成火币Pro发来的邮件，尽量不要点击邮件里面链接或者附件，登录火币Pro账户前务必确认链接是火币Pro官方网址，火币Pro绝对不会向您索要您的密码、短信或邮箱验证码，以及谷歌验证码。</p>\n', b'1', b'0', '15622092436691961', '1561806305762', '2019-07-04 11:00:43', '2019-07-04 11:00:43', 300013);
INSERT INTO `T_ArticleLang` VALUES ('15622104543927868', '关于火币全球站暂停PHX充提业务的公告', '<p>尊敬的用户：</p>\n\n<p>因项目方Red Pulse Phoenix (PHX) 换链，火币全球站现已暂停PHX的充币和提币业务。暂停期间给您带来的不便，敬请谅解！</p>\n\n<p>火币Global官方中文群：<a href=\"https://h5.hottalk.com.cn/app-share/index.html#/group?g=f830457dc7\" target=\"_blank\">https://h5.hottalk.com.cn/app-share/index.html#/group?g=f830457dc7</a></p>\n\n<p>火币全球站<br />\n2019年5月21日</p>\n', b'0', b'1', '15622104543908272', '1561806305762', '2019-07-04 11:20:54', '2019-07-04 11:20:54', 300007);
INSERT INTO `T_ArticleLang` VALUES ('15622106228251902', '关于API新增权限管理功能的公告', '<p>尊敬的API用户:</p>\n\n<p>为了方便用户更方便、更安全的使用 API，火币全球站新增 API Key 权限管理功能。</p>\n\n<p><br />\n变更内容：<br />\n1、当用户创建一个新的 API Key 时， 用户可以为每个 API Key 分配一个或多个权限；<br />\n2、有三种权限供用户选择:只读、交易和提币；<br />\n3、只有在火币官方 API 文档中提供的验签接口才能用 API Key 调用；<br />\n4、现有的 API Key 会默认拥有所有的权限，您可以通过 API 管理页面对现有的 API Key 进行设置。</p>\n\n<p>具体 API 节点对应权限级别请参考 API 文档：<a href=\"https://huobiapi.github.io/docs/spot/v1/cn/\" target=\"_self\">https://huobiapi.github.io/docs/spot/v1/cn/</a></p>\n\n<p>&nbsp;</p>\n\n<p>火币全球站</p>\n\n<p>2019年6月6日</p>\n', b'0', b'0', '15622106228232305', '1561561460091', '2019-07-04 11:23:42', '2019-07-04 11:23:42', 300006);
INSERT INTO `T_ArticleLang` VALUES ('15622208651399916', '广告方积分管理与取消制度', '<p>为了给用户提供更好的交易环境及更优质的服务体验，我们制定了广告方的交易规范并对广告方实行&ldquo;广告方积分管理及取消制度&rdquo;。此制度是以实现基本交易规范的目的为前提，通过记录广告方的不良交易行为予以扣除积分，进而对不合格的广告方实行末尾淘汰。</p>\n\n<p>&nbsp;</p>\n\n<p><strong>交易遵守的基本原则</strong></p>\n\n<p>广告方应严格遵守按时打款、快速放行、不恶意卡单、不恶意拍单、不随意取消订单等诚信交易的基本原则。优质的广告方应当具备快速打款、快速放行、低申诉率、低取消率、服务态度好、服务意识强等特质。&nbsp;</p>\n\n<p><strong>交易需遵守的基本条件</strong></p>\n\n<p>1、对自己的广告负责，确认好广告价格及数量；当离开或者下线时，首先要下架广告。</p>\n\n<p>2、熟悉各个银行的转款规定，在订单有效时间内，高效完成转款。</p>\n\n<p>3、当收到买家转款核对好金额后，及时放行。</p>\n\n<p>4、当有需要时方可提交申诉订单。禁止因和对手方发生纠纷而恶意申诉。</p>\n\n<p>5、广告方对普通用户应具有服务意识，反应及时、用语礼貌。</p>\n\n<p>6、广告方应尊重平台的客服人员。</p>\n\n<p>&nbsp;</p>\n\n<p><strong>广告方积分管理：</strong></p>\n\n<table border=\"1\">\n	<tbody>\n		<tr>\n			<td>\n			<p>编号</p>\n			</td>\n			<td>情况</td>\n			<td>首次扣分</td>\n			<td>再次扣分</td>\n		</tr>\n		<tr>\n			<td>1</td>\n			<td>广告方不尊重客户/客服/其他广告方，与之发生语言冲突，嘲讽或辱骂对方，经客服劝阻后依然不止的。</td>\n			<td>5分/次</td>\n			<td>10分/次</td>\n		</tr>\n		<tr>\n			<td>2</td>\n			<td>广告方用小号或者指使他人注册小号，故意卡单，经核实无误的。</td>\n			<td>10分/次</td>\n			<td>10分/次</td>\n		</tr>\n		<tr>\n			<td>3</td>\n			<td>买家已付款，且付款已到账、买方无任何违规的情况下，广告方故意卡单超过30分钟不放行/联系不上超过60分钟不放行。</td>\n			<td>10分/次</td>\n			<td>10分/次</td>\n		</tr>\n		<tr>\n			<td>4</td>\n			<td>广告方私下向用户索取手续费，红包等情况的。</td>\n			<td>5分/次</td>\n			<td>10分/次</td>\n		</tr>\n		<tr>\n			<td>5</td>\n			<td>广告方不配合客服处理订单/故意拖延客服处理订单的。</td>\n			<td>10分/次</td>\n			<td>20分/次</td>\n		</tr>\n		<tr>\n			<td>6</td>\n			<td>在有未完成订单的情况下，不接平台客服电话，任何方式都联系不上广告方的。</td>\n			<td>5分/次</td>\n			<td>5分/次</td>\n		</tr>\n		<tr>\n			<td>7</td>\n			<td>通过支付宝或者微信收款时，账号以及二维码收款人姓名与订单详情页展示的收款人姓名不匹配。</td>\n			<td>10分/次</td>\n			<td>取消资格</td>\n		</tr>\n		<tr>\n			<td>8</td>\n			<td>在未经本人同意或达成一致的情况下，小额向对方账户转款测试的。</td>\n			<td>10分/次</td>\n			<td>取消资格</td>\n		</tr>\n		<tr>\n			<td>9</td>\n			<td>向其他广告方或用户付款时，导致对方银行卡冻结时，不协助处理的。</td>\n			<td>10分/次</td>\n			<td>取消资格</td>\n		</tr>\n		<tr>\n			<td>10</td>\n			<td>广告方向用户非实名银行账户打款的。</td>\n			<td>10分/次</td>\n			<td>取消资格</td>\n		</tr>\n		<tr>\n			<td>11</td>\n			<td>广告方使用与平台实名不一致的账户向对方付款的。</td>\n			<td>10分/次</td>\n			<td>取消资格</td>\n		</tr>\n		<tr>\n			<td>12</td>\n			<td>广告方收买方与平台实名不一致的转款的。</td>\n			<td>10分/次</td>\n			<td>取消资格</td>\n		</tr>\n	</tbody>\n</table>\n\n<p>&nbsp;</p>\n\n<p><strong>广告方取消制度：</strong></p>\n\n<p>1、积分制度初始分数为100分，每扣除20分，需冻结账号1天。</p>\n\n<p>2、扣分后，如果维持此分数30天不变，则分数可以恢复100分；若总分数不足60分，将直接解除广告方资格。</p>\n\n<p>3、广告方使用小号故意卡单、大额卡单，经核实无误，将视情况暂时封号或者永久取消广告方资格 。</p>\n\n<p>4、广告方完全不配合客服处理订单/故意拖延客服处理订单，情节严重者，将被永久封号。</p>\n\n<p>5、在未经本人同意或达成一致的情况下，小额向对方账户转款测试的。第一次扣10分，第二次取消广告方资格。</p>\n\n<p>6、向其他广告方或用户付款时，导致对方银行卡冻结时，不协助处理的。第一次扣10分，第二次取消广告方资格。</p>\n\n<p>7、每月广告方订单取消综合评级，排名最后20位的广告方（根据广告方的买单取消率、取消次数、取消金额、用户投诉率等因素综合考量），将视情况实行末尾淘汰制度 。</p>\n\n<p>8、当出现订单纠纷，广告方拒不配合，造成用户损失的，将取消广告方资格，并且视情节严重程度，保证金可能会被扣除（具体请参照《<a href=\"https://huobiglobal.zendesk.com/hc/zh-cn/articles/360000081622\" target=\"_blank\">广告方服务协议</a>》）。</p>\n\n<p>9、广告方与之相应的经营行为被司法机关判断涉嫌违法犯罪的，将解除广告方资格，并且按照司法机关要求，账户资产可能被冻结。（具体请参照《<a href=\"https://huobiglobal.zendesk.com/hc/zh-cn/articles/360000081622\" target=\"_blank\">广告方服务协议</a>》）。</p>\n\n<p><strong>注：每月取消率低、取消金额/总成交金额占比小，总单数超过500/月，且无任何客诉的优秀广告方，将发公告公布。</strong></p>\n\n<p>&nbsp;</p>\n\n<p><strong>如果用户需要向平台举报广告方的不良行为，请点击首页右下角的&ldquo;帮助&rdquo;提交您的反馈。相关阅读：《<a href=\"https://huobiglobal.zendesk.com/hc/zh-cn/articles/360000674851-%E7%AC%AC%E4%BA%8C%E5%8D%81%E4%B8%89%E7%AF%87-%E5%A6%82%E4%BD%95%E6%89%BE%E5%88%B0%E5%B9%B3%E5%8F%B0%E5%AE%A2%E6%9C%8D-\" target=\"_blank\">第二十三篇：如何找到平台客服？</a>》</strong></p>\n\n<p><br />\n<img alt=\"\" src=\"https://huobi.xis7707.com/api/resource/1000011562220846503-9180\" style=\"height:1080px; width:1920px\" /></p>\n', b'0', b'0', '15622208650813622', '1561561460091', '2019-07-04 14:14:25', '2019-07-04 14:14:25', 300022);
INSERT INTO `T_ArticleLang` VALUES ('15622214199703081', '火币全球站将于2019年7月16日通过优选通道（Huobi Prime）上线Akropolis (AKT)', '<p>尊敬的用户：</p>\n\n<p>火币全球站将于新加坡时间7月16日20:00:00（GMT+8）开启第四期火币优选上币通道（Huobi Prime），本次上线项目为Akropolis (AKT)。在第三期交易规则的基础上，近期广泛听取了用户意见及建议，进行了相应的优化。</p>\n\n<p><strong>优选上币规则优化说明：</strong><br />\n1. 交易方式：用户可在火币全球站HT交易区，以交易的方式进行买卖；<br />\n2. 参与资格：第三期Huobi Prime至本期开始（5月22日00:00:00-7日15日23:59:59）每日最低持仓达到1000 HT；<br />\n（下期Prime参与资格，仍为本期至下期开始的时段内每日最低持仓）<br />\n3. 交易规则：<br />\n设置阶梯限价期，分为两轮，每轮10分钟，共计20分钟，清盘结算10分钟，每轮设置一个限价区间（最高可交易价格），用户可在限定的价格范畴内进行买卖交易。<br />\n第一轮为随机匹配成交，有交易额度的用户可在交易时间挂出限价买单，在交易时间结束时，系统将随机抽取固定比例的用户进行交易（随机模式具体规则将于后续公布）。<br />\n第二轮为逐单匹配成交，有交易额度的用户可在交易时间挂出限价买单，在交易时间结束时，针对买一价的所有买单，系统将进行逐单匹配成交：<br />\n（1） 所有买一价的挂单都将有部分成交；<br />\n（2） 每个买单预期的成交量与该买单的总额成正比；<br />\n（3） 用户预计成交量如下：<br />\n<br />\n<img alt=\"mceclip0.png\" src=\"https://huobiglobal.zendesk.com/hc/article_attachments/360000550182/mceclip0.png\" /></p>\n\n<p>具体时间与每轮分配比例如下：<br />\n限价期：2019年07月16日20:00&mdash;&mdash;2019年07月16日20:29:29；限价期分为两轮，每轮10分钟，中间10分钟作为清盘结算时间。&nbsp;<br />\n第一轮：20:00:00&mdash;20:09:59 ；交易20%代币；<br />\n清盘结算：20:10:00&mdash;20:19:59<br />\n第二轮：20:20:00&mdash;20:29:59 ；交易80%代币；</p>\n\n<p>4. 成交限额(对应HT兑换比例将会在抢购当日公布)：<br />\n长期连续持有HT用户将获得更大的下单额度，计算规则为：<br />\n下单额度等于，第三期Huobi Prime至本期开始（5月22日00:00:00-7日15日23:59:59）的每日最低HT持仓数量，下限1000HT，上限5000HT；例如某位用户期间最低持仓6500HT，则其下单额度为5000HT。每轮下单后，系统将依照规则部分成交订单。</p>\n\n<p><strong>项目信息：</strong><br />\n项目名称：Akropolis (AKT)<br />\n通证总量：4,000,000,000 AKT<br />\n本期交易总量：320,000,000 AKT (通证总量的8%)<br />\n每轮可交易量分别为：64,000,000 AKT、256,000,000 AKT<br />\n价格限定：限价期的两轮限定价格分别为：1AKT = $0.005、$0.008125（对应HT兑换比例将会在抢购当日公布）</p>\n\n<p><strong>其他注意事项：</strong><br />\n1. 为鼓励Huobi Prime上线项目方社区用户参与，AKT团队将拥有定向邀请名额，在限定名额内，用户可直接参与Prime阶段交易。<br />\n2. Web端、客户端与APP端均可进行交易；<br />\n3. 第二轮结束后所有部分成交的订单系统自动撤销；<br />\n4. 自由交易阶段开盘保护：为避免市场过于火热而产生非理性操作，平台将于开放自由交易后5分钟内限制使用市价交易功能，且限价交易的挂单价格不得高于第二轮价格的5倍。5分钟后恢复正常。&nbsp;<br />\n5. 数字资产交易是一种高风险的交易方式，请用户谨慎参与，理性决策，注意风险。火币不对交易行为承担担保、赔偿等责任。<br />\n6. 如有作弊行为，火币将取消其在该市场的交易份额。<br />\n7. Huobi Prime交易仅限数字资产交易合规地区用户参与。</p>\n\n<p>此业务最终解释权归火币所有!</p>\n\n<p>火币全球站<br />\n2019年6月30日</p>\n', b'0', b'1', '15622214199678186', '1561561460091', '2019-07-04 14:23:39', '2019-07-04 14:23:39', 300001);
INSERT INTO `T_ArticleLang` VALUES ('15622440958432392', '火币全球站关于推出阶梯手续费率制度并支持HT抵扣手续费方案的正式公告', '<p>尊敬的用户：</p>\n\n<p>自宣布推出《阶梯手续费率制度并支持HT抵扣手续费方案（征求意见稿）》以来，得到广大用户的积极反馈。在紧张有序的推进下，正式方案现已制定完成。在此，特别感谢在此过程给予我们支持与帮助的广大用户。</p>\n\n<p>火币全球站拟于7月1日中午12:00（GMT+8）正式施行阶梯手续费率制度并支持HT抵扣手续费功能。首期阶梯手续费费率及HT抵扣仅涉及币币交易（含杠杆交易），后续将陆续支持杠杆阶梯利率、OTC、合约等业务。</p>\n\n<p>根据部分用户建议，为了更好地实现新老方案过渡，拟于2019年7月1日至7月21日采用邀请开通的方式，逐步扩大邀请用户范围，7月22日将对全量用户开放。在此期间，非邀请用户交易手续费率将保持不变。</p>\n\n<p>阶梯手续费率及HT抵扣手续费相关细则如下：</p>\n\n<p><strong>普通用户</strong></p>\n\n<table border=\"1\">\n	<tbody>\n		<tr>\n			<td><strong>用户类型</strong></td>\n			<td><strong>等级</strong></td>\n			<td><strong>近30天交易量（BTC）</strong></td>\n			<td><strong>基础费率</strong></td>\n			<td><strong>HT</strong><strong>持仓</strong></td>\n			<td colspan=\"2\"><strong>HT</strong><strong>抵扣模式</strong></td>\n		</tr>\n		<tr>\n			<td rowspan=\"6\">普通用户</td>\n			<td>1</td>\n			<td rowspan=\"6\">&lt; 1000 BTC</td>\n			<td rowspan=\"6\">0.20%</td>\n			<td><strong>&ge;10HT</strong></td>\n			<td>0.1800%</td>\n			<td>9折</td>\n		</tr>\n		<tr>\n			<td>2</td>\n			<td><strong>&ge;100HT</strong></td>\n			<td>0.1600%</td>\n			<td>8折</td>\n		</tr>\n		<tr>\n			<td>3</td>\n			<td><strong>&ge;500HT</strong></td>\n			<td>0.1200%</td>\n			<td>6折</td>\n		</tr>\n		<tr>\n			<td>4</td>\n			<td><strong>&ge;1000HT</strong></td>\n			<td>0.0900%</td>\n			<td>4.5折</td>\n		</tr>\n		<tr>\n			<td>5</td>\n			<td><strong>&ge;2000HT</strong></td>\n			<td>0.0800%</td>\n			<td>4折</td>\n		</tr>\n		<tr>\n			<td>6</td>\n			<td><strong>&ge;5000HT</strong></td>\n			<td>0.0700%</td>\n			<td>3.5折</td>\n		</tr>\n	</tbody>\n</table>\n\n<p>* 普通用户仍可享受返佣政策，但单一被邀请人可提供的累计拉新返佣不超过5000点，USDT返佣与点卡按1:1合计，HT按当天市场价折算。</p>\n\n<p><strong>专业用户</strong></p>\n\n<table border=\"1\">\n	<tbody>\n		<tr>\n			<td rowspan=\"2\"><strong>用户 类型</strong></td>\n			<td rowspan=\"2\"><strong>等级</strong></td>\n			<td><strong>近30天交易量（BTC）</strong></td>\n			<td><strong>HT持仓</strong></td>\n			<td colspan=\"2\"><strong>基础阶梯费率</strong></td>\n			<td colspan=\"2\"><strong>基础HT抵扣模式</strong><br />\n			<strong>(75折)</strong></td>\n			<td colspan=\"2\"><strong>持有10万HT</strong><br />\n			<strong>(65折)</strong></td>\n		</tr>\n		<tr>\n			<td colspan=\"2\"><strong>（需同时满足）</strong></td>\n			<td><strong>挂单（Maker）</strong></td>\n			<td><strong>吃单（Taker）</strong></td>\n			<td><strong>挂单（Maker）</strong></td>\n			<td><strong>吃单（Taker）</strong></td>\n			<td><strong>挂单（Maker）</strong></td>\n			<td><strong>吃单（Taker）</strong></td>\n		</tr>\n		<tr>\n			<td rowspan=\"9\">专业<br />\n			用户</td>\n			<td>1</td>\n			<td>&ge; 1000 BTC</td>\n			<td>&ge;5000HT</td>\n			<td>0.0700%</td>\n			<td>0.0850%</td>\n			<td>0.0525%</td>\n			<td>0.0638%</td>\n			<td>0.0455%</td>\n			<td>0.0553%</td>\n		</tr>\n		<tr>\n			<td>2</td>\n			<td>&ge; 1500 BTC</td>\n			<td>&ge;10000HT</td>\n			<td>0.0650%</td>\n			<td>0.0800%</td>\n			<td>0.0488%</td>\n			<td>0.0600%</td>\n			<td>0.0423%</td>\n			<td>0.0520%</td>\n		</tr>\n		<tr>\n			<td>3</td>\n			<td>&ge; 5000 BTC</td>\n			<td>&ge;15000HT</td>\n			<td>0.0600%</td>\n			<td>0.0750%</td>\n			<td>0.0450%</td>\n			<td>0.0563%</td>\n			<td>0.0390%</td>\n			<td>0.0488%</td>\n		</tr>\n		<tr>\n			<td>4</td>\n			<td>&ge; 10000 BTC</td>\n			<td>&ge;20000HT</td>\n			<td>0.0550%</td>\n			<td>0.0700%</td>\n			<td>0.0413%</td>\n			<td>0.0525%</td>\n			<td>0.0358%</td>\n			<td>0.0455%</td>\n		</tr>\n		<tr>\n			<td>5</td>\n			<td>&ge; 15000 BTC</td>\n			<td>&ge;25000HT</td>\n			<td>0.0500%</td>\n			<td>0.0650%</td>\n			<td>0.0375%</td>\n			<td>0.0488%</td>\n			<td>0.0325%</td>\n			<td>0.0423%</td>\n		</tr>\n		<tr>\n			<td>6</td>\n			<td>&ge; 20000 BTC</td>\n			<td>&ge;30000HT</td>\n			<td>0.0450%</td>\n			<td>0.0600%</td>\n			<td>0.0338%</td>\n			<td>0.0450%</td>\n			<td>0.0293%</td>\n			<td>0.0390%</td>\n		</tr>\n		<tr>\n			<td>7</td>\n			<td>&ge; 40000 BTC</td>\n			<td>&ge;35000HT</td>\n			<td>0.0350%</td>\n			<td>0.0500%</td>\n			<td>0.0263%</td>\n			<td>0.0375%</td>\n			<td>0.0228%</td>\n			<td>0.0325%</td>\n		</tr>\n		<tr>\n			<td>8</td>\n			<td>&ge; 80000 BTC</td>\n			<td>&ge;40000HT</td>\n			<td>0.0250%</td>\n			<td>0.0400%</td>\n			<td>0.0188%</td>\n			<td>0.0300%</td>\n			<td>0.0163%</td>\n			<td>0.0260%</td>\n		</tr>\n		<tr>\n			<td>9</td>\n			<td>&ge;150000 BTC</td>\n			<td>&ge;50000HT</td>\n			<td>0.0150%</td>\n			<td>0.0300%</td>\n			<td>0.0113%</td>\n			<td>0.0225%</td>\n			<td>0.0098%</td>\n			<td>0.0195%</td>\n		</tr>\n	</tbody>\n</table>\n\n<p>*专业用户不享受返佣政策</p>\n\n<p><strong>HT持仓量及交易量：</strong><br />\n每日0:00（GMT+8）系统计算用户近30天的交易额（折合为BTC），用户每日HT持仓量取系统前一天HT的随机快照，每日4:00（GMT+8）自动更新手续费等级和费率，BTC折算规则为取每日0:00（GMT+8）BTC交易对的收盘价进行折算。</p>\n\n<p><strong>阶梯手续费率使用规则：</strong>&nbsp;<br />\n1、 阶梯手续费率目前只适用于币币交易（含杠杆交易），并且只针对交易手续费，暂不支持提币手续费、HB10换入换出手续费、杠杆利率、OTC、合约等其他业务的费率；<br />\n2、 阶梯手续费率制度及HT抵扣手续费功能上线后，官方将不再发售点卡。存量点卡仍可正常使用，但不享受阶梯手续费率；<br />\n3、 上线前账户中有点卡余额的，仍旧默认使用点卡抵扣手续费模式，需手动打开HT抵扣功能方可切换至阶梯手续费率及HT抵扣手续费模式。<br />\n4、 杠杆利息仍可使用点卡进行抵扣；</p>\n\n<p>火币全球站诚邀您体验阶梯手续费率。期待此次升级调整能给您带来更好的交易体验！</p>\n\n<p><strong>相关术语解释：</strong><br />\n挂单（Maker）：挂单指的是以指定价格下单，未立即与订单簿中其他订单成交，而是进入订单列表，等待交易对手单的行为；<br />\n吃单（Taker）：吃单指的是以指定的价格（同时订单簿中存在相同价格）下单，并立即与订单簿中的其他订单成交的行为。</p>\n\n<p>火币全球站<br />\n2019年6月24日</p>\n', b'0', b'1', '15622440958158043', '1561561460091', '2019-07-04 20:41:35', '2019-07-04 20:41:35', 300001);
INSERT INTO `T_ArticleLang` VALUES ('15622441914369564', 'New Tiered Fee Structure starts 01 July (Final)', '<p>尊敬的用户：</p>\n\n<p>自宣布推出《阶梯手续费率制度并支持HT抵扣手续费方案（征求意见稿）》以来，得到广大用户的积极反馈。在紧张有序的推进下，正式方案现已制定完成。在此，特别感谢在此过程给予我们支持与帮助的广大用户。</p>\n\n<p>火币全球站拟于7月1日中午12:00（GMT+8）正式施行阶梯手续费率制度并支持HT抵扣手续费功能。首期阶梯手续费费率及HT抵扣仅涉及币币交易（含杠杆交易），后续将陆续支持杠杆阶梯利率、OTC、合约等业务。</p>\n\n<p>根据部分用户建议，为了更好地实现新老方案过渡，拟于2019年7月1日至7月21日采用邀请开通的方式，逐步扩大邀请用户范围，7月22日将对全量用户开放。在此期间，非邀请用户交易手续费率将保持不变。</p>\n\n<p>阶梯手续费率及HT抵扣手续费相关细则如下：</p>\n\n<p><strong>普通用户</strong></p>\n\n<table border=\"1\">\n	<tbody>\n		<tr>\n			<td>\n			<p>Dear Users，</p>\n\n			<p>Huobi Global will officially implement the following Tiered Fee Structure upgrade which incorporates the use of Huobi Token (HT) as a transaction fee payment mode, starting 12:00 1st July (GMT+8). This newly proposed structure will only apply to crypto-crypto trading (including margin trading). Subsequent efforts will be undertaken at a later stage to support margin interest, OTC, contracts and other related businesses.</p>\n\n			<p>From 1st to 21st July 2019, the new tired fee structure will apply only to users on an invitation-basis only. This upgraded tiered fee structure will only be made available to all users starting 22nd July 2019. During this transition period, transaction fee rate for all users outside this invitation list will remain unchanged.</p>\n\n			<p>Details as follows:</p>\n\n			<p><strong>General Tiered Fee Structure</strong></p>\n\n			<table border=\"1\">\n				<tbody>\n					<tr>\n						<td><strong>Type</strong></td>\n						<td><strong>Level</strong></td>\n						<td><strong>30 day trading volume (BTC)</strong></td>\n						<td><strong>Base fee rate</strong></td>\n						<td><strong>HT holdings</strong></td>\n						<td><strong>Fee Rate (in HT)</strong></td>\n						<td><strong>Effective Discount</strong></td>\n					</tr>\n					<tr>\n						<td rowspan=\"6\"><strong>Normal users</strong></td>\n						<td>1</td>\n						<td rowspan=\"6\">&lt; 1000 BTC</td>\n						<td rowspan=\"6\">0.2000%</td>\n						<td><strong>&ge;10HT</strong></td>\n						<td>0.1800%</td>\n						<td>10%</td>\n					</tr>\n					<tr>\n						<td>2</td>\n						<td><strong>&ge;100HT</strong></td>\n						<td>0.1600%</td>\n						<td>20%</td>\n					</tr>\n					<tr>\n						<td>3</td>\n						<td><strong>&ge;500HT</strong></td>\n						<td>0.1200%</td>\n						<td>40%</td>\n					</tr>\n					<tr>\n						<td>4</td>\n						<td><strong>&ge;1000HT</strong></td>\n						<td>0.0900%</td>\n						<td>55%</td>\n					</tr>\n					<tr>\n						<td>5</td>\n						<td><strong>&ge;2000HT</strong></td>\n						<td>0.0800%</td>\n						<td>60%</td>\n					</tr>\n					<tr>\n						<td>6</td>\n						<td><strong>&ge;5000HT</strong></td>\n						<td>0.0700%</td>\n						<td>65%</td>\n					</tr>\n				</tbody>\n			</table>\n\n			<p>Normal users will continue to enjoy referral income, subject to a cumulative rebate cap of 5000 *points per invitee; Applicable conversion rates are as such: 1 Point (Point Card):1USDT, and HT conversion is based on prevailing market price.</p>\n\n			<p><strong>&nbsp;Professional Trader Tiered Fee Program</strong></p>\n\n			<table border=\"1\">\n				<tbody>\n					<tr>\n						<td rowspan=\"2\"><strong>Type</strong></td>\n						<td rowspan=\"2\"><strong>Level</strong></td>\n						<td><strong>30 day trading volume (BTC)</strong></td>\n						<td><strong>HT holdings</strong></td>\n						<td colspan=\"2\"><strong>Base fee rate</strong></td>\n						<td colspan=\"2\"><strong>HT Fee Rate (25% disc)</strong></td>\n						<td colspan=\"2\"><strong>100,000 HT Holder HT Fee Rate (35% disc)</strong></td>\n					</tr>\n					<tr>\n						<td colspan=\"2\"><strong>Both Conditions Required</strong></td>\n						<td><strong>Maker</strong></td>\n						<td><strong>Taker</strong></td>\n						<td><strong>Maker</strong></td>\n						<td><strong>Taker</strong></td>\n						<td><strong>Maker</strong></td>\n						<td><strong>Taker</strong></td>\n					</tr>\n					<tr>\n						<td rowspan=\"9\">Professional Users</td>\n						<td>1</td>\n						<td>&ge; 1000 BTC</td>\n						<td>&ge;5000HT</td>\n						<td><strong>0.0700%</strong></td>\n						<td><strong>0.0850%</strong></td>\n						<td>0.0525%</td>\n						<td>0.0638%</td>\n						<td>0.0455%</td>\n						<td>0.0553%</td>\n					</tr>\n					<tr>\n						<td>2</td>\n						<td>&ge; 1500 BTC</td>\n						<td>&ge;10000HT</td>\n						<td><strong>0.0650%</strong></td>\n						<td><strong>0.0800%</strong></td>\n						<td>0.0488%</td>\n						<td>0.0600%</td>\n						<td>0.0423%</td>\n						<td>0.0520%</td>\n					</tr>\n					<tr>\n						<td>3</td>\n						<td>&ge; 5000 BTC</td>\n						<td>&ge;15000HT</td>\n						<td><strong>0.0600%</strong></td>\n						<td><strong>0.0750%</strong></td>\n						<td>0.0450%</td>\n						<td>0.0563%</td>\n						<td>0.0390%</td>\n						<td>0.0488%</td>\n					</tr>\n					<tr>\n						<td>4</td>\n						<td>&ge; 10000 BTC</td>\n						<td>&ge;20000HT</td>\n						<td><strong>0.0550%</strong></td>\n						<td><strong>0.0700%</strong></td>\n						<td>0.0413%</td>\n						<td>0.0525%</td>\n						<td>0.0358%</td>\n						<td>0.0455%</td>\n					</tr>\n					<tr>\n						<td>5</td>\n						<td>&ge; 15000 BTC</td>\n						<td>&ge;25000HT</td>\n						<td><strong>0.0500%</strong></td>\n						<td><strong>0.0650%</strong></td>\n						<td>0.0375%</td>\n						<td>0.0488%</td>\n						<td>0.0325%</td>\n						<td>0.0423%</td>\n					</tr>\n					<tr>\n						<td>6</td>\n						<td>&ge; 20000 BTC</td>\n						<td>&ge;30000HT</td>\n						<td><strong>0.0450%</strong></td>\n						<td><strong>0.0600%</strong></td>\n						<td>0.0338%</td>\n						<td>0.0450%</td>\n						<td>0.0293%</td>\n						<td>0.0390%</td>\n					</tr>\n					<tr>\n						<td>7</td>\n						<td>&ge; 40000 BTC</td>\n						<td>&ge;35000HT</td>\n						<td><strong>0.0350%</strong></td>\n						<td><strong>0.0500%</strong></td>\n						<td>0.0263%</td>\n						<td>0.0375%</td>\n						<td>0.0228%</td>\n						<td>0.0325%</td>\n					</tr>\n					<tr>\n						<td>8</td>\n						<td>&ge; 80000 BTC</td>\n						<td>&ge;40000HT</td>\n						<td><strong>0.0250%</strong></td>\n						<td><strong>0.0400%</strong></td>\n						<td>0.0188%</td>\n						<td>0.0300%</td>\n						<td>0.0163%</td>\n						<td>0.0260%</td>\n					</tr>\n					<tr>\n						<td>9</td>\n						<td>&ge;150000 BTC</td>\n						<td>&ge;50000HT</td>\n						<td><strong>0.0150%</strong></td>\n						<td><strong>0.0300%</strong></td>\n						<td>0.0113%</td>\n						<td>0.0225%</td>\n						<td>0.0098%</td>\n						<td>0.0195%</td>\n					</tr>\n				</tbody>\n			</table>\n\n			<p>*Users under the Professional Trader Tiered Fee Program will not receive referral fees under the Super Rebate program.&nbsp;<br />\n			<br />\n			<strong>HT holding and trading volume:</strong>&nbsp;<br />\n			At 0:00 A.M. (GMT+8) every day, the system calculates users&rsquo; trading volume for the past 30 days (converted into BTC). Users&rsquo; HT holdings are based on random snapshots taken the day before. Users&rsquo; tier level and transaction fee rates are automatically updated at 4:00 A.M. (GMT+8) every day, and transaction volume in BTC is converted according to the closing price of BTC trading pairs at 0:00 A.M. (GMT+8).</p>\n\n			<p><strong>Rules for proposed Tiered Fee Structure program:</strong>&nbsp;<br />\n			1. The above-mentioned proposed tiered fee structure relates only to crypto-crypto trading (including margin trading), and is applicable only to trading fee payment, and does not apply to withdrawal fee, HB10 in/out exchange transaction costs, and other fees associated with margin interest, OTC, contract trading.<br />\n			2. After the launch of our tiered transaction fee program, we will officially stop all Point Card sales on our website. Point Cards can still be used, however, Point Card and the new tiered transaction fee program are mutually exclusive and cannot be applied at the same time;&nbsp;<br />\n			3. If there is Point Card balance remaining in the account, Point Card mode will be set as default, and users need to manually switch to tiered transaction fee mode in their account settings. Otherwise, tiered transaction fee mode is set by default;<br />\n			4. Point Cards can continued to be deducted to pay interest incurred from Margin Trading.</p>\n\n			<p>Huobi Global invites you to experience our tiered transaction fee program and hope this upgrade can bring you a better trading experience!</p>\n\n			<p><strong>About terms:</strong><br />\n			Maker: Maker refers to orders initiated to create an order book, pending matching fills;&nbsp;<br />\n			Taker: Taker refers to order that have a matching order price in the order book and can be immediately filled.</p>\n\n			<p>Huobi Global<br />\n			June 24, 2019</p>\n			</td>\n			<td>&nbsp;</td>\n			<td>&nbsp;</td>\n			<td>&nbsp;</td>\n			<td>&nbsp;</td>\n			<td colspan=\"2\">&nbsp;</td>\n		</tr>\n		<tr>\n			<td rowspan=\"6\">&nbsp;</td>\n			<td>&nbsp;</td>\n			<td rowspan=\"6\">&nbsp;</td>\n			<td rowspan=\"6\">&nbsp;</td>\n			<td>&nbsp;</td>\n			<td>&nbsp;</td>\n			<td>&nbsp;</td>\n		</tr>\n		<tr>\n			<td>&nbsp;</td>\n			<td>&nbsp;</td>\n			<td>&nbsp;</td>\n			<td>&nbsp;</td>\n		</tr>\n		<tr>\n			<td>&nbsp;</td>\n			<td>&nbsp;</td>\n			<td>&nbsp;</td>\n			<td>&nbsp;</td>\n		</tr>\n		<tr>\n			<td>&nbsp;</td>\n			<td>&nbsp;</td>\n			<td>&nbsp;</td>\n			<td>&nbsp;</td>\n		</tr>\n		<tr>\n			<td>&nbsp;</td>\n			<td>&nbsp;</td>\n			<td>&nbsp;</td>\n			<td>&nbsp;</td>\n		</tr>\n		<tr>\n			<td>&nbsp;</td>\n			<td>&nbsp;</td>\n			<td>&nbsp;</td>\n			<td>&nbsp;</td>\n		</tr>\n	</tbody>\n</table>\n\n<p>* 普通用户仍可享受返佣政策，但单一被邀请人可提供的累计拉新返佣不超过5000点，USDT返佣与点卡按1:1合计，HT按当天市场价折算。</p>\n\n<p><strong>专业用户</strong></p>\n\n<table border=\"1\">\n	<tbody>\n		<tr>\n			<td rowspan=\"2\"><strong>用户 类型</strong></td>\n			<td rowspan=\"2\"><strong>等级</strong></td>\n			<td><strong>近30天交易量（BTC）</strong></td>\n			<td><strong>HT持仓</strong></td>\n			<td colspan=\"2\"><strong>基础阶梯费率</strong></td>\n			<td colspan=\"2\"><strong>基础HT抵扣模式</strong><br />\n			<strong>(75折)</strong></td>\n			<td colspan=\"2\"><strong>持有10万HT</strong><br />\n			<strong>(65折)</strong></td>\n		</tr>\n		<tr>\n			<td colspan=\"2\"><strong>（需同时满足）</strong></td>\n			<td><strong>挂单（Maker）</strong></td>\n			<td><strong>吃单（Taker）</strong></td>\n			<td><strong>挂单（Maker）</strong></td>\n			<td><strong>吃单（Taker）</strong></td>\n			<td><strong>挂单（Maker）</strong></td>\n			<td><strong>吃单（Taker）</strong></td>\n		</tr>\n		<tr>\n			<td rowspan=\"9\">专业<br />\n			用户</td>\n			<td>1</td>\n			<td>&ge; 1000 BTC</td>\n			<td>&ge;5000HT</td>\n			<td>0.0700%</td>\n			<td>0.0850%</td>\n			<td>0.0525%</td>\n			<td>0.0638%</td>\n			<td>0.0455%</td>\n			<td>0.0553%</td>\n		</tr>\n		<tr>\n			<td>2</td>\n			<td>&ge; 1500 BTC</td>\n			<td>&ge;10000HT</td>\n			<td>0.0650%</td>\n			<td>0.0800%</td>\n			<td>0.0488%</td>\n			<td>0.0600%</td>\n			<td>0.0423%</td>\n			<td>0.0520%</td>\n		</tr>\n		<tr>\n			<td>3</td>\n			<td>&ge; 5000 BTC</td>\n			<td>&ge;15000HT</td>\n			<td>0.0600%</td>\n			<td>0.0750%</td>\n			<td>0.0450%</td>\n			<td>0.0563%</td>\n			<td>0.0390%</td>\n			<td>0.0488%</td>\n		</tr>\n		<tr>\n			<td>4</td>\n			<td>&ge; 10000 BTC</td>\n			<td>&ge;20000HT</td>\n			<td>0.0550%</td>\n			<td>0.0700%</td>\n			<td>0.0413%</td>\n			<td>0.0525%</td>\n			<td>0.0358%</td>\n			<td>0.0455%</td>\n		</tr>\n		<tr>\n			<td>5</td>\n			<td>&ge; 15000 BTC</td>\n			<td>&ge;25000HT</td>\n			<td>0.0500%</td>\n			<td>0.0650%</td>\n			<td>0.0375%</td>\n			<td>0.0488%</td>\n			<td>0.0325%</td>\n			<td>0.0423%</td>\n		</tr>\n		<tr>\n			<td>6</td>\n			<td>&ge; 20000 BTC</td>\n			<td>&ge;30000HT</td>\n			<td>0.0450%</td>\n			<td>0.0600%</td>\n			<td>0.0338%</td>\n			<td>0.0450%</td>\n			<td>0.0293%</td>\n			<td>0.0390%</td>\n		</tr>\n		<tr>\n			<td>7</td>\n			<td>&ge; 40000 BTC</td>\n			<td>&ge;35000HT</td>\n			<td>0.0350%</td>\n			<td>0.0500%</td>\n			<td>0.0263%</td>\n			<td>0.0375%</td>\n			<td>0.0228%</td>\n			<td>0.0325%</td>\n		</tr>\n		<tr>\n			<td>8</td>\n			<td>&ge; 80000 BTC</td>\n			<td>&ge;40000HT</td>\n			<td>0.0250%</td>\n			<td>0.0400%</td>\n			<td>0.0188%</td>\n			<td>0.0300%</td>\n			<td>0.0163%</td>\n			<td>0.0260%</td>\n		</tr>\n		<tr>\n			<td>9</td>\n			<td>&ge;150000 BTC</td>\n			<td>&ge;50000HT</td>\n			<td>0.0150%</td>\n			<td>0.0300%</td>\n			<td>0.0113%</td>\n			<td>0.0225%</td>\n			<td>0.0098%</td>\n			<td>0.0195%</td>\n		</tr>\n	</tbody>\n</table>\n\n<p>*专业用户不享受返佣政策</p>\n\n<p><strong>HT持仓量及交易量：</strong><br />\n每日0:00（GMT+8）系统计算用户近30天的交易额（折合为BTC），用户每日HT持仓量取系统前一天HT的随机快照，每日4:00（GMT+8）自动更新手续费等级和费率，BTC折算规则为取每日0:00（GMT+8）BTC交易对的收盘价进行折算。</p>\n\n<p><strong>阶梯手续费率使用规则：</strong>&nbsp;<br />\n1、 阶梯手续费率目前只适用于币币交易（含杠杆交易），并且只针对交易手续费，暂不支持提币手续费、HB10换入换出手续费、杠杆利率、OTC、合约等其他业务的费率；<br />\n2、 阶梯手续费率制度及HT抵扣手续费功能上线后，官方将不再发售点卡。存量点卡仍可正常使用，但不享受阶梯手续费率；<br />\n3、 上线前账户中有点卡余额的，仍旧默认使用点卡抵扣手续费模式，需手动打开HT抵扣功能方可切换至阶梯手续费率及HT抵扣手续费模式。<br />\n4、 杠杆利息仍可使用点卡进行抵扣；</p>\n\n<p>火币全球站诚邀您体验阶梯手续费率。期待此次升级调整能给您带来更好的交易体验！</p>\n\n<p><strong>相关术语解释：</strong><br />\n挂单（Maker）：挂单指的是以指定价格下单，未立即与订单簿中其他订单成交，而是进入订单列表，等待交易对手单的行为；<br />\n吃单（Taker）：吃单指的是以指定的价格（同时订单簿中存在相同价格）下单，并立即与订单簿中的其他订单成交的行为。</p>\n\n<p>火币全球站<br />\n2019年6月24日</p>\n', b'0', b'1', '15622440958158043', '1561561460091', '2019-07-04 20:43:11', '2019-07-04 20:43:11', 300224);
INSERT INTO `T_ArticleLang` VALUES ('15622937208557020', '用户协议', '<p>Huobi Global Limited.（以下称 &ldquo;公司&rdquo;）是一家根据塞舌尔共和国相关法律在塞舌尔共和国注册成立的公司，该公司运营网站https://www.huobi.co（以下称&ldquo;本网站&rdquo;或&ldquo;网站&rdquo;），该网站是一个专门供用户进行数字资产交易和提供相关服务（以下称&ldquo;该服务&rdquo;或&ldquo;服务&rdquo;）的平台。为了本协议表述之方便，公司和该网站在本协议中合称使用&ldquo;我们&rdquo;或其他第一人称称呼。只要登陆该网站的自然人或其他主体均为本网站的用户，本协议表述之便利，以下使用&ldquo;您&rdquo;或其他第二人称。为了本协议表述之便利，我们和您在本协议中合称为&ldquo;双方&rdquo;，我们或您单称为&ldquo;一方&rdquo;。本网站所有内容，为便利用户，可能提供多个语言版本，若有冲突或遗漏等情况，以中文内容为准。</p>\n\n<p>重要提示：</p>\n\n<p>我们在此特别提醒您：</p>\n\n<ul>\n	<li>1 数字资产本身不由任何金融机构或公司或本网站发行；</li>\n	<li>2 数字资产市场是全新的、未经确认的，而且可能不会增长；</li>\n	<li>3 数字资产主要由投机者大量使用，零售和商业市场使用相对较少，数字资产交易存在极高风险，其全天不间断交易，没有涨跌限制，价格容易受庄家、全球政府政策的影响而大幅波动；</li>\n	<li>4 如果公司根据其单方判断认为您违反了本协议，或者根据您所在管辖区域的法律本网站提供的服务或者您使用本网站提供的服务的行为是非法的，公司有权随时暂停或终止您的账户，或者暂停或终止您使用本网站提供的服务或数字资产交易。&nbsp;<strong>禁止位于美国的任何人使用本网站提供的服务。</strong></li>\n</ul>\n\n<p>数字资产交易有极高风险，并不适合绝大部分人士。您了解和理解此投资有可能导致部分损失或全部损失，所以您应该以能承受的损失程度来决定投资的金额。您了解和理解数字资产会产生衍生风险，所以如有任何疑问，建议先寻求理财顾问的协助。此外，除了上述提及过的风险以外，还会有未能预测的风险存在。您应慎重考虑并用清晰的判断能力去评估自己的财政状况及上述各项风险而作出任何买卖数字资产的决定，并承担由此产生的全部损失，我们对此不承担任何责任。</p>\n\n<p>敬告您：</p>\n\n<ul>\n	<li>1 您了解本网站仅作为您获取数字资产信息、寻找交易方、就数字资产的交易进行协商及开展交易的场所，本网站不参与您的任何交易，故您应自行谨慎判断确定相关数字资产及/或信息的真实性、合法性和有效性，并自行承担因此产生的责任与损失。</li>\n	<li>2 本网站的任何意见、消息、探讨、分析、价格、建议和其他资讯均是一般的市场评论，并不构成投资建议。我们不承担任何因依赖该资讯直接或间接而产生的损失，包括但不限于任何利润损失。</li>\n	<li>3 本网站的内容会随时更改并不作另行通知，我们已采取合理措施确保网站资讯的准确性，但并不能保证其准确性程度，亦不会承担任何因本网站上的资讯或因未能链结互联网、传送或接收任何通知和信息时的延误或失败而直接或间接产生的损失。</li>\n	<li>4 使用互联网形式的交易系统亦存有风险，包括但不限于软件，硬件和互联网链结的失败等。由于我们不能控制互联网的可靠性和可用性，我们不会对失真，延误和链结失败而承担任何责任。</li>\n	<li>5 https://www.huobi.co为本网站唯一官方对外信息公布平台；</li>\n	<li>6 本网站任何服务均不接受信用卡支付；</li>\n	<li>7 禁止使用本网站从事洗钱、走私、商业贿赂等一切非法交易活动或违法行为，若发现任何涉嫌非法交易或违法行为，本站将采取各种可使用之手段，包括但不限于冻结账户，通知相关权力机关等，我们不承担由此产生的所有责任并保留向相关人士追究责任的权利。</li>\n	<li>8 禁止使用本网站进行恶意操纵市场、不正当交易等一切不道德交易活动，若发现此类事件，本网站将对所有恶意操纵价格、恶意影响交易系统等不道德的行为采取警告、限制交易、关停账户等预防性地保护措施，我们不承担由此产生的所有责任并保留向相关人士追究责任的权利。</li>\n</ul>\n\n<p><em>一、总则</em></p>\n\n<ul>\n	<li>1.1 《用户协议》（以下称&ldquo;本协议&rdquo;或&ldquo;本条款及条件&rdquo;），由正文、《隐私条款》、《了解你的客户和反洗钱政策》以及本网站已经发布的或将来可能发布的各类规则、声明、说明等构成。</li>\n	<li>1.2 您在使用本网站提供的各项服务之前，应仔细阅读本协议，如有不理解之处或其他必要，请咨询专业律师。如您不同意本协议及/或随时对其的修改，请您立即停止使用本网站提供的服务或不再登陆本网站。您一旦登陆本网站、使用本网站的任何服务或任何其他类似行为即表示您已了解并完全同意本协议各项内容，包括本网站对本协议随时所做的任何修改。</li>\n	<li>1.3 您通过按照本网站的要求填写相关信息，并经过其他相关程序后成功注册可以成为本网站的会员（以下称&ldquo;会员&rdquo;），在进行注册过程中点击&ldquo;同意&rdquo;按钮即表示您以电子签署的形式与公司达成协议；或您在使用本网站过程中点击任何标有&ldquo;同意&rdquo;或类似意思的按钮的行为或以其他本网站允许的方式实际使用本网站提供的服务时，均表示您完全了解、同意且接受本协议项下的全部条款的约束，无您手写的书面签字就本协议对您的法律约束力无任何影响。</li>\n	<li>1.4 您成为本网站的会员后，您将获得一个会员帐号及相应的密码，该会员帐号和密码由会员负责保管；会员应当对以其您帐号进行的所有活动和事件负法律责任。</li>\n	<li>1.5 只有成为本网站的会员才可使用本网站提供的数字资产交易平台进行交易及享受其他本网站规定的只有会员才可获得的服务；会员外的其他您只有登陆网站、浏览网站及其他本网站规定的可获得的服务。</li>\n	<li>1.6 通过注册和使用任何由本网站提供的服务和功能，您将被视为已阅读，理解并：\n	<ul>\n		<li>1.6.1 接受本协议所有条款及条件的约束。</li>\n		<li>1.6.2 您确认您已年满16周岁或根据不同的可适用的法律规定的具有可订立合同的法定年龄，您在本网站的注册、销售或购买、发布信息等接受本网站服务的行为应当符合对您有管辖权的主权国家或地区相关法律法规，并有充分的能力接受这些条款，并订立交易，使用本网站进行数字资产交易。</li>\n		<li>1.6.3 您保证交易中涉及到的属于您的数字资产均为合法取得并所有。</li>\n		<li>1.6.4 您同意您为您自身的交易或非交易行为承担全部责任和任何收益或亏损。</li>\n		<li>1.6.5 您确认注册时提供的信息是真实和准确的。</li>\n		<li>1.6.6 您同意遵守任何有关法律的规定，就税务目的而言，包括报告任何交易利润。</li>\n		<li>1.6.7 您同意在任何时候不得从事或参与损害本网站或公司利益的行为或活动，无论是否与本网站提供的服务有关。</li>\n		<li>1.6.8 本协议只是就您与我们之间达成的权利义务关系进行约束，而并不涉及本网站用户之间与其他网站和您之间因数字资产交易而产生的法律关系及法律纠纷。</li>\n	</ul>\n	</li>\n</ul>\n\n<p><em>二、协议修订</em></p>\n\n<p>我们保留不时修订本协议、并以网站公示的方式进行公告、不再单独通知您的权利，变更后的协议会在本协议首页标注变更时间，一经在网站公布，立即自动生效。您应不时浏览及关注本协议的更新变更时间及更新内容，如您不同意相关变更，应当立即停止使用本网站服务；您继续使用本网站服务，即表示您接受并同意经修订的协议的约束。</p>\n\n<p><em>三、注册</em></p>\n\n<ul>\n	<li>3.1 注册资格</li>\n	<li>您确认并承诺：在您完成注册程序或以其他本网站允许的方式实际使用本网站提供的服务时，您应当是具备可适用的法律规定的可签署本协议及使用本网站服务应具有的能力的自然人、法人或其他组织。您一旦点击同意注册按钮，即表示您自身或您的有权代理人已经同意该协议内容并由其代理注册及使用本网站服务。若您不具备前述主体资格，则您及您的有权代理人应承担因此而导致的一切后果，且公司保留注销或永久冻结您账户，并向您及您的有权代理人追究责任的权利。</li>\n	<li>3.2 注册目的</li>\n	<li>您确认并承诺：您进行本网站注册并非出于违反法律法规或破坏本网站数字资产交易秩序的目的。</li>\n	<li>\n	<p>3.3注册流程</p>\n\n	<ul>\n		<li>3.3.1 您同意根据本网站用户注册页面的要求提供有效电子邮箱、手机号码等信息，您可以使用您提供或确认的邮箱、手机号码或者本网站允许的其它方式作为登陆手段进入本网站。如有必要，按照不同法域相关法律法规的规定，您必须提供您的真实姓名、身份证件等法律法规及隐私条款及反洗钱条款规定的相关信息并不断更新注册资料，符合及时、详尽、准确的要求。所有原始键入的资料将引用为注册资料。您应对该等信息的真实性、完整性和准确性负责，并承担因此产生的任何直接或间接损失及不利后果。</li>\n		<li>3.3.2 如您所在主权国家或地区的法律法规、规则、命令等规范对手机号码有实名要求，您同意提供注册的手机号码是经过实名登记的，如您不按照规定提供，因此给您带来的任何直接或间接损失及不利后果均应由您承担。</li>\n		<li>3.3.3您合法、完整并有效提供注册所需信息并经验证，有权获得本网站账号和密码，您获得本网站账号及密码时视为注册成功，可在本网站进行会员登陆。</li>\n		<li>3.3.4 您同意接收本网站发送的与本网站管理、运营相关的电子邮件和/或短消息。</li>\n	</ul>\n	</li>\n</ul>\n\n<p><em>四、服务</em></p>\n\n<p>本网站只为您通过本网站进行数字资产交易活动（包括但不限于数字资产交易等服务）提供网络交易平台服务，本网站并不作为买家或卖家参与买卖数字资产行为本身；本网站不提供任何国家法定货币充入和提取的相关服务。</p>\n\n<ul>\n	<li>\n	<p>4.1 服务内容</p>\n\n	<ul>\n		<li>4.1.1 您有权在本网站浏览数字资产各项产品的实时行情及交易信息、有权通过本网站提交数字资产交易指令并完成数字资产交易。</li>\n		<li>4.1.2 您有权在本网站查看其本网站会员账号下的信息，有权应用本网站提供的功能进行操作。</li>\n		<li>4.1.3 您有权按照本网站发布的活动规则参与本网站组织的网站活动。</li>\n		<li>4.1.4 本网站承诺为您提供的其他服务。</li>\n	</ul>\n	</li>\n	<li>\n	<p>4.2.服务规则 您承诺遵守下列本网站服务规则：</p>\n\n	<ul>\n		<li>4.2.1 您应当遵守法律法规、规章、及政策要求的规定，保证账户中所有数字资产来源的合法性，不得在本网站或利用本网站服务从事非法或其他损害本网站或第三方权益的活动，如发送或接收任何违法、违规、侵犯他人权益的信息，发送或接收传销材料或存在其他危害的信息或言论，未经本网站授权使用或伪造本网站电子邮件题头信息等。</li>\n		<li>4.2.2 您应当遵守法律法规并妥善使用和保管其本网站账号及登陆密码、资金密码、和其注册时绑定的手机号码、以及手机接收的手机验证码的安全。您对使用其本网站账号和登陆密码、资金密码、手机验证码进行的任何操作和后果承担全部责任。当您发现本网站账号、登陆密码、或资金密码、验证码被未经其授权的第三方使用，或存在其他账号安全问题时，应立即有效通知本网站，要求本网站暂停本网站账号的服务。本网站有权在合理时间内对您的该等请求采取行动，但本网站对在采取行动前已经产生的后果（包括但不限于您的任何损失）不承担任何责任。您在未经本网站同意的情况下不得将本网站账号以赠与、借用、租用、转让或其他方式处分给他人。</li>\n		<li>4.2.3 您同意您对您的本网站的账号、密码下发生的所有活动（包括但不限于信息披露、发布信息、网上点击同意或提交各类规则协议、网上续签协议或购买服务等）承担责任。</li>\n		<li>4.2.4 您在本网站进行数字资产交易时不得恶意干扰数字资产交易的正常进行、破坏交易秩序；不得以任何技术手段或其他方式干扰本网站的正常运行或干扰其他用户对本网站服务的使用；不得以虚构事实等方式恶意诋毁本网站的商誉。</li>\n		<li>4.2.5 如您因网上交易与其他用户产生纠纷的，不得通过司法或行政以外的途径要求本网站提供相关资料。</li>\n		<li>4.2.6 您在使用本网站提供的服务过程中，所产生的应纳税赋，以及一切硬件、软件、服务及其它方面的费用，均由您独自判断和承担。</li>\n		<li>4.2.7 您应当遵守本网站不时发布和更新的本协议以及其他服务条款和操作规则，有权随时终止使用本网站提供的服务。</li>\n	</ul>\n	</li>\n	<li>\n	<p>4.3.产品规则</p>\n\n	<ul>\n		<li>4.3.1交易产品规则 您承诺在其进入本网站交易，通过本网站与其他用户进行交易的过程中良好遵守如下交易规则。</li>\n		<li>4.3.1.1 浏览交易信息</li>\n		<li>您在本网站浏览交易信息时，应当仔细阅读交易信息中包含的全部内容，包括但不限于价格、委托量、手续费、买入或卖出方向， 您完全接受交易信息中包含的全部内容后方可点击按钮进行交易。</li>\n		<li>4.3.1.2 提交委托</li>\n		<li>在浏览完交易信息确认无误之后您可以提交交易委托。您提交交易委托后，即您授权本网站代理您进行相应的交易撮合，本网站在有满足您委托价格的交易时将会自动完成撮合交易而无需提前通知您。</li>\n		<li>4.3.1.3 查看交易明细</li>\n		<li>您可以通过管理中心的交易明细中查看相应的成交记录，确认自己的详情交易记录。</li>\n		<li>4.3.1.4 撤销/修改委托，在委托未达成交易之前，您有权随时撤销或修改委托。</li>\n	</ul>\n	</li>\n</ul>\n\n<p><em>五、本网站的权利和义务</em></p>\n\n<ul>\n	<li>5.1 如您不具备本协议约定的注册资格，则本网站有权拒绝您进行注册，对已注册的，本网站有权注销您的会员账号，本网站保留向您或您的有权代理人追究责任的权利。同时，本网站保留其他任何情况下决定是否接受您注册的权利。</li>\n	<li>5.2 本网站发现您或您的关联账户使用者根据本网站自己的判断不适合高风险投资时，有权中止或终止您的账户以及所有关联账户的使用。</li>\n	<li>5.3 本网站发现账户使用者并非账户初始注册人时，有权中止或终止该账户的使用。</li>\n	<li>5.4 本网站通过技术检测、人工抽检等检测方式合理怀疑您提供的信息错误、不实、失效或不完整时，有权通知您更正、更新信息或中止、终止为其提供本网站服务。</li>\n	<li>5.5 本网站有权在发现本网站上显示的任何信息存在明显错误时，对信息予以更正。</li>\n	<li>5.6 本网站保留随时修改、中止或终止本网站服务的权利，本网站行使修改或中止服务的权利不需事先告知您；本网站终止本网站一项或多项服务的，终止自本网站在网站上发布终止公告之日生效。</li>\n	<li>5.7 本网站应当采取必要的技术手段和管理措施保障本网站的正常运行，并提供必要、可靠的交易环境和交易服务，维护数字资产交易秩序。</li>\n	<li>5.8 如您连续一年未使用本网站会员账号和密码登陆本网站，则本网站有权注销您的本网站账号。账号注销后，本网站有权将相应的会员名开放给其他您注册使用。</li>\n	<li>5.9 本网站通过加强技术投入、提升安全防范等措施保障您的数字资产的安全，有义务在您账户出现可以预见的安全风险时提前通知您。</li>\n	<li>5.10 本网站有权随时删除本网站内各类不符合法律法规或本网站规定等的内容信息，本网站行使该等权利不需提前通知您。</li>\n	<li>5.11 本网站有权根据您所属主权国家或地区的法律法规、规则、命令等规范的要求，向您要求提供更多的信息或资料等，并采取合理的措施，以符合当地的规范之要求，您有义务配合；本网站有权根据您所属主权国家或地区的法律法规、规则、命令等规范的要求，暂停或永久停止对您的开放本网站及其部分或全部服务。</li>\n</ul>\n\n<p><em>六、赔偿</em></p>\n\n<ul>\n	<li>6.1 在任何情况下，我们对您的直接损害的赔偿责任均不会超过您从使用本网站服务产生的为期三（ 3）个月的总费用。</li>\n	<li>6.2 如您发生违反本协议或其他法律法规等情况，您须向我们至少赔偿200万美元及承担由此产生的全部费用（包括律师费等），如不够弥补实际损失，您须补全。</li>\n</ul>\n\n<p><em>七、寻求禁令救济的权利</em></p>\n\n<p>我们和您均承认普通法对违约或可能违约情况的救济措施是可能是不足以弥补我们遭受的全部损失的，故非违约方有权在违约或可能违约情况下寻求禁令救济以及普通法或衡平法允许的其他所有的补救措施。</p>\n\n<p><em>八、责任限制与免责</em></p>\n\n<ul>\n	<li>\n	<p>8.1 您了解并同意，在任何情况下，我们不就以下各事项承担责任：</p>\n\n	<ul>\n		<li>8.1.1 收入的损失；</li>\n		<li>8.1.2 交易利润或合同损失；</li>\n		<li>8.1.3 业务中断</li>\n		<li>8.1.4 预期可节省的货币的损失；</li>\n		<li>8.1.5 信息的损失；</li>\n		<li>8.1.6 机会、商誉或声誉的损失；</li>\n		<li>8.1.7 数据的损坏或损失；</li>\n		<li>8.1.8 购买替代产品或服务的成本；</li>\n		<li>8.1.9 任何由于侵权（包括过失）、违约或其他任何原因产生的间接的、特殊的或附带性的损失或损害，不论这种损失或损害是否可以为我们合理预见；不论我们是否事先被告知存在此种损 失或损害的可能性。</li>\n		<li>8.1.1 条至8.1.9条均是彼此独立的。</li>\n	</ul>\n	</li>\n	<li>\n	<p>8.2 您了解并同意，我们不对因下述任一情况而导致您的任何损害赔偿承担责任：</p>\n\n	<ul>\n		<li>8.2.1 我们有合理的理由认为您的具体交易事项可能存在重大违法或违约情形。</li>\n		<li>8.2.2 我们有合理的理由认为您在本网站的行为涉嫌违法或不道德。</li>\n		<li>8.2.3 通过本网站服务购买或获取任何数据、信息或进行交易等行为或替代行为产生的费用及损失。</li>\n		<li>8.2.4 您对本网站服务的误解。</li>\n		<li>8.2.5 任何非因我们的原因而引起的与本网站提供的服务有关的其它损失。</li>\n	</ul>\n	</li>\n	<li>8.3 我们对由于信息网络设备维护、信息网络连接故障、电脑、通讯或其他系统的故障、电力故障、天气原因、意外事故、罢工、劳动争议、暴乱、起义、骚乱、生产力或生产资料不足、火灾、洪水、风暴、爆炸、战争、银行或其他合作方原因、数字资产市场崩溃、政府行为、 司法或行政机关的命令、其他不在我们可控范围内或我们无能力控制的行为或第三方的原因而造成的不能服务或延迟服务，以及造成的您的损失，我们不承担任何责任。</li>\n	<li>8.4 我们不能保证本网站包含的全部信息、程序、文本等完全安全，不受任何病毒、木马等恶意程序的干扰和破坏，故您登陆、使用本网站任何服务或下载及使用该下载的任何程序、信息、数据等均是您个人的决定并自行承担风险及可能产生的损失。</li>\n	<li>8.5 我们对本网站中链接的任何第三方网站的任何信息、产品及业务及其他任何形式的不属于我们的主体的内容等不做任何保证和承诺，您如果使用第三方网站提供的任何服务、信息及产品等均为您个人决定且承担由此产生的一切责任。</li>\n	<li>8.6 我们对于您使用本网站服务不做任何明示或暗示的保证，包括但不限于本网站提供服务的适用性、没有错误或疏漏、持续性、准确性、可靠性、适用于某一特定用途。同时，我们也不对本网站提供的服务所涉及的技术及信息的有效性、准确性、正确性、可靠性、质量、稳定、完整和及时性作出任何承诺和保证。是否登陆或使用本网站提供的服务是您个人的决定且自行承担风险及可能产生的损失。我们对于数字资产的市场、价值及价格等不做任何明示或暗示的保证，您理解并了解数字资产市场是不稳定的，价格和价值随时会大幅波动或崩盘，交易数字资产是您个人的自由选择及决定且自行承担风险及可能产生的损失。</li>\n	<li>8.7 本协议中规定的我们的保证和承诺是由我们就本协议和本网站提供的服务的唯一保证和陈述，并取代任何其他途径和方式产生的保证和承诺，无论是书面的或口头的，明示的或暗示的。所有这些保证和陈述仅仅代表我们自身的承诺和保证，并不保证任何第三方遵守本协议中的保证和承诺。</li>\n	<li>8.8 我们并不放弃本协议中未提及的在法律适用的最大范围内我们享有的限制、免除或抵销我们损害赔偿责任的任何权利。</li>\n	<li>8.9 您注册后即表示认可我们按照本协议中规定的规则进行的任何操作，产生的任何风险均由您承担。</li>\n</ul>\n\n<p><em>九、协议的终止</em></p>\n\n<ul>\n	<li>9.1 本网站有权依据本协议约定注销您的本网站账号，本协议于账号注销之日终止。</li>\n	<li>9.2 本网站有权依据本协议约定终止全部本网站服务，本协议于本网站全部服务终止之日终止。</li>\n	<li>9.3 本协议终止后，您无权要求本网站继续向其提供任何服务或履行任何其他义务，包括但不限于要求本网站为您保留或向您披露其原本网站账号中的任何信息， 向您或第三方转发任何其未曾阅读或发送过的信息等。</li>\n	<li>9.4 本协议的终止不影响守约方向违约方要求其他责任的承担。</li>\n</ul>\n\n<p><em>十、知识产权</em></p>\n\n<ul>\n	<li>10.1 本网站所包含的全部智力成果包括但不限于网站标志、数据库、网站设计、文字和图表、软件、照片、录像、音乐、声音及其前述组合，软件编译、相关源代码和软件 (包括小应用程序和脚本) 的知识产权权利均归本网站所有。您不得为商业目的复制、更改、拷贝、发送或使用前述任何材料或内容。</li>\n	<li>10.2 本网站名称中包含的所有权利 (包括但不限于商誉和商标、标志) 均归公司所有。</li>\n	<li>10.3 您接受本协议即视为您主动将其在本网站发表的任何形式的信息的著作权， 包括但不限于：复制权、发行权、出租权、展览权、表演权、放映权、广播权、信息网络传播权、摄制权、改编权、翻译权、汇编权 以及应当由著作权人享有的其他可转让权利无偿独家转让给本网站所有，本网站有权利就任何主体侵权单独提起诉讼并获得全部赔偿。 本协议效力及于您在本网站发布的任何受著作权法保护的作品内容， 无论该内容形成于本协议签订前还是本协议签订后。</li>\n	<li>10.4 您在使用本网站服务过程中不得非法使用或处分本网站或他人的知识产权权利。您不得将已发表于本网站的信息以任何形式发布或授权其它网站（及媒体）使用。</li>\n	<li>10.5 您登陆本网站或使用本网站提供的任何服务均不视为我们向您转让任何知识产权。</li>\n</ul>\n\n<p><em>十一、信息保护</em></p>\n\n<ul>\n	<li>\n	<p>11.1 适用范围</p>\n\n	<ul>\n		<li>11.1.1 在您注册网站账号或者使用账户时，您根据本网站要求提供的个人注册信息，包括但不限于电话号码、邮箱信息、身份证件信息。</li>\n		<li>11.1.2 在您使用本网站服务时，或访问本网站网页时，本网站自动接收并记录的您浏览器上的服务器数值，包括但不限于IP地址等数据及您要求取用的网页记录。</li>\n		<li>11.1.3 本网站收集到的您在本网站进行交易的有关数据，包括但不限于交易记录。</li>\n		<li>11.1.4本网站通过合法途径取得的其他您个人信息。</li>\n	</ul>\n	</li>\n	<li>\n	<p>11.2 信息使用</p>\n\n	<ul>\n		<li>11.2.1 不需要您额外的同意，您在本网站注册成功即视为您同意本网站收集并使用其在本网站的各类信息，如11.1条所列，您了解并同意，本网站可以将收集的您信息用作包括但不限于下列用途：</li>\n		<li>11.2.1.1 向您提供本网站服务；</li>\n		<li>11.2.1.2 基于主权国家或地区相关主管部门的要求向相关部门进行报告；</li>\n		<li>11.2.1.3 在您使用本网站服务时，本网站将您的信息用于身份验证、客户服务、安全防范、诈骗监测、市场推广、存档和备份用途，或与第三方合作推广网站等合法用途，确保本网站向您提供的产品和服务的安全性；</li>\n		<li>11.2.1.4 帮助本网站设计新产品及服务，改善本网站现有服务目的而进行的信息收集和整理；</li>\n		<li>11.2.1.5为了使您了解本网站服务的具体情况，您同意本网站向其发送营销活动通知、商业性电子信息以及提供与您相关的广告以替代普遍投放的广告；</li>\n		<li>11.2.1.6 本网站为完成合并、分立、收购或资产转让而将您的信息转移或披露给任何非关联的第三方；</li>\n		<li>11.2.1.7 软件认证或管理软件升级；</li>\n		<li>11.2.1.8 邀请您参与有关本网站服务的调查；</li>\n		<li>11.2.1.9 用于和政府机关、公共事务机构、协会等合作的数据分析；</li>\n		<li>11.2.1.10 用作其他一切合法目的以及经您授权的其他用途。</li>\n		<li>11.2.2 本网站不会向其他任何人出售或出借您的个人信息，除非事先得到您的许可。本网站也不允许任何第三方以任何手段收集、编辑、出售或者无偿传播您的个人信息。</li>\n	</ul>\n	</li>\n	<li>11.3 本网站对所获得的客户身份资料和交易信息等进行保密，不得向任何单位和个人提供客户身份资料和交易信息，应相关主权国家或地区法律法规、政令、命令等规定要求本网站提供的除外。</li>\n</ul>\n\n<p>十二、计算所有的交易计算结果都经过我们的核实，所有的计算方法都已经在网站上公示，但是我们不能保证网站的使用不会受到干扰或没有误差。</p>\n\n<p>十三、出口控制您理解并承认，根据塞舌尔共和国相关法律，您不得将本网站上的任何材料（包括软件）出口、再出口、进口或转移，故您保证不会主动实施或协助或参与任何上述违反法规的出口或有关转移或其他违反适用的法律和法规的行为；如发现此类情形，会向我们积极报告并协助我们处理。</p>\n\n<p>十四、转让本协议中约定的权利及义务同样约束从该权利义务中获取到利益的各方的受让人，继承人，遗嘱执行人和管理员。您不得在我们不同意的前提下转让给任何第三人，但我们可随时将我们在本协议中的权利和义务转让给任何第三人，并给予您提前30天的通知。</p>\n\n<p>十五、可分割性如本协议中的任何条款被任何有管辖权的法院认定为不可执行的，无效的或非法的，并不影响本协议的其余条款的效力。</p>\n\n<p>十六、非代理关系本协议中的任何规定均不可被认为创造了、暗示了或以其他方式将我们视为您的代理人、受托人或其他代表人，本协议有其他规定的除外。</p>\n\n<p>十七、弃权我们或您任何一方对追究本协议约定的违约责任或其他责任的弃权并不能认定或解释为对其他违约责任的弃权；未行使任何权利或救济不得以任何方式被解释为对该等权利或救济的放弃。</p>\n\n<p>十八、标题所有标题仅供协议表述方便，并不用于扩大或限制该协议条款的内容或范围。</p>\n\n<p>十九、适用法律本协议全部内容均为根据塞舌尔共和国法律订立的合同，其成立、解释、内容及执行均适用塞舌尔共和国相关法律规定；任何因或与本协议约定的服务有关而产生的索赔或诉讼，都应依照塞舌尔共和国的法律进行管辖并加以解释和执行。为避免疑义，这一条款明确适用于任何针对我们的侵权索赔。任何针对我们或者是和我们有关的索赔或诉讼的管辖法院或诉讼地均在塞舌尔共和国。您无条件地获得在塞舌尔共和国法院进行诉讼和上诉的排他性的管辖权。您也无条件地同意与本协议款有关的争议或问题或产生的任何索赔请求和诉讼的发生地或法院均排他性得在塞舌尔共和国，如有本网站其他业务对管辖有专门约定从其约定。不方便法院的原则不适用于根据本服务条款的选择的法院。</p>\n\n<p><em>二十、协议的生效和解释</em></p>\n\n<ul>\n	<li>20.1 本协议于您点击本网站注册页面的同意注册并完成注册程序、获得本网站账号和密码时生效，对本网站和您均具有约束力。</li>\n	<li>20.2 本协议的最终解释权归本网站所有。</li>\n</ul>\n\n<p>了解你的客户和反洗钱政策</p>\n\n<p><em>一、导言</em></p>\n\n<ul>\n	<li>1.1我们保证审慎遵守&ldquo;了解你的客户&rdquo;和反洗钱相关的法律法规且不得故意违反该《了解你的客户和反洗钱政策》。在我们合理控制的范围内我们将采取必要的措施和技术为您提供安全的服务，尽可能使您免于遭受犯罪嫌疑人的洗钱行为带来的损失。</li>\n	<li>1.2我们的了解你的客户和反洗钱政策是一个综合性的国际政策体系，包括您隶属的不同法律辖区的了解你的客户和反洗钱政策。我们健全合规的框架确保我们在本地和全球层面均符合监管要求和监管水平，并确保本网站持续性运行。</li>\n</ul>\n\n<p><em>二、了解你的客户和反洗钱政策如下：</em></p>\n\n<ul>\n	<li>2.1颁布了解你的客户和反洗钱政策并时时更新以满足相应的法律法规规定的标准；</li>\n	<li>2.2颁布和更新运行本网站的一些指导原则和规则，且我们的员工将按照该原则和规则的指导提供服务；</li>\n	<li>2.3 设计并完成内部监测和控制交易的程序，如以严格的手段验证身份，安排组建专业团队专门负责反洗钱工作；</li>\n	<li>2.4 采用风险预防的方法对客户进行尽职调查和持续的监督;</li>\n	<li>2.5 审查和定期检查已发生的交易;</li>\n	<li>2.6 向主管当局报告可疑交易;</li>\n	<li>2.7身份证明文件、地址证明文件和交易记录的证明文件将会维持至少六年，如被提交给监管部门，恕不另行通知您。</li>\n	<li>2.8 整个交易过程中，信用卡被禁止使用；</li>\n</ul>\n\n<p><em>三、身份信息与核实确认</em></p>\n\n<ul>\n	<li>\n	<p>3.1 身份信息</p>\n\n	<ul>\n		<li>3.1.1 根据不同的司法管辖区的不同规定及不同的实体类型，我们收集的您的信息内容可能不一致，原则上将向注册的个人收集以下信息：</li>\n		<li>个人基本信息：您的姓名，住址（及永久地址，如果不同） ，出生日期及国籍等可获得的其他情况。身份验证应该是根据官方或其他类似权威机构发放的文件，比如护照，身份证或其他不同的辖区要求的和引发的身份证明文件。您提供的地址将使用适当的方法进行验证，比如检查乘用交通工具的票据或利率票据或检查选民登记册等。</li>\n		<li>有效的照片：在您注册之前，您须提供您将您的身份证件放在胸前的照片；</li>\n		<li>联系方式：电话/手机号码和/或有效的电子邮件地址。</li>\n		<li>3.1.2如果您是一个公司或其他合法实体，我们将收集以下信息以确定您或信托帐户的最终受益人。</li>\n		<li>公司注册、登记证；公司的章程与备忘录副本；公司的股权机构和所有权说明的详细证明材料，证明决定本网站账户的开立以及执行的授权委托人的董事会决议；按照要求需要提供的公司董事、大股东及本网站账户有权签字人的身份证明文件；该公司的主要营业地址，如果与公司的邮寄地址不同，提供邮寄地址。如果公司在本地的地址与它的主要营业地址不一致的，则被视为风险较高的客户，需要提交额外附加文件。</li>\n		<li>&bull;根据不同的司法管辖区的不同规定及不同的实体类型，我们要求的其他认证和权威部门发布的文件以及我们认为必要的文件。</li>\n		<li>3.1.3 我们只接受英语版本或汉语版本的身份信息，如不是，请您将您的身份信息翻译成英文的版本并加以公证。</li>\n	</ul>\n	</li>\n	<li>\n	<p>3.2确认核实</p>\n\n	<ul>\n		<li>3.2.1我们要求您提供身份证明文件的全部页面内容。</li>\n		<li>3.2.2 我们要求您提供您将您的身份证明文件放在您胸前的照片。</li>\n		<li>3.2.3证明文件的副本一般应核和原始凭证进行核对。然而，如果某个可信赖的合适的认证人可证明该副本文件是原始文件准确而全面的复制的，该副本可接受。这样的认证人包括大使、司法委员、地方治安官等。</li>\n		<li>3.2.4 对识别最终受益人和账户控制权的要求是确定哪些个人最终所有或控制直接客户，和/或确定正在进行的交易是由他人代为执行。如果是企业，则大股东的身份（例如那些持有10％或以上的投票权益）应被验证。一般，持股25 ％会被认定为正常风险内，其股东身份须验证；持股10%或拥有更多的投票权或股票时被认定为高风险的情况，股东身份须加以验证。</li>\n	</ul>\n	</li>\n</ul>\n\n<p><em>四、监控交易</em></p>\n\n<ul>\n	<li>4.1 我们根据安全性和实际交易情况时时设置和调整日常交易和提币最高限额;</li>\n	<li>4.2如果交易频繁集中发生在某个注册用户或存在超乎合理的情况，我们的专业团队将评估并决定他们是否可疑;</li>\n	<li>4.3我们凭借自身的判断认定为可疑交易的情况，我们可能会采取暂停该交易、拒绝该交易等限制性措施，甚至如果可能将尽快逆转该交易，同时向主管部门报告，但不会通知您;</li>\n	<li>4.4我们保留拒绝来自于不符合国际反洗钱标准辖区的人或可被视为政治公众人物的人的注册申请，我们保留随时暂停或终止根据我们自身判断为可疑交易的交易，但我们这样做并不违反对您的任何义务和责任。</li>\n</ul>\n', b'0', b'0', '15622937208503529', '1561561460091', '2019-07-05 10:28:40', '2019-07-05 10:28:40', 300034);

-- ----------------------------
-- Table structure for T_Attention
-- ----------------------------
DROP TABLE IF EXISTS `T_Attention`;
CREATE TABLE `T_Attention`  (
  `AttentionId` varchar(50) CHARACTER SET utf8 COLLATE utf8_general_ci NOT NULL,
  `UserId` varchar(50) CHARACTER SET utf8 COLLATE utf8_general_ci NOT NULL COMMENT '用户Id',
  `TypeId` int(11) UNSIGNED NOT NULL COMMENT '文章子类型Id',
  `CreateTime` datetime(0) NULL DEFAULT NULL COMMENT '关注时间',
  PRIMARY KEY (`AttentionId`) USING BTREE,
  INDEX `UserId`(`UserId`) USING BTREE,
  INDEX `T_Attention_ibfk_2`(`TypeId`) USING BTREE,
  CONSTRAINT `T_Attention_ibfk_2` FOREIGN KEY (`TypeId`) REFERENCES `T_Type` (`TypeId`) ON DELETE CASCADE ON UPDATE CASCADE,
  CONSTRAINT `T_Attention_ibfk_1` FOREIGN KEY (`UserId`) REFERENCES `T_User` (`UserId`) ON DELETE CASCADE ON UPDATE CASCADE
) ENGINE = InnoDB CHARACTER SET = utf8 COLLATE = utf8_general_ci ROW_FORMAT = Compact;

-- ----------------------------
-- Table structure for T_Comment
-- ----------------------------
DROP TABLE IF EXISTS `T_Comment`;
CREATE TABLE `T_Comment`  (
  `CommentId` varchar(50) CHARACTER SET utf8 COLLATE utf8_general_ci NOT NULL,
  `UserId` varchar(50) CHARACTER SET utf8 COLLATE utf8_general_ci NOT NULL COMMENT '用户id',
  `ArticleLangId` varchar(50) CHARACTER SET utf8 COLLATE utf8_general_ci NOT NULL COMMENT '文章id',
  `Content` text CHARACTER SET utf8 COLLATE utf8_general_ci NOT NULL COMMENT '评论内容',
  `ActiveTime` datetime(0) NOT NULL COMMENT '最后活动时间',
  `CreateTime` datetime(0) NOT NULL COMMENT '评论时间',
  PRIMARY KEY (`CommentId`) USING BTREE,
  INDEX `UserId`(`UserId`) USING BTREE,
  INDEX `T_Comment_ibfk_4`(`ArticleLangId`) USING BTREE,
  CONSTRAINT `T_Comment_ibfk_3` FOREIGN KEY (`UserId`) REFERENCES `T_User` (`UserId`) ON DELETE RESTRICT ON UPDATE CASCADE,
  CONSTRAINT `T_Comment_ibfk_4` FOREIGN KEY (`ArticleLangId`) REFERENCES `T_ArticleLang` (`ArticleLangId`) ON DELETE CASCADE ON UPDATE CASCADE
) ENGINE = InnoDB CHARACTER SET = utf8 COLLATE = utf8_general_ci ROW_FORMAT = Compact;

-- ----------------------------
-- Records of T_Comment
-- ----------------------------
INSERT INTO `T_Comment` VALUES ('15621611865531289', '1562120388010', '15620580916154673', 'hhh', '0001-01-01 00:00:00', '2019-07-03 21:39:46');
INSERT INTO `T_Comment` VALUES ('15622177991161178', '1562120388010', '15620580916154673', '道德规范打个电话', '0001-01-01 00:00:00', '2019-07-04 13:23:19');
INSERT INTO `T_Comment` VALUES ('15622998969405701', '1562115036238', '15620677017809447', '24', '0001-01-01 00:00:00', '2019-07-05 12:11:36');
INSERT INTO `T_Comment` VALUES ('15623004198149178', '1562115036238', '15622082720637089', 'ni ', '0001-01-01 00:00:00', '2019-07-05 12:20:19');

-- ----------------------------
-- Table structure for T_CommentLike
-- ----------------------------
DROP TABLE IF EXISTS `T_CommentLike`;
CREATE TABLE `T_CommentLike`  (
  `CommentLikeId` varchar(50) CHARACTER SET utf8 COLLATE utf8_general_ci NOT NULL,
  `UserId` varchar(50) CHARACTER SET utf8 COLLATE utf8_general_ci NOT NULL COMMENT '用户Id',
  `CommentId` varchar(50) CHARACTER SET utf8 COLLATE utf8_general_ci NOT NULL COMMENT '评论Id',
  `Like` bit(1) NOT NULL COMMENT '0踩\r\n1攒',
  `CreateTime` datetime(0) NOT NULL COMMENT '踩/赞时间',
  PRIMARY KEY (`CommentLikeId`) USING BTREE,
  INDEX `UserId`(`UserId`) USING BTREE,
  INDEX `CommentId`(`CommentId`) USING BTREE,
  CONSTRAINT `T_CommentLike_ibfk_1` FOREIGN KEY (`UserId`) REFERENCES `T_User` (`UserId`) ON DELETE RESTRICT ON UPDATE RESTRICT,
  CONSTRAINT `T_CommentLike_ibfk_2` FOREIGN KEY (`CommentId`) REFERENCES `T_Comment` (`CommentId`) ON DELETE CASCADE ON UPDATE RESTRICT
) ENGINE = InnoDB CHARACTER SET = utf8 COLLATE = utf8_general_ci ROW_FORMAT = Compact;

-- ----------------------------
-- Records of T_CommentLike
-- ----------------------------
INSERT INTO `T_CommentLike` VALUES ('15622870770971265', '1562119802391', '15622177991161178', b'1', '2019-07-05 08:37:57');

-- ----------------------------
-- Table structure for T_Helpful
-- ----------------------------
DROP TABLE IF EXISTS `T_Helpful`;
CREATE TABLE `T_Helpful`  (
  `HelpfulId` varchar(50) CHARACTER SET utf8 COLLATE utf8_general_ci NOT NULL,
  `ArticleLangId` varchar(50) CHARACTER SET utf8 COLLATE utf8_general_ci NOT NULL COMMENT '文章id',
  `Helpful` bit(1) NOT NULL COMMENT '是否有帮助\r\n0无帮助\r\n1有帮助',
  `Ip` varchar(16) CHARACTER SET utf8 COLLATE utf8_general_ci NOT NULL COMMENT '访问ip',
  `CreateTime` datetime(0) NOT NULL COMMENT '打分时间',
  PRIMARY KEY (`HelpfulId`) USING BTREE,
  INDEX `T_Helpful_ibfk_1`(`ArticleLangId`) USING BTREE,
  CONSTRAINT `T_Helpful_ibfk_1` FOREIGN KEY (`ArticleLangId`) REFERENCES `T_ArticleLang` (`ArticleLangId`) ON DELETE CASCADE ON UPDATE CASCADE
) ENGINE = InnoDB CHARACTER SET = utf8 COLLATE = utf8_general_ci ROW_FORMAT = Compact;

-- ----------------------------
-- Records of T_Helpful
-- ----------------------------
INSERT INTO `T_Helpful` VALUES ('15622135168575710', '15615616183587145', b'1', '119.39.32.26', '2019-07-04 12:11:56');
INSERT INTO `T_Helpful` VALUES ('15622177695134387', '15620580916154673', b'1', '222.247.47.218', '2019-07-04 13:22:49');
INSERT INTO `T_Helpful` VALUES ('15622433124348629', '15618075279699046', b'1', '117.136.88.62', '2019-07-04 20:28:32');
INSERT INTO `T_Helpful` VALUES ('15622442135041628', '15620580916154673', b'1', '222.247.47.215', '2019-07-04 20:43:33');
INSERT INTO `T_Helpful` VALUES ('15622462294435539', '15618068741348644', b'1', '222.247.47.215', '2019-07-04 21:17:09');
INSERT INTO `T_Helpful` VALUES ('15622472129999568', '15622104543927868', b'1', '222.247.47.215', '2019-07-04 21:33:32');
INSERT INTO `T_Helpful` VALUES ('15622477274389962', '15618071834851503', b'1', '222.247.47.215', '2019-07-04 21:42:07');
INSERT INTO `T_Helpful` VALUES ('15622478888674598', '15620722664684384', b'1', '222.247.47.215', '2019-07-04 21:44:48');
INSERT INTO `T_Helpful` VALUES ('15622874564221425', '15622087544774520', b'1', '222.247.47.215', '2019-07-05 08:44:16');
INSERT INTO `T_Helpful` VALUES ('15622875153833954', '15618098505908995', b'1', '222.247.47.215', '2019-07-05 08:45:15');
INSERT INTO `T_Helpful` VALUES ('15622914394558026', '15615616183587145', b'1', '222.247.47.215', '2019-07-05 09:50:39');
INSERT INTO `T_Helpful` VALUES ('15622998767371729', '15620677017809447', b'1', '222.247.47.215', '2019-07-05 12:11:16');

-- ----------------------------
-- Table structure for T_Lang
-- ----------------------------
DROP TABLE IF EXISTS `T_Lang`;
CREATE TABLE `T_Lang`  (
  `LangId` int(11) UNSIGNED NOT NULL AUTO_INCREMENT,
  `Name` varchar(255) CHARACTER SET utf8 COLLATE utf8_general_ci NOT NULL COMMENT '语言名称',
  `Value` varchar(255) CHARACTER SET utf8 COLLATE utf8_general_ci NOT NULL COMMENT '语言代号',
  `Description` varchar(255) CHARACTER SET utf8 COLLATE utf8_general_ci NOT NULL COMMENT '描述',
  PRIMARY KEY (`LangId`) USING BTREE
) ENGINE = InnoDB AUTO_INCREMENT = 14 CHARACTER SET = utf8 COLLATE = utf8_general_ci ROW_FORMAT = Compact;

-- ----------------------------
-- Records of T_Lang
-- ----------------------------
INSERT INTO `T_Lang` VALUES (1, '简体中文', 'zh-CN', '简体中文');
INSERT INTO `T_Lang` VALUES (2, '繁体中文', 'zh-TW', '繁体中文');
INSERT INTO `T_Lang` VALUES (3, 'Tiếng Việt', 'vi-VN', '越语');
INSERT INTO `T_Lang` VALUES (4, 'Türkçe', 'tr-TR', '土耳其语');
INSERT INTO `T_Lang` VALUES (5, 'ไทย', 'th-TH', '泰语');
INSERT INTO `T_Lang` VALUES (6, 'Русский', 'ru-RU', '俄语');
INSERT INTO `T_Lang` VALUES (7, 'Português', 'pt-PT', '葡萄牙语');
INSERT INTO `T_Lang` VALUES (8, '한국어', 'ko', '韩语');
INSERT INTO `T_Lang` VALUES (9, '日本語', 'ja-JP', '日语');
INSERT INTO `T_Lang` VALUES (10, 'Français', 'fr', '法语');
INSERT INTO `T_Lang` VALUES (11, 'Español', 'es', '西班牙语');
INSERT INTO `T_Lang` VALUES (12, 'English (US)', 'en-US', '英语(美国)');
INSERT INTO `T_Lang` VALUES (13, 'Deutsch', 'de', '德语');

-- ----------------------------
-- Table structure for T_Resource
-- ----------------------------
DROP TABLE IF EXISTS `T_Resource`;
CREATE TABLE `T_Resource`  (
  `ResourceId` varchar(50) CHARACTER SET utf8 COLLATE utf8_general_ci NOT NULL,
  `Value` varchar(255) CHARACTER SET utf8 COLLATE utf8_general_ci NOT NULL COMMENT '资源值',
  `TypeId` int(11) UNSIGNED NOT NULL COMMENT '类型id\r\n[100000,199999]',
  `ContentType` varchar(255) CHARACTER SET utf8 COLLATE utf8_general_ci NOT NULL COMMENT 'content-type',
  `CreateTime` datetime(0) NULL DEFAULT NULL COMMENT '上传时间',
  PRIMARY KEY (`ResourceId`) USING BTREE
) ENGINE = InnoDB CHARACTER SET = utf8 COLLATE = utf8_general_ci ROW_FORMAT = Compact;

-- ----------------------------
-- Records of T_Resource
-- ----------------------------
INSERT INTO `T_Resource` VALUES ('1000011561791505510-1640', 'b2760205-aee3-447f-8b03-137c59967cac.jpg', 100001, 'image/jpeg', '2019-06-29 14:58:25');
INSERT INTO `T_Resource` VALUES ('1000011561791646343-4122', '5e53299f-6e62-4690-bdd1-851beaa7bb54.jpg', 100001, 'image/jpeg', '2019-06-29 15:00:46');
INSERT INTO `T_Resource` VALUES ('1000011561791820766-4207', 'c05f6700-7e76-4ddc-b93f-6f0f457b52fd.jpg', 100001, 'image/jpeg', '2019-06-29 15:03:40');
INSERT INTO `T_Resource` VALUES ('1000011561791869642-3670', 'baf3183f-f7d8-488a-af68-a21b8496642a.jpg', 100001, 'image/jpeg', '2019-06-29 15:04:29');
INSERT INTO `T_Resource` VALUES ('1000011561792069069-6252', '574c2f92-c5cd-475a-97d7-141750b34807.jpg', 100001, 'image/jpeg', '2019-06-29 15:07:49');
INSERT INTO `T_Resource` VALUES ('1000011561792096885-8209', 'b161c3df-41b0-40bc-b7d5-09604e3572b3.jpg', 100001, 'image/jpeg', '2019-06-29 15:08:16');
INSERT INTO `T_Resource` VALUES ('1000011561792355501-3303', 'c01f2873-32db-4291-8cd3-d23e0ce408a2.jpg', 100001, 'image/jpeg', '2019-06-29 15:12:35');
INSERT INTO `T_Resource` VALUES ('1000011561792448340-8310', 'a8974c14-cb69-45ee-92c1-72f291f05d2c.jpg', 100001, 'image/jpeg', '2019-06-29 15:14:08');
INSERT INTO `T_Resource` VALUES ('1000011561792598602-2257', '65ed59a6-d6b1-41ed-9093-af1a66fefb1c.jpg', 100001, 'image/jpeg', '2019-06-29 15:16:38');
INSERT INTO `T_Resource` VALUES ('1000011561792928080-5428', 'a0b28123-066a-4cfc-9d81-9ff13922b8cc.gif', 100001, 'image/gif', '2019-06-29 15:22:08');
INSERT INTO `T_Resource` VALUES ('1000011562032294099-8287', 'c466b4bb-dbbb-4f94-9cb4-3abd0729b879.png', 100001, 'image/png', '2019-07-02 09:51:34');
INSERT INTO `T_Resource` VALUES ('1000011562219966635-7729', '7bfac143-1be7-4842-8e18-df8f6c2d2283.jpg', 100001, 'image/jpeg', '2019-07-04 13:59:26');
INSERT INTO `T_Resource` VALUES ('1000011562220143084-8208', '09fb7507-8d16-4edc-b761-ce5b9af6ba66.jpg', 100001, 'image/jpeg', '2019-07-04 14:02:23');
INSERT INTO `T_Resource` VALUES ('1000011562220373863-1084', '908ed5db-3c70-4e69-9563-390b8f8d488b.jpg', 100001, 'image/jpeg', '2019-07-04 14:06:13');
INSERT INTO `T_Resource` VALUES ('1000011562220846503-9180', '3a805b77-f3b5-47cf-9674-e54e86d4e3d4.jpg', 100001, 'image/jpeg', '2019-07-04 14:14:06');
INSERT INTO `T_Resource` VALUES ('1000021561964676651-3932', 'b5bb6035-978e-44e9-a287-ef505d80fbd7.mp4', 100002, 'video/mp4', '2019-07-01 15:04:36');
INSERT INTO `T_Resource` VALUES ('1000021561965534513-5508', '1fa39d5e-b68b-47cd-accd-1961d8ddecf2.mp4', 100002, 'video/mp4', '2019-07-01 15:18:54');

-- ----------------------------
-- Table structure for T_Ticket
-- ----------------------------
DROP TABLE IF EXISTS `T_Ticket`;
CREATE TABLE `T_Ticket`  (
  `TicketId` varchar(50) CHARACTER SET utf8 COLLATE utf8_general_ci NOT NULL,
  `TypeId` int(11) UNSIGNED NOT NULL COMMENT '工单类型id\r\n[600001,699999][400002]',
  `Email` varchar(255) CHARACTER SET utf8 COLLATE utf8_general_ci NULL DEFAULT NULL COMMENT '电子邮箱',
  `UserId` varchar(50) CHARACTER SET utf8 COLLATE utf8_general_ci NULL DEFAULT NULL COMMENT '用户Id',
  `StatusId` int(11) UNSIGNED NOT NULL DEFAULT 700001 COMMENT '工单状态id(T_Type)',
  `ActiveTime` datetime(0) NOT NULL COMMENT '最后活动时间',
  `CreateTime` datetime(0) NOT NULL COMMENT '工单提交时间',
  PRIMARY KEY (`TicketId`) USING BTREE,
  INDEX `TypeId`(`TypeId`) USING BTREE,
  INDEX `StatusId`(`StatusId`) USING BTREE,
  INDEX `UserId`(`UserId`) USING BTREE,
  CONSTRAINT `T_Ticket_ibfk_1` FOREIGN KEY (`TypeId`) REFERENCES `T_Type` (`TypeId`) ON DELETE RESTRICT ON UPDATE RESTRICT,
  CONSTRAINT `T_Ticket_ibfk_2` FOREIGN KEY (`StatusId`) REFERENCES `T_Type` (`TypeId`) ON DELETE RESTRICT ON UPDATE RESTRICT,
  CONSTRAINT `T_Ticket_ibfk_3` FOREIGN KEY (`UserId`) REFERENCES `T_User` (`UserId`) ON DELETE RESTRICT ON UPDATE RESTRICT
) ENGINE = InnoDB CHARACTER SET = utf8 COLLATE = utf8_general_ci ROW_FORMAT = Compact;

-- ----------------------------
-- Records of T_Ticket
-- ----------------------------
INSERT INTO `T_Ticket` VALUES ('15621305441569211', 400002, '123456@qq.com', NULL, 700002, '2019-07-03 13:22:56', '2019-07-03 13:09:04');
INSERT INTO `T_Ticket` VALUES ('15621555941573425', 400002, NULL, '1561806305762', 700001, '2019-07-03 20:07:53', '2019-07-03 20:06:34');
INSERT INTO `T_Ticket` VALUES ('15622279791295768', 400002, '123456@qq.com', NULL, 700001, '2019-07-04 16:12:59', '2019-07-04 16:12:59');
INSERT INTO `T_Ticket` VALUES ('15622281054141441', 400002, 'wsx@qq.com', NULL, 700001, '2019-07-04 16:15:05', '2019-07-04 16:15:05');
INSERT INTO `T_Ticket` VALUES ('15622281844013166', 400002, 'hh@qq.com', NULL, 700001, '2019-07-04 16:16:24', '2019-07-04 16:16:24');
INSERT INTO `T_Ticket` VALUES ('15622329768065976', 600001, 'wsx@qq.com', NULL, 700001, '2019-07-04 17:36:16', '2019-07-04 17:36:16');
INSERT INTO `T_Ticket` VALUES ('15622392052849791', 400002, NULL, '1562120388010', 700001, '2019-07-04 19:20:05', '2019-07-04 19:20:05');
INSERT INTO `T_Ticket` VALUES ('15622403790343378', 600001, 'wsx@qq.com', NULL, 700003, '2019-07-05 02:21:09', '2019-07-04 19:39:39');
INSERT INTO `T_Ticket` VALUES ('15622408538978311', 600011, NULL, '1562120388010', 700003, '2019-07-04 19:47:33', '2019-07-04 19:47:33');
INSERT INTO `T_Ticket` VALUES ('15622958059669097', 600015, NULL, '1562120388010', 700001, '2019-07-05 11:03:26', '2019-07-05 11:03:25');
INSERT INTO `T_Ticket` VALUES ('15622988882355940', 600005, '123456@qq.com', NULL, 700001, '2019-07-05 11:54:48', '2019-07-05 11:54:48');

-- ----------------------------
-- Table structure for T_TicketChat
-- ----------------------------
DROP TABLE IF EXISTS `T_TicketChat`;
CREATE TABLE `T_TicketChat`  (
  `TicketChatId` varchar(50) CHARACTER SET utf8 COLLATE utf8_general_ci NOT NULL,
  `TicketId` varchar(50) CHARACTER SET utf8 COLLATE utf8_general_ci NOT NULL COMMENT '工单Id',
  `Content` text CHARACTER SET utf8 COLLATE utf8_general_ci NOT NULL COMMENT '内容',
  `UserId` varchar(50) CHARACTER SET utf8 COLLATE utf8_general_ci NULL DEFAULT NULL COMMENT '回复者Id',
  `Annex` varchar(50) CHARACTER SET utf8 COLLATE utf8_general_ci NULL DEFAULT NULL COMMENT '附件资源id',
  `CreateTime` datetime(0) NOT NULL COMMENT '回复时间',
  PRIMARY KEY (`TicketChatId`) USING BTREE,
  INDEX `TicketId`(`TicketId`) USING BTREE,
  INDEX `UserId`(`UserId`) USING BTREE,
  INDEX `Annex`(`Annex`) USING BTREE,
  CONSTRAINT `T_TicketChat_ibfk_1` FOREIGN KEY (`TicketId`) REFERENCES `T_Ticket` (`TicketId`) ON DELETE RESTRICT ON UPDATE RESTRICT,
  CONSTRAINT `T_TicketChat_ibfk_2` FOREIGN KEY (`UserId`) REFERENCES `T_User` (`UserId`) ON DELETE RESTRICT ON UPDATE RESTRICT,
  CONSTRAINT `T_TicketChat_ibfk_3` FOREIGN KEY (`Annex`) REFERENCES `T_Resource` (`ResourceId`) ON DELETE RESTRICT ON UPDATE RESTRICT
) ENGINE = InnoDB CHARACTER SET = utf8 COLLATE = utf8_general_ci ROW_FORMAT = Compact;

-- ----------------------------
-- Records of T_TicketChat
-- ----------------------------
INSERT INTO `T_TicketChat` VALUES ('15621305455072042', '15621305441569211', '回复', NULL, NULL, '2019-07-03 13:09:05');
INSERT INTO `T_TicketChat` VALUES ('15621306859858672', '15621305441569211', '回复22', '1561806305762', NULL, '2019-07-03 13:11:25');
INSERT INTO `T_TicketChat` VALUES ('15621308447115006', '15621305441569211', '回复232', '1561806305762', NULL, '2019-07-03 13:14:08');
INSERT INTO `T_TicketChat` VALUES ('15621309456808775', '15621305441569211', '回复2372', '1561806305762', NULL, '2019-07-03 13:15:47');
INSERT INTO `T_TicketChat` VALUES ('15621310758176187', '15621305441569211', '回复2372', '1561806305762', NULL, '2019-07-03 13:17:56');
INSERT INTO `T_TicketChat` VALUES ('15621311526921664', '15621305441569211', '回复2372', '1561806305762', NULL, '2019-07-03 13:19:15');
INSERT INTO `T_TicketChat` VALUES ('15621313728399421', '15621305441569211', '回复2372', '1561806305762', NULL, '2019-07-03 13:22:52');
INSERT INTO `T_TicketChat` VALUES ('15621555948136026', '15621555941573425', '授权工单', '1561806305762', NULL, '2019-07-03 20:06:34');
INSERT INTO `T_TicketChat` VALUES ('15621556733337505', '15621555941573425', '授权工单-回复', '1561806305762', NULL, '2019-07-03 20:07:53');
INSERT INTO `T_TicketChat` VALUES ('15622279792439760', '15622279791295768', '2123123', NULL, NULL, '2019-07-04 16:12:59');
INSERT INTO `T_TicketChat` VALUES ('15622281054209230', '15622281054141441', 'hhh', NULL, NULL, '2019-07-04 16:15:05');
INSERT INTO `T_TicketChat` VALUES ('15622281844052359', '15622281844013166', 'gggg', NULL, NULL, '2019-07-04 16:16:24');
INSERT INTO `T_TicketChat` VALUES ('15622329768105169', '15622329768065976', 'hhhh', NULL, NULL, '2019-07-04 17:36:16');
INSERT INTO `T_TicketChat` VALUES ('15622392053432383', '15622392052849791', 'hhhh', '1562120388010', NULL, '2019-07-04 19:20:05');
INSERT INTO `T_TicketChat` VALUES ('15622403791453476', '15622403790343378', 'guhj', NULL, NULL, '2019-07-04 19:39:39');
INSERT INTO `T_TicketChat` VALUES ('15622408539457623', '15622408538978311', 'kkkk', '1562120388010', NULL, '2019-07-04 19:47:33');
INSERT INTO `T_TicketChat` VALUES ('15622958061151524', '15622958059669097', 'wegdfc', '1562120388010', NULL, '2019-07-05 11:03:26');
INSERT INTO `T_TicketChat` VALUES ('15622988883451739', '15622988882355940', '324324', NULL, NULL, '2019-07-05 11:54:48');

-- ----------------------------
-- Table structure for T_Type
-- ----------------------------
DROP TABLE IF EXISTS `T_Type`;
CREATE TABLE `T_Type`  (
  `TypeId` int(11) UNSIGNED NOT NULL,
  `Name` varchar(50) CHARACTER SET utf8 COLLATE utf8_general_ci NOT NULL COMMENT '类型名称',
  `Description` varchar(255) CHARACTER SET utf8 COLLATE utf8_general_ci NULL DEFAULT NULL COMMENT '类型描述',
  `ParentId` int(11) UNSIGNED NULL DEFAULT NULL COMMENT '父级TypeId',
  `LangId` int(11) UNSIGNED NULL DEFAULT NULL COMMENT '语言id',
  PRIMARY KEY (`TypeId`) USING BTREE,
  INDEX `ParentId`(`ParentId`) USING BTREE,
  INDEX `LangId`(`LangId`) USING BTREE,
  CONSTRAINT `T_Type_ibfk_1` FOREIGN KEY (`ParentId`) REFERENCES `T_Type` (`TypeId`) ON DELETE RESTRICT ON UPDATE RESTRICT,
  CONSTRAINT `T_Type_ibfk_2` FOREIGN KEY (`LangId`) REFERENCES `T_Lang` (`LangId`) ON DELETE RESTRICT ON UPDATE RESTRICT
) ENGINE = InnoDB CHARACTER SET = utf8 COLLATE = utf8_general_ci ROW_FORMAT = Compact;

-- ----------------------------
-- Records of T_Type
-- ----------------------------
INSERT INTO `T_Type` VALUES (100001, 'Images', '图像', NULL, NULL);
INSERT INTO `T_Type` VALUES (100002, 'Videos', '视频', NULL, NULL);
INSERT INTO `T_Type` VALUES (100003, 'Audios', '音频', NULL, NULL);
INSERT INTO `T_Type` VALUES (100004, 'Others', NULL, NULL, NULL);
INSERT INTO `T_Type` VALUES (200001, 'Huobi Global公告', NULL, NULL, 1);
INSERT INTO `T_Type` VALUES (200002, '新手帮助', NULL, NULL, 1);
INSERT INTO `T_Type` VALUES (200003, '法币交易', NULL, NULL, 1);
INSERT INTO `T_Type` VALUES (200004, '法币交易（英文）', NULL, NULL, 1);
INSERT INTO `T_Type` VALUES (200005, '火币合约交易', NULL, NULL, 1);
INSERT INTO `T_Type` VALUES (200006, '平台协议', NULL, NULL, 1);
INSERT INTO `T_Type` VALUES (200007, '区域块链学堂', NULL, NULL, 1);
INSERT INTO `T_Type` VALUES (200008, '火币公链', NULL, NULL, 1);
INSERT INTO `T_Type` VALUES (200009, 'Huobi Global公告', NULL, NULL, 2);
INSERT INTO `T_Type` VALUES (200010, 'FAQ', NULL, NULL, 2);
INSERT INTO `T_Type` VALUES (200011, '法幣交易', NULL, NULL, 2);
INSERT INTO `T_Type` VALUES (200012, '法幣交易', NULL, NULL, 2);
INSERT INTO `T_Type` VALUES (200013, '火幣合約交易', NULL, NULL, 2);
INSERT INTO `T_Type` VALUES (200014, '平台協議', NULL, NULL, 2);
INSERT INTO `T_Type` VALUES (200015, 'HADAX 公告中心', NULL, NULL, 2);
INSERT INTO `T_Type` VALUES (200016, 'Thông báo của Huobi Global', NULL, NULL, 3);
INSERT INTO `T_Type` VALUES (200017, 'Các vấn đề thường gặp ', NULL, NULL, 3);
INSERT INTO `T_Type` VALUES (200018, 'OTC', NULL, NULL, 3);
INSERT INTO `T_Type` VALUES (200019, 'Nền tảng giao dịch OTC', NULL, NULL, 3);
INSERT INTO `T_Type` VALUES (200020, 'Huobi Contract Transaction', NULL, NULL, 3);
INSERT INTO `T_Type` VALUES (200021, 'Thoả thuận của sàn giao dịch', NULL, NULL, 3);
INSERT INTO `T_Type` VALUES (200022, 'Trung tâm thông báo HADAX', NULL, NULL, 3);
INSERT INTO `T_Type` VALUES (200023, 'Huobi Chain', NULL, NULL, 3);
INSERT INTO `T_Type` VALUES (200024, 'Turkish', NULL, NULL, 4);
INSERT INTO `T_Type` VALUES (200025, 'FAQ', NULL, NULL, 4);
INSERT INTO `T_Type` VALUES (200026, 'OTC', NULL, NULL, 4);
INSERT INTO `T_Type` VALUES (200027, 'OTC', NULL, NULL, 4);
INSERT INTO `T_Type` VALUES (200028, 'Huobi Contract Transaction', NULL, NULL, 4);
INSERT INTO `T_Type` VALUES (200029, 'Platform Contract', NULL, NULL, 4);
INSERT INTO `T_Type` VALUES (200030, 'ประกาศ HUOBI Global', NULL, NULL, 5);
INSERT INTO `T_Type` VALUES (200031, 'ปัญหาที่พบบ่อย', NULL, NULL, 5);
INSERT INTO `T_Type` VALUES (200032, 'Huobi Contract Transaction', NULL, NULL, 5);
INSERT INTO `T_Type` VALUES (200033, 'Platform Contract', NULL, NULL, 5);
INSERT INTO `T_Type` VALUES (200034, 'ОБЪЯВЛЕНИЯ - HUOBI.Global', NULL, NULL, 6);
INSERT INTO `T_Type` VALUES (200035, 'Частые Вопросы', NULL, NULL, 6);
INSERT INTO `T_Type` VALUES (200036, 'OTC', NULL, NULL, 6);
INSERT INTO `T_Type` VALUES (200037, 'Huobi Contract Transaction', NULL, NULL, 6);
INSERT INTO `T_Type` VALUES (200038, 'Правила Платформы ', NULL, NULL, 6);
INSERT INTO `T_Type` VALUES (200039, 'ОБЪЯВЛЕНИЯ - HADAX ', NULL, NULL, 6);
INSERT INTO `T_Type` VALUES (200040, 'Anúncio Huobi Global', NULL, NULL, 7);
INSERT INTO `T_Type` VALUES (200041, 'Perguntas Frequentes ', NULL, NULL, 7);
INSERT INTO `T_Type` VALUES (200042, 'OTC', NULL, NULL, 7);
INSERT INTO `T_Type` VALUES (200043, 'Huobi Contract Transaction', NULL, NULL, 7);
INSERT INTO `T_Type` VALUES (200044, 'Acordo da Plataforma', NULL, NULL, 7);
INSERT INTO `T_Type` VALUES (200045, 'Huobi.Global 공지사항', NULL, NULL, 8);
INSERT INTO `T_Type` VALUES (200046, 'FAQ(한국어)', NULL, NULL, 8);
INSERT INTO `T_Type` VALUES (200047, 'Huobi Contract Transaction', NULL, NULL, 8);
INSERT INTO `T_Type` VALUES (200048, '플랫폼 약관', NULL, NULL, 8);
INSERT INTO `T_Type` VALUES (200049, 'HADAX 공지사항', NULL, NULL, 8);
INSERT INTO `T_Type` VALUES (200050, 'Huobi Global のお知らせ', NULL, NULL, 9);
INSERT INTO `T_Type` VALUES (200051, 'FAQ', NULL, NULL, 9);
INSERT INTO `T_Type` VALUES (200052, 'Huobi Contract Transaction', NULL, NULL, 9);
INSERT INTO `T_Type` VALUES (200053, 'Annonces Huobi Global', NULL, NULL, 10);
INSERT INTO `T_Type` VALUES (200054, 'Questions fréquemment posées', NULL, NULL, 10);
INSERT INTO `T_Type` VALUES (200055, 'Huobi Contract Transaction', NULL, NULL, 10);
INSERT INTO `T_Type` VALUES (200056, 'Platform Contract', NULL, NULL, 10);
INSERT INTO `T_Type` VALUES (200057, 'Chaîne Huobi', NULL, NULL, 10);
INSERT INTO `T_Type` VALUES (200058, 'Anuncio de Huobi.Global', NULL, NULL, 11);
INSERT INTO `T_Type` VALUES (200059, 'PREGUNTAS FRECUENTES', NULL, NULL, 11);
INSERT INTO `T_Type` VALUES (200060, 'Huobi Contract Transaction', NULL, NULL, 11);
INSERT INTO `T_Type` VALUES (200061, 'Acuerdo de Plataforma', NULL, NULL, 11);
INSERT INTO `T_Type` VALUES (200062, 'Huobi Global Announcements', NULL, NULL, 12);
INSERT INTO `T_Type` VALUES (200063, 'FAQ', NULL, NULL, 12);
INSERT INTO `T_Type` VALUES (200064, 'FAQ（OTC）', NULL, NULL, 12);
INSERT INTO `T_Type` VALUES (200065, 'OTC', NULL, NULL, 12);
INSERT INTO `T_Type` VALUES (200066, 'Huobi Contract Transaction', NULL, NULL, 12);
INSERT INTO `T_Type` VALUES (200067, 'Platform Contract', NULL, NULL, 12);
INSERT INTO `T_Type` VALUES (200068, 'Huobi Chain', NULL, NULL, 12);
INSERT INTO `T_Type` VALUES (200069, 'Private', NULL, NULL, 12);
INSERT INTO `T_Type` VALUES (200070, 'Bekanntmachungen von Huobi Pro', NULL, NULL, 13);
INSERT INTO `T_Type` VALUES (200071, 'FAQ', NULL, NULL, 13);
INSERT INTO `T_Type` VALUES (200072, 'Huobi Contract Transaction', NULL, NULL, 13);
INSERT INTO `T_Type` VALUES (200073, 'Platform Contract', NULL, NULL, 13);
INSERT INTO `T_Type` VALUES (200074, 'Bekanntmachungen auf HADAX', NULL, NULL, 13);
INSERT INTO `T_Type` VALUES (300001, '重要公告', NULL, 200001, 1);
INSERT INTO `T_Type` VALUES (300002, '活动公告', NULL, 200001, 1);
INSERT INTO `T_Type` VALUES (300003, '新币上线', NULL, 200001, 1);
INSERT INTO `T_Type` VALUES (300004, 'HT公告', NULL, 200001, 1);
INSERT INTO `T_Type` VALUES (300005, '安全专栏', NULL, 200001, 1);
INSERT INTO `T_Type` VALUES (300006, 'API 公告', NULL, 200001, 1);
INSERT INTO `T_Type` VALUES (300007, '其他公告', NULL, 200001, 1);
INSERT INTO `T_Type` VALUES (300008, '币币交易', NULL, 200002, 1);
INSERT INTO `T_Type` VALUES (300009, '充币提币', NULL, 200002, 1);
INSERT INTO `T_Type` VALUES (300010, '客户端下载', NULL, 200002, 1);
INSERT INTO `T_Type` VALUES (300011, 'HADAX投票上币', NULL, 200002, 1);
INSERT INTO `T_Type` VALUES (300012, '火币主力指数相关', NULL, 200002, 1);
INSERT INTO `T_Type` VALUES (300013, '安全', NULL, 200002, 1);
INSERT INTO `T_Type` VALUES (300014, 'Others', NULL, 200002, 1);
INSERT INTO `T_Type` VALUES (300015, '账户访问', NULL, 200002, 1);
INSERT INTO `T_Type` VALUES (300016, '火币全球通用积分', NULL, 200002, 1);
INSERT INTO `T_Type` VALUES (300017, '公告', NULL, 200003, 1);
INSERT INTO `T_Type` VALUES (300018, '新手帮助', NULL, 200003, 1);
INSERT INTO `T_Type` VALUES (300019, '交易问题', NULL, 200003, 1);
INSERT INTO `T_Type` VALUES (300020, '申诉问题', NULL, 200003, 1);
INSERT INTO `T_Type` VALUES (300021, '账户问题', NULL, 200003, 1);
INSERT INTO `T_Type` VALUES (300022, '广告方问题', NULL, 200003, 1);
INSERT INTO `T_Type` VALUES (300023, '广告问题', NULL, 200003, 1);
INSERT INTO `T_Type` VALUES (300024, '充币/提币/划转问题', NULL, 200003, 1);
INSERT INTO `T_Type` VALUES (300025, '费率说明', NULL, 200003, 1);
INSERT INTO `T_Type` VALUES (300026, '费率说明', NULL, 200004, 1);
INSERT INTO `T_Type` VALUES (300027, '合约指引', NULL, 200005, 1);
INSERT INTO `T_Type` VALUES (300028, '条款说明', NULL, 200005, 1);
INSERT INTO `T_Type` VALUES (300029, '重要公告', NULL, 200005, 1);
INSERT INTO `T_Type` VALUES (300030, 'API公告', NULL, 200005, 1);
INSERT INTO `T_Type` VALUES (300031, '常见问题', NULL, 200005, 1);
INSERT INTO `T_Type` VALUES (300032, '其他公告', NULL, 200005, 1);
INSERT INTO `T_Type` VALUES (300033, '合约课堂', NULL, 200005, 1);
INSERT INTO `T_Type` VALUES (300034, '协议列表', NULL, 200006, 1);
INSERT INTO `T_Type` VALUES (300035, '交易所上线项目月度跟踪报告', NULL, 200007, 1);
INSERT INTO `T_Type` VALUES (300036, 'EOS介绍视频', NULL, 200007, 1);
INSERT INTO `T_Type` VALUES (300037, '区块链100问', NULL, 200007, 1);
INSERT INTO `T_Type` VALUES (300038, '火币公链领袖征选', NULL, 200008, 1);
INSERT INTO `T_Type` VALUES (300039, '重要公告', NULL, 200009, 2);
INSERT INTO `T_Type` VALUES (300040, '活动公告', NULL, 200009, 2);
INSERT INTO `T_Type` VALUES (300041, '新幣上線', NULL, 200009, 2);
INSERT INTO `T_Type` VALUES (300042, 'HT公告', NULL, 200009, 2);
INSERT INTO `T_Type` VALUES (300043, '其他公告', NULL, 200009, 2);
INSERT INTO `T_Type` VALUES (300044, '新手導引', NULL, 200010, 2);
INSERT INTO `T_Type` VALUES (300045, '幣幣交易', NULL, 200010, 2);
INSERT INTO `T_Type` VALUES (300046, '帳戶访问', NULL, 200010, 2);
INSERT INTO `T_Type` VALUES (300047, '公告', NULL, 200011, 2);
INSERT INTO `T_Type` VALUES (300048, '公告', NULL, 200012, 2);
INSERT INTO `T_Type` VALUES (300049, '合約指引', NULL, 200013, 2);
INSERT INTO `T_Type` VALUES (300050, '條款說明', NULL, 200013, 2);
INSERT INTO `T_Type` VALUES (300051, '重要公告', NULL, 200013, 2);
INSERT INTO `T_Type` VALUES (300052, 'API公告', NULL, 200013, 2);
INSERT INTO `T_Type` VALUES (300053, '常見問題', NULL, 200013, 2);
INSERT INTO `T_Type` VALUES (300054, '其他公告', NULL, 200013, 2);
INSERT INTO `T_Type` VALUES (300055, '合約課堂', NULL, 200013, 2);
INSERT INTO `T_Type` VALUES (300056, '協議列表', NULL, 200014, 2);
INSERT INTO `T_Type` VALUES (300057, '其他公告', NULL, 200015, 2);
INSERT INTO `T_Type` VALUES (300058, 'Thông báo quan trọng', NULL, 200016, 3);
INSERT INTO `T_Type` VALUES (300059, 'Thông báo hoạt động', NULL, 200016, 3);
INSERT INTO `T_Type` VALUES (300060, 'Các loại tiền mới lên sàn', NULL, 200016, 3);
INSERT INTO `T_Type` VALUES (300061, 'Thông báo HT', NULL, 200016, 3);
INSERT INTO `T_Type` VALUES (300062, 'API', NULL, 200016, 3);
INSERT INTO `T_Type` VALUES (300063, 'Thông báo khác', NULL, 200016, 3);
INSERT INTO `T_Type` VALUES (300064, 'Hướng dẫn cho người mới', NULL, 200017, 3);
INSERT INTO `T_Type` VALUES (300065, 'Giao dịch tiền tệ', NULL, 200017, 3);
INSERT INTO `T_Type` VALUES (300066, 'Nạp và Rút tiền', NULL, 200017, 3);
INSERT INTO `T_Type` VALUES (300067, 'Tải về App', NULL, 200017, 3);
INSERT INTO `T_Type` VALUES (300068, 'Chỉ số chính Huobi liên quan', NULL, 200017, 3);
INSERT INTO `T_Type` VALUES (300069, 'Khác', NULL, 200017, 3);
INSERT INTO `T_Type` VALUES (300070, 'Tài khoản', NULL, 200017, 3);
INSERT INTO `T_Type` VALUES (300071, 'Huobi Token', NULL, 200017, 3);
INSERT INTO `T_Type` VALUES (300072, 'THÔNG BÁO', NULL, 200018, 3);
INSERT INTO `T_Type` VALUES (300073, 'HƯỚNG DẪN NGƯỜI MỚI', NULL, 200018, 3);
INSERT INTO `T_Type` VALUES (300074, 'Thông báo', NULL, 200019, 3);
INSERT INTO `T_Type` VALUES (300075, 'HƯỚNG DẪN NGƯỜI MỚI', NULL, 200019, 3);
INSERT INTO `T_Type` VALUES (300076, 'GIAO DỊCH', NULL, 200019, 3);
INSERT INTO `T_Type` VALUES (300077, 'KHIẾU NẠI', NULL, 200019, 3);
INSERT INTO `T_Type` VALUES (300078, 'QUẢNG CÁO', NULL, 200019, 3);
INSERT INTO `T_Type` VALUES (300079, 'Đại lý đã xác minh', NULL, 200019, 3);
INSERT INTO `T_Type` VALUES (300080, 'XÁC MINH ID', NULL, 200019, 3);
INSERT INTO `T_Type` VALUES (300081, 'NẠP/RÚT/CHUYỂN TIỀN', NULL, 200019, 3);
INSERT INTO `T_Type` VALUES (300082, 'Các khoản phí', NULL, 200019, 3);
INSERT INTO `T_Type` VALUES (300083, 'Hướng dẫn', NULL, 200020, 3);
INSERT INTO `T_Type` VALUES (300084, 'Tuyên bố chính sách', NULL, 200020, 3);
INSERT INTO `T_Type` VALUES (300085, 'Thông báo quan trọng', NULL, 200020, 3);
INSERT INTO `T_Type` VALUES (300086, 'Câu hỏi thường gặp', NULL, 200020, 3);
INSERT INTO `T_Type` VALUES (300087, 'Thông báo', NULL, 200020, 3);
INSERT INTO `T_Type` VALUES (300088, 'Danh sách thoả thuận', NULL, 200021, 3);
INSERT INTO `T_Type` VALUES (300089, 'Thông báo quan trọng', NULL, 200022, 3);
INSERT INTO `T_Type` VALUES (300090, 'Các loại tiền mới lên sàn', NULL, 200022, 3);
INSERT INTO `T_Type` VALUES (300091, 'Thông báo hoạt động', NULL, 200022, 3);
INSERT INTO `T_Type` VALUES (300092, 'Thông báo khác', NULL, 200022, 3);
INSERT INTO `T_Type` VALUES (300093, 'huobi', NULL, 200023, 3);
INSERT INTO `T_Type` VALUES (300094, 'Önemli duyuru', NULL, 200024, 4);
INSERT INTO `T_Type` VALUES (300095, 'Turkish', NULL, 200024, 4);
INSERT INTO `T_Type` VALUES (300096, 'Etkinlik anonsu', NULL, 200024, 4);
INSERT INTO `T_Type` VALUES (300097, 'HT Announcements', NULL, 200024, 4);
INSERT INTO `T_Type` VALUES (300098, 'Diğer duyurular', NULL, 200024, 4);
INSERT INTO `T_Type` VALUES (300099, 'İşlem', NULL, 200025, 4);
INSERT INTO `T_Type` VALUES (300100, 'Duyuru', NULL, 200026, 4);
INSERT INTO `T_Type` VALUES (300101, 'Yeni Başlayanlar için Rehber', NULL, 200027, 4);
INSERT INTO `T_Type` VALUES (300102, 'İşlem', NULL, 200027, 4);
INSERT INTO `T_Type` VALUES (300103, 'Şikayet', NULL, 200027, 4);
INSERT INTO `T_Type` VALUES (300104, 'İlan', NULL, 200027, 4);
INSERT INTO `T_Type` VALUES (300105, 'Doğrulanmış Satıcı', NULL, 200027, 4);
INSERT INTO `T_Type` VALUES (300106, 'Kimlik Doğrulaması', NULL, 200027, 4);
INSERT INTO `T_Type` VALUES (300107, 'Para Yatırmak/Çekmek/Transfer Etmek', NULL, 200027, 4);
INSERT INTO `T_Type` VALUES (300108, 'Kılavuzlar', NULL, 200028, 4);
INSERT INTO `T_Type` VALUES (300109, 'Politika Açıklaması', NULL, 200028, 4);
INSERT INTO `T_Type` VALUES (300110, 'Önemli Duyuru', NULL, 200028, 4);
INSERT INTO `T_Type` VALUES (300111, 'SSS', NULL, 200028, 4);
INSERT INTO `T_Type` VALUES (300112, 'Duyuru', NULL, 200028, 4);
INSERT INTO `T_Type` VALUES (300113, 'Contract List', NULL, 200029, 4);
INSERT INTO `T_Type` VALUES (300114, 'HT Announcements', NULL, 200030, 5);
INSERT INTO `T_Type` VALUES (300115, 'ประกาศอื่นๆ', NULL, 200030, 5);
INSERT INTO `T_Type` VALUES (300116, 'ซื้อขายเหรียญ', NULL, 200031, 5);
INSERT INTO `T_Type` VALUES (300117, 'เติมเหรียญเบิกเหรียญ', NULL, 200031, 5);
INSERT INTO `T_Type` VALUES (300118, 'เกี่ยวกับดัชนีตัวเลข HUOBI HB10', NULL, 200031, 5);
INSERT INTO `T_Type` VALUES (300119, 'Huobi Token', NULL, 200031, 5);
INSERT INTO `T_Type` VALUES (300120, 'Guides', NULL, 200032, 5);
INSERT INTO `T_Type` VALUES (300121, 'Policy Statement', NULL, 200032, 5);
INSERT INTO `T_Type` VALUES (300122, 'Important Announcement', NULL, 200032, 5);
INSERT INTO `T_Type` VALUES (300123, 'Contract List', NULL, 200033, 5);
INSERT INTO `T_Type` VALUES (300124, 'Важные Объявления', NULL, 200034, 6);
INSERT INTO `T_Type` VALUES (300125, 'Объявления о акциях', NULL, 200034, 6);
INSERT INTO `T_Type` VALUES (300126, 'Новые Токены', NULL, 200034, 6);
INSERT INTO `T_Type` VALUES (300127, 'Объевления о HT', NULL, 200034, 6);
INSERT INTO `T_Type` VALUES (300128, 'API', NULL, 200034, 6);
INSERT INTO `T_Type` VALUES (300129, 'Другие объявления', NULL, 200034, 6);
INSERT INTO `T_Type` VALUES (300130, 'Руководство для начинающих', NULL, 200035, 6);
INSERT INTO `T_Type` VALUES (300131, 'Торги', NULL, 200035, 6);
INSERT INTO `T_Type` VALUES (300132, 'Пополнение и Вывод', NULL, 200035, 6);
INSERT INTO `T_Type` VALUES (300133, 'Загрузка Приложения', NULL, 200035, 6);
INSERT INTO `T_Type` VALUES (300134, 'Основной Индекс Huobi', NULL, 200035, 6);
INSERT INTO `T_Type` VALUES (300135, 'Мой Аккаунт', NULL, 200035, 6);
INSERT INTO `T_Type` VALUES (300136, 'Huobi Token', NULL, 200035, 6);
INSERT INTO `T_Type` VALUES (300137, 'Annoucement', NULL, 200036, 6);
INSERT INTO `T_Type` VALUES (300138, 'Руководство Для Начинающих', NULL, 200036, 6);
INSERT INTO `T_Type` VALUES (300139, 'Транзакция', NULL, 200036, 6);
INSERT INTO `T_Type` VALUES (300140, 'Жалоба', NULL, 200036, 6);
INSERT INTO `T_Type` VALUES (300141, 'Объявления', NULL, 200036, 6);
INSERT INTO `T_Type` VALUES (300142, 'Проверенный Продавец', NULL, 200036, 6);
INSERT INTO `T_Type` VALUES (300143, 'Проверка ID', NULL, 200036, 6);
INSERT INTO `T_Type` VALUES (300144, 'Пополнение/Снятие/Перевод', NULL, 200036, 6);
INSERT INTO `T_Type` VALUES (300145, 'Руководство', NULL, 200037, 6);
INSERT INTO `T_Type` VALUES (300146, 'Изложение политики', NULL, 200037, 6);
INSERT INTO `T_Type` VALUES (300147, 'Важное Объявление', NULL, 200037, 6);
INSERT INTO `T_Type` VALUES (300148, 'Часто задаваемые вопросы', NULL, 200037, 6);
INSERT INTO `T_Type` VALUES (300149, 'Объявление', NULL, 200037, 6);
INSERT INTO `T_Type` VALUES (300150, 'Обучение Huobi DM', NULL, 200037, 6);
INSERT INTO `T_Type` VALUES (300151, 'Список протоколов', NULL, 200038, 6);
INSERT INTO `T_Type` VALUES (300152, 'Важные Объявления', NULL, 200039, 6);
INSERT INTO `T_Type` VALUES (300153, 'Новые Токены', NULL, 200039, 6);
INSERT INTO `T_Type` VALUES (300154, 'Свежие Новости', NULL, 200039, 6);
INSERT INTO `T_Type` VALUES (300155, 'Другие объявления', NULL, 200039, 6);
INSERT INTO `T_Type` VALUES (300156, 'Anúncio Importante', NULL, 200040, 7);
INSERT INTO `T_Type` VALUES (300157, 'Anúncios De HT', NULL, 200040, 7);
INSERT INTO `T_Type` VALUES (300158, 'Outros anúncios', NULL, 200040, 7);
INSERT INTO `T_Type` VALUES (300159, 'Exchange', NULL, 200041, 7);
INSERT INTO `T_Type` VALUES (300160, 'Depósito&Levanta', NULL, 200041, 7);
INSERT INTO `T_Type` VALUES (300161, 'Baixar a aplicação', NULL, 200041, 7);
INSERT INTO `T_Type` VALUES (300162, 'Sobre o índice HB10', NULL, 200041, 7);
INSERT INTO `T_Type` VALUES (300163, 'Acesso à conta', NULL, 200041, 7);
INSERT INTO `T_Type` VALUES (300164, 'Huobi Token', NULL, 200041, 7);
INSERT INTO `T_Type` VALUES (300165, 'Announcements', NULL, 200042, 7);
INSERT INTO `T_Type` VALUES (300166, 'Guides', NULL, 200043, 7);
INSERT INTO `T_Type` VALUES (300167, 'Policy Statement', NULL, 200043, 7);
INSERT INTO `T_Type` VALUES (300168, 'Important Announcement', NULL, 200043, 7);
INSERT INTO `T_Type` VALUES (300169, 'Lista do Acordo', NULL, 200044, 7);
INSERT INTO `T_Type` VALUES (300170, '중요 공지사항', NULL, 200045, 8);
INSERT INTO `T_Type` VALUES (300171, '이벤트 공지사항', NULL, 200045, 8);
INSERT INTO `T_Type` VALUES (300172, '신규 코인 상장', NULL, 200045, 8);
INSERT INTO `T_Type` VALUES (300173, 'HT공지', NULL, 200045, 8);
INSERT INTO `T_Type` VALUES (300174, '기타 공지사항', NULL, 200045, 8);
INSERT INTO `T_Type` VALUES (300175, '코인간 거래', NULL, 200046, 8);
INSERT INTO `T_Type` VALUES (300176, '입출금', NULL, 200046, 8);
INSERT INTO `T_Type` VALUES (300177, '클라이언트 다운로드', NULL, 200046, 8);
INSERT INTO `T_Type` VALUES (300178, '계좌 방문', NULL, 200046, 8);
INSERT INTO `T_Type` VALUES (300179, 'HT(Huobi 토큰)', NULL, 200046, 8);
INSERT INTO `T_Type` VALUES (300180, 'Guides', NULL, 200047, 8);
INSERT INTO `T_Type` VALUES (300181, 'Policy Statement', NULL, 200047, 8);
INSERT INTO `T_Type` VALUES (300182, 'Important Announcement', NULL, 200047, 8);
INSERT INTO `T_Type` VALUES (300183, '약관 리스트', NULL, 200048, 8);
INSERT INTO `T_Type` VALUES (300184, '중요 공지사항', NULL, 200049, 8);
INSERT INTO `T_Type` VALUES (300185, '신규 코인 상장', NULL, 200049, 8);
INSERT INTO `T_Type` VALUES (300186, '이벤트 공지사항', NULL, 200049, 8);
INSERT INTO `T_Type` VALUES (300187, '기타 공지사항', NULL, 200049, 8);
INSERT INTO `T_Type` VALUES (300188, 'HT', NULL, 200050, 9);
INSERT INTO `T_Type` VALUES (300189, 'その他', NULL, 200050, 9);
INSERT INTO `T_Type` VALUES (300190, 'お取引', NULL, 200051, 9);
INSERT INTO `T_Type` VALUES (300191, '入／出金', NULL, 200051, 9);
INSERT INTO `T_Type` VALUES (300192, 'クライアントのダウンロード', NULL, 200051, 9);
INSERT INTO `T_Type` VALUES (300193, 'HADAX投票上場', NULL, 200051, 9);
INSERT INTO `T_Type` VALUES (300194, 'Huobiのメイン指数について', NULL, 200051, 9);
INSERT INTO `T_Type` VALUES (300195, 'アカウント', NULL, 200051, 9);
INSERT INTO `T_Type` VALUES (300196, 'HT（Huobiグローバルに通用ポイント）', NULL, 200051, 9);
INSERT INTO `T_Type` VALUES (300197, 'Guides', NULL, 200052, 9);
INSERT INTO `T_Type` VALUES (300198, 'Policy Statement', NULL, 200052, 9);
INSERT INTO `T_Type` VALUES (300199, 'Important Announcement', NULL, 200052, 9);
INSERT INTO `T_Type` VALUES (300200, 'Annonces d\'activité', NULL, 200053, 10);
INSERT INTO `T_Type` VALUES (300201, 'HT Announcements', NULL, 200053, 10);
INSERT INTO `T_Type` VALUES (300202, 'Autres annonces', NULL, 200053, 10);
INSERT INTO `T_Type` VALUES (300203, 'Echange', NULL, 200054, 10);
INSERT INTO `T_Type` VALUES (300204, 'Dépôt et Retrait', NULL, 200054, 10);
INSERT INTO `T_Type` VALUES (300205, 'À propos de l\'indice HB10', NULL, 200054, 10);
INSERT INTO `T_Type` VALUES (300206, 'Huobi Token', NULL, 200054, 10);
INSERT INTO `T_Type` VALUES (300207, 'Guides', NULL, 200055, 10);
INSERT INTO `T_Type` VALUES (300208, 'Policy Statement', NULL, 200055, 10);
INSERT INTO `T_Type` VALUES (300209, 'Important Announcement', NULL, 200055, 10);
INSERT INTO `T_Type` VALUES (300210, 'Contract List', NULL, 200056, 10);
INSERT INTO `T_Type` VALUES (300211, 'Règle du championnat Huobi Chain Leader', NULL, 200057, 10);
INSERT INTO `T_Type` VALUES (300212, 'HT Anuncios', NULL, 200058, 11);
INSERT INTO `T_Type` VALUES (300213, 'Otros Anuncios', NULL, 200058, 11);
INSERT INTO `T_Type` VALUES (300214, 'EXCHANGE y MARGEN', NULL, 200059, 11);
INSERT INTO `T_Type` VALUES (300215, 'Depósito&Retiro', NULL, 200059, 11);
INSERT INTO `T_Type` VALUES (300216, 'VOTACIÓN PARA EL LISTADO DE NUEVOS TOKENS', NULL, 200059, 11);
INSERT INTO `T_Type` VALUES (300217, 'Sobre HB10', NULL, 200059, 11);
INSERT INTO `T_Type` VALUES (300218, 'REGISTRO y VERIFICACION', NULL, 200059, 11);
INSERT INTO `T_Type` VALUES (300219, 'HUOBI TOKEN', NULL, 200059, 11);
INSERT INTO `T_Type` VALUES (300220, 'Guides', NULL, 200060, 11);
INSERT INTO `T_Type` VALUES (300221, 'Policy Statement', NULL, 200060, 11);
INSERT INTO `T_Type` VALUES (300222, 'Important Announcement', NULL, 200060, 11);
INSERT INTO `T_Type` VALUES (300223, 'Lista de acuerdo', NULL, 200061, 11);
INSERT INTO `T_Type` VALUES (300224, 'Important Announcements', NULL, 200062, 12);
INSERT INTO `T_Type` VALUES (300225, 'Activity', NULL, 200062, 12);
INSERT INTO `T_Type` VALUES (300226, 'New Coin Listed', NULL, 200062, 12);
INSERT INTO `T_Type` VALUES (300227, 'HT Announcements', NULL, 200062, 12);
INSERT INTO `T_Type` VALUES (300228, 'Security', NULL, 200062, 12);
INSERT INTO `T_Type` VALUES (300229, 'API Announcements', NULL, 200062, 12);
INSERT INTO `T_Type` VALUES (300230, 'Others', NULL, 200062, 12);
INSERT INTO `T_Type` VALUES (300231, 'Getting Started', NULL, 200063, 12);
INSERT INTO `T_Type` VALUES (300232, 'Exchange', NULL, 200063, 12);
INSERT INTO `T_Type` VALUES (300233, 'Deposit and Withdraw', NULL, 200063, 12);
INSERT INTO `T_Type` VALUES (300234, 'Download Clients', NULL, 200063, 12);
INSERT INTO `T_Type` VALUES (300235, 'Security', NULL, 200063, 12);
INSERT INTO `T_Type` VALUES (300236, 'Others', NULL, 200063, 12);
INSERT INTO `T_Type` VALUES (300237, 'Account', NULL, 200063, 12);
INSERT INTO `T_Type` VALUES (300238, 'Huobi Token', NULL, 200063, 12);
INSERT INTO `T_Type` VALUES (300239, 'Announcements', NULL, 200064, 12);
INSERT INTO `T_Type` VALUES (300240, 'Beginners Guide', NULL, 200064, 12);
INSERT INTO `T_Type` VALUES (300241, 'Transaction', NULL, 200064, 12);
INSERT INTO `T_Type` VALUES (300242, 'Complaint', NULL, 200064, 12);
INSERT INTO `T_Type` VALUES (300243, 'Transaction', NULL, 200064, 12);
INSERT INTO `T_Type` VALUES (300244, 'OTC Desk', NULL, 200065, 12);
INSERT INTO `T_Type` VALUES (300245, 'Announcements', NULL, 200065, 12);
INSERT INTO `T_Type` VALUES (300246, 'Beginners Guide', NULL, 200065, 12);
INSERT INTO `T_Type` VALUES (300247, 'Transaction', NULL, 200065, 12);
INSERT INTO `T_Type` VALUES (300248, 'Complaint', NULL, 200065, 12);
INSERT INTO `T_Type` VALUES (300249, 'Advertisement', NULL, 200065, 12);
INSERT INTO `T_Type` VALUES (300250, 'Verified Merchant', NULL, 200065, 12);
INSERT INTO `T_Type` VALUES (300251, 'ID Verification', NULL, 200065, 12);
INSERT INTO `T_Type` VALUES (300252, 'Deposit/Withdraw/Transfer', NULL, 200065, 12);
INSERT INTO `T_Type` VALUES (300253, 'Guides', NULL, 200066, 12);
INSERT INTO `T_Type` VALUES (300254, 'Policy Statement', NULL, 200066, 12);
INSERT INTO `T_Type` VALUES (300255, 'Important Announcement', NULL, 200066, 12);
INSERT INTO `T_Type` VALUES (300256, 'API Announcement', NULL, 200066, 12);
INSERT INTO `T_Type` VALUES (300257, 'FAQ', NULL, 200066, 12);
INSERT INTO `T_Type` VALUES (300258, 'Announcement', NULL, 200066, 12);
INSERT INTO `T_Type` VALUES (300259, 'Contract Trading Tutorial', NULL, 200066, 12);
INSERT INTO `T_Type` VALUES (300260, 'Contract List', NULL, 200067, 12);
INSERT INTO `T_Type` VALUES (300261, 'Huobi Chain Leader Championship Rule', NULL, 200068, 12);
INSERT INTO `T_Type` VALUES (300262, 'Private', NULL, 200069, 12);
INSERT INTO `T_Type` VALUES (300263, 'HT Announcements', NULL, 200070, 13);
INSERT INTO `T_Type` VALUES (300264, 'Andere Bekanntmachungen', NULL, 200070, 13);
INSERT INTO `T_Type` VALUES (300265, 'Wie kann man handeln?', NULL, 200071, 13);
INSERT INTO `T_Type` VALUES (300266, 'Währungsein- und -auszahlung', NULL, 200071, 13);
INSERT INTO `T_Type` VALUES (300267, 'HADAX Abstimmen', NULL, 200071, 13);
INSERT INTO `T_Type` VALUES (300268, 'Über HB10-Index', NULL, 200071, 13);
INSERT INTO `T_Type` VALUES (300269, 'Registrieren und Verifizieren', NULL, 200071, 13);
INSERT INTO `T_Type` VALUES (300270, 'Huobi Token', NULL, 200071, 13);
INSERT INTO `T_Type` VALUES (300271, 'Guides', NULL, 200072, 13);
INSERT INTO `T_Type` VALUES (300272, 'Policy Statement', NULL, 200072, 13);
INSERT INTO `T_Type` VALUES (300273, 'Important Announcement', NULL, 200072, 13);
INSERT INTO `T_Type` VALUES (300274, 'Contract List', NULL, 200073, 13);
INSERT INTO `T_Type` VALUES (300275, 'Veranstaltungen', NULL, 200074, 13);
INSERT INTO `T_Type` VALUES (400001, 'PRO工单', NULL, NULL, NULL);
INSERT INTO `T_Type` VALUES (400002, 'OTC工单', NULL, NULL, NULL);
INSERT INTO `T_Type` VALUES (500001, 'HBG', 'PRO工单', 400001, NULL);
INSERT INTO `T_Type` VALUES (500002, 'OTC', 'PRO工单', 400001, NULL);
INSERT INTO `T_Type` VALUES (500003, 'HBDM', 'PRO工单', 400001, NULL);
INSERT INTO `T_Type` VALUES (600001, 'HBG-账户访问类问题', 'HBG', 500001, NULL);
INSERT INTO `T_Type` VALUES (600002, 'HBG-充提等资产问题', 'HBG', 500001, NULL);
INSERT INTO `T_Type` VALUES (600003, 'HBG-认证与信息变更问题', 'HBG', 500001, NULL);
INSERT INTO `T_Type` VALUES (600004, 'HBG-交易相关咨询', 'HBG', 500001, NULL);
INSERT INTO `T_Type` VALUES (600005, 'HBG-Houbi Prime', 'HBG', 500001, NULL);
INSERT INTO `T_Type` VALUES (600006, 'HBG-公告活动等咨询', 'HBG', 500001, NULL);
INSERT INTO `T_Type` VALUES (600007, 'HBG-火币矿池相关咨询', 'HBG', 500001, NULL);
INSERT INTO `T_Type` VALUES (600008, 'HBG-其他咨询', 'HBG', 500001, NULL);
INSERT INTO `T_Type` VALUES (600009, 'OTC-账户访问类问题', 'OTC', 500002, NULL);
INSERT INTO `T_Type` VALUES (600010, 'OTC-交易咨询或申述', 'OTC', 500002, NULL);
INSERT INTO `T_Type` VALUES (600011, 'OTC-认证类问题', 'OTC', 500002, NULL);
INSERT INTO `T_Type` VALUES (600012, 'OTC-账号信息变更问题', 'OTC', 500002, NULL);
INSERT INTO `T_Type` VALUES (600013, 'OTC-划转等资产问题', 'OTC', 500002, NULL);
INSERT INTO `T_Type` VALUES (600014, 'OTC-其他咨询', 'OTC', 500002, NULL);
INSERT INTO `T_Type` VALUES (600015, 'HBDM-账户访问类问题', 'HBDM', 500003, NULL);
INSERT INTO `T_Type` VALUES (600016, 'HBDM-交易相关咨询', 'HBDM', 500003, NULL);
INSERT INTO `T_Type` VALUES (600017, 'HBDM-建议及其他咨询', 'HBDM', 500003, NULL);
INSERT INTO `T_Type` VALUES (700001, '已开启', '工单状态', NULL, NULL);
INSERT INTO `T_Type` VALUES (700002, '正在等待您的回复', '工单状态', NULL, NULL);
INSERT INTO `T_Type` VALUES (700003, '已解决', '工单状态', NULL, NULL);

-- ----------------------------
-- Table structure for T_User
-- ----------------------------
DROP TABLE IF EXISTS `T_User`;
CREATE TABLE `T_User`  (
  `UserId` varchar(50) CHARACTER SET utf8 COLLATE utf8_general_ci NOT NULL COMMENT '主键',
  `Account` varchar(50) CHARACTER SET utf8 COLLATE utf8_general_ci NOT NULL COMMENT '账号',
  `Password` varchar(64) CHARACTER SET utf8 COLLATE utf8_general_ci NOT NULL COMMENT '密码',
  `Salt` varchar(50) CHARACTER SET utf8 COLLATE utf8_general_ci NOT NULL COMMENT '盐',
  `Super` bit(1) NOT NULL DEFAULT b'0' COMMENT '超级管理\r\n0否\r\n1是',
  `UserName` varchar(50) CHARACTER SET utf8 COLLATE utf8_general_ci NOT NULL COMMENT '用户名',
  `Photo` varchar(50) CHARACTER SET utf8 COLLATE utf8_general_ci NULL DEFAULT '1000011562032294099-8287' COMMENT '头像图片文件路径',
  `CreateTime` datetime(0) NOT NULL COMMENT '注册时间',
  PRIMARY KEY (`UserId`) USING BTREE,
  UNIQUE INDEX `Account`(`Account`) USING BTREE,
  INDEX `Photo`(`Photo`) USING BTREE,
  CONSTRAINT `T_User_ibfk_1` FOREIGN KEY (`Photo`) REFERENCES `T_Resource` (`ResourceId`) ON DELETE SET NULL ON UPDATE RESTRICT
) ENGINE = InnoDB CHARACTER SET = utf8 COLLATE = utf8_general_ci ROW_FORMAT = Compact;

-- ----------------------------
-- Records of T_User
-- ----------------------------
INSERT INTO `T_User` VALUES ('1561555767515', 'testUser', '01BA1BE0EBB55430739B5A94C6E63C340177D8376F54010F94AF90450141C757', '8f8ba8ff-427e-4709-885f-d10332b9b7ad', b'0', 'testUser', '1000011562032294099-8287', '2019-06-26 21:29:27');
INSERT INTO `T_User` VALUES ('1561561460091', 'testSuper', '50952B771E6F70FBBE5B09BC8691E3069B3C2FD7FF343977758A7E98FA066B40', '0cff551b-a75f-4415-bec8-81cf2b82186c', b'1', 'testSuper', '1000011562032294099-8287', '2019-06-26 23:04:20');
INSERT INTO `T_User` VALUES ('1561806305762', 'testSupers', '9F1F03B2644C13965C366A7194CCC55589EC7C519947F4A2DE3301CE885282CC', '611eea1a-eb1b-4cfe-bca6-fad87e00bb7f', b'1', 'testSupers', '1000011562032294099-8287', '2019-06-29 19:05:05');
INSERT INTO `T_User` VALUES ('1562065002068', '123457@qq.com', '60DB8A7DFA26D41CBCF8E7882E41DC432E719A416F6CD5CDAA177A6105AA7DF9', '02358b0a-a390-4a4a-b613-5abb2e8c5dbc', b'0', '默认用户', '1000011562032294099-8287', '2019-07-02 18:56:42');
INSERT INTO `T_User` VALUES ('1562065271965', '123458@qq.com', 'B438D8D0FD92D53008C170567FF057539BAF536B4A0B317EFC106D704E1CE824', '721383a1-8849-4162-a2d1-c98bc90a6933', b'0', '默认用户', '1000011562032294099-8287', '2019-07-02 19:01:11');
INSERT INTO `T_User` VALUES ('1562115036238', '123456@qq.com', '3B795B55B34AF28EDDAA16132C3EC14721473AED85ACE549AF040DDB07063B26', 'e2f91fb6-6f5f-4647-b214-ff42bdb4a30a', b'0', '用户1号', '1000011562032294099-8287', '2019-07-03 08:50:36');
INSERT INTO `T_User` VALUES ('1562119802391', 'hh@qq.com', '4838F2136942BF1A67F15FE4673C65CD27A97660B4050A8C569F73AA0647B2AD', '61c251db-cfe6-4b26-b14a-e7a867b91caf', b'0', 'wy', '1000011562032294099-8287', '2019-07-03 10:10:02');
INSERT INTO `T_User` VALUES ('1562120388010', 'wsx@qq.com', 'FBEAAD2E59E46472FD393A73B06FE3FF8F49EC54351A982E53FE8A73E8F0A24B', '321f7a9e-d2a0-4609-a9ee-c3a1d6f9139f', b'0', 'wsx', '1000011562032294099-8287', '2019-07-03 10:19:48');
INSERT INTO `T_User` VALUES ('1562203111925', 'test@163.com', 'AC4E8D08AFD9DBC4255740F5AD6FC8BBC37C2911E286E0D1E35A75A5FA0EEA9C', '1c616118-5d69-4d70-922c-479fcfc485e5', b'0', '测试', '1000011562032294099-8287', '2019-07-04 09:18:31');
INSERT INTO `T_User` VALUES ('1562203141390', 'testSuper@163.com', '9A30EFA6805279561B06C343F365ACA6C9F510B657882129E19B8B35F19CED12', '147f7150-63bf-48b4-adfe-0dc2f08517fa', b'1', '测试管理', '1000011562032294099-8287', '2019-07-04 09:19:01');
INSERT INTO `T_User` VALUES ('1562245922567', '1548468383@qq.com', '38811E88F69E5AADE7DF25DB55B5CC00751D30293BA32D9989CEE9C7C51F45E6', 'b73a62d2-7c26-46e3-9998-1c8e96f29059', b'0', 'syj', NULL, '2019-07-04 21:12:02');
INSERT INTO `T_User` VALUES ('1562246854741', 'wy@qq.com', '14BBB96A1674F8323A61E825B5AA8952DFE11D7B33D3291E4DD66D6A69B1F4D6', '2170c1f1-ba19-43dd-8894-2c436d4a7fff', b'0', 'wsx', NULL, '2019-07-04 21:27:34');

SET FOREIGN_KEY_CHECKS = 1;
